Time,Bitrate,Jitter,Datagrams,Delay
1731067770.3,20.5,0.769,0.0,2.55
1731067770.8,19.9,0.712,0.0,4.25
1731067771.3,19.8,0.786,0.0,2.41
1731067771.8,20.5,0.722,0.0,1.7
1731067772.3,19.8,0.663,0.0,1.38
1731067772.8,19.8,0.815,0.0,1.57
1731067773.3,19.8,0.753,0.0,7.46
1731067773.8,20.5,0.622,0.0,2.04
1731067774.3,19.8,1.081,0.0,2.38
1731067774.8,19.9,0.840,0.0,1.72
1731067775.3,19.8,0.730,0.0,2.27
1731067775.8,19.9,1.186,0.0,2.35
1731067776.3,20.5,1.148,0.0,1.8
1731067776.8,19.8,0.838,0.0,3.15
1731067777.3,19.8,0.959,0.0,1.84
1731067777.8,20.5,0.997,0.0,3.96
1731067778.3,19.8,0.953,0.0,2.03
1731067778.8,19.8,1.158,0.0,2.0
1731067779.3,19.8,1.341,0.0,2.26
1731067779.8,20.5,1.077,0.0,1.69
1731067780.3,19.8,1.215,0.0,2.35
1731067780.8,19.8,1.005,0.0,2.05
1731067781.3,19.8,0.766,0.0,1.74
1731067781.8,19.9,0.707,0.0,2.18
1731067782.3,20.5,0.849,0.0,5.42
1731067782.8,19.8,0.846,0.0,1.67
1731067783.3,19.8,0.755,0.0,2.27
1731067783.8,20.5,0.959,0.0,2.47
1731067784.3,19.9,0.893,0.0,2.22
1731067784.8,19.8,0.860,0.0,1.68
1731067785.3,19.9,1.016,0.0,2.35
1731067785.8,20.5,1.008,0.0,3.04
1731067786.3,19.8,1.013,0.0,1.71
1731067786.8,19.8,1.109,0.0,2.39
1731067787.3,19.8,1.186,0.0,1.83
1731067787.8,20.5,1.323,0.0,1.56
1731067788.3,19.8,1.216,0.0,3.26
1731067788.8,19.8,1.258,0.0,1.42
1731067789.3,19.9,0.959,0.0,1.31
1731067789.8,19.8,0.845,0.0,2.11
1731067790.3,20.5,0.639,0.0,1.82
1731067790.8,19.8,0.555,0.0,1.7
1731067791.3,19.8,0.764,0.0,1.69
1731067791.8,20.5,0.864,0.0,9.7
1731067792.3,19.9,0.598,0.0,2.15
1731067792.8,19.8,0.665,0.0,1.95
1731067793.3,19.8,0.732,0.0,2.21
1731067793.8,20.5,0.846,0.0,1.95
1731067794.3,19.8,0.732,0.0,1.6
1731067794.8,19.8,0.677,0.0,2.14
1731067795.3,19.8,0.710,0.0,1.63
1731067795.8,20.5,0.727,0.0,1.57
1731067796.3,19.8,0.796,0.0,6.42
1731067796.8,19.8,1.007,0.0,1.96
1731067797.3,19.8,0.916,0.0,2.08
1731067797.8,20.5,0.754,0.0,1.58
1731067798.3,19.9,0.738,0.0,2.14
1731067798.8,19.8,0.977,0.0,2.4
1731067799.3,19.8,0.934,0.0,1.71
1731067799.8,20.5,1.029,0.0,2.55
1731067800.3,19.8,0.956,0.0,2.36
1731067800.8,19.8,0.964,0.0,2.1
1731067801.3,19.9,1.174,0.0,2.14
1731067801.8,20.5,1.293,0.0,1.47
1731067802.3,19.9,1.069,0.0,1.39
1731067802.8,19.8,0.772,0.0,2.29
1731067803.3,19.8,0.954,0.0,1.85
1731067803.8,20.5,0.907,0.0,1.64
1731067804.3,19.9,0.764,0.0,1.94
1731067804.8,19.8,0.843,0.0,1.55
1731067805.3,19.8,0.946,0.0,1.68
1731067805.8,20.5,1.025,0.0,10.0
1731067806.3,19.8,0.958,0.0,1.97
1731067806.8,19.8,1.074,0.0,2.31
1731067807.3,19.8,1.155,0.0,1.66
1731067807.8,20.5,0.944,0.0,2.06
1731067808.3,19.8,1.280,0.0,2.49
1731067808.8,19.9,1.173,0.0,2.07
1731067809.3,19.8,1.186,0.0,2.98
1731067809.8,20.5,1.257,0.0,1.56
1731067810.3,19.8,1.418,0.0,7.46
1731067810.8,19.8,1.085,0.0,2.06
1731067811.3,19.9,0.803,0.0,1.73
1731067811.8,20.5,0.570,0.0,1.79
1731067812.3,19.8,0.666,0.0,2.12
1731067812.8,19.9,0.767,0.0,1.9
1731067813.3,19.8,0.612,0.0,2.44
1731067813.8,20.5,0.539,0.0,1.98
1731067814.3,19.8,0.955,0.0,2.35
1731067814.8,19.8,0.723,0.0,6.61
1731067815.3,19.9,0.619,0.0,1.68
1731067815.8,19.8,1.301,0.0,2.27
1731067816.3,20.5,0.925,0.0,1.37
1731067816.8,19.8,0.677,0.0,1.76
1731067817.3,19.8,0.717,0.0,2.13
1731067817.8,20.5,0.725,0.0,1.94
1731067818.3,19.8,0.729,0.0,2.29
1731067818.8,19.8,0.672,0.0,1.97
1731067819.3,19.8,1.018,0.0,4.09
1731067819.8,20.5,0.968,0.0,1.91
1731067820.3,19.8,0.905,0.0,1.79
1731067820.8,19.8,0.991,0.0,2.98
1731067821.3,19.8,1.264,0.0,1.61
1731067821.8,20.5,0.959,0.0,1.52
1731067822.3,19.8,1.070,0.0,2.19
1731067822.8,19.8,1.202,0.0,1.56
1731067823.3,19.8,1.081,0.0,1.51
1731067823.8,19.8,0.748,0.0,2.32
1731067824.3,20.5,0.864,0.0,10.1
1731067824.8,19.8,0.808,0.0,1.74
1731067825.3,19.8,1.241,0.0,2.42
1731067825.8,20.5,0.929,0.0,1.85
1731067826.3,19.8,0.766,0.0,2.43
1731067826.8,19.9,0.856,0.0,1.74
1731067827.3,19.8,1.035,0.0,2.16
1731067827.8,20.5,0.901,0.0,2.81
1731067828.3,19.8,1.014,0.0,1.7
1731067828.8,19.8,0.995,0.0,8.67
1731067829.3,19.8,1.209,0.0,2.22
1731067829.8,20.5,1.201,0.0,1.63
1731067830.3,19.8,1.217,0.0,2.95
1731067830.8,19.8,1.298,0.0,1.56
1731067831.3,19.8,1.261,0.0,1.91
1731067831.8,20.5,1.339,0.0,2.06
1731067832.3,19.2,0.578,0.0,1.77
1731067832.8,20.5,0.538,0.0,1.85
1731067833.3,19.8,0.539,0.0,3.23
1731067833.8,20.5,0.716,0.0,1.73
1731067834.3,19.8,0.751,0.0,2.09
1731067834.8,19.8,0.602,0.0,1.86
1731067835.3,19.8,0.924,0.0,2.53
1731067835.8,20.5,0.951,0.0,2.19
1731067836.3,19.8,0.863,0.0,1.63
1731067836.8,19.8,0.702,0.0,2.32
1731067837.3,19.8,0.911,0.0,2.88
1731067837.8,20.5,0.691,0.0,2.11
1731067838.3,19.9,0.674,0.0,9.52
1731067838.8,19.8,1.265,0.0,2.3
1731067839.3,19.8,1.059,0.0,2.5
1731067839.8,20.5,0.822,0.0,3.55
1731067840.3,19.9,1.125,0.0,1.59
1731067840.8,19.8,0.979,0.0,2.02
1731067841.3,19.8,0.880,0.0,2.21
1731067841.8,20.5,0.797,0.0,2.34
1731067842.3,19.8,1.179,0.0,2.43
1731067842.8,19.9,1.191,0.0,7.95
1731067843.3,19.8,1.230,0.0,2.43
1731067843.8,20.5,1.023,0.0,2.63
1731067844.3,19.8,1.558,0.0,1.9
1731067844.8,19.8,1.004,0.0,2.69
1731067845.3,19.8,0.717,0.0,2.13
1731067845.8,20.5,0.966,0.0,1.6
1731067846.3,19.8,0.708,0.0,2.38
1731067846.8,19.8,0.708,0.0,1.68
1731067847.3,19.8,0.769,0.0,3.32
1731067847.8,20.5,0.936,0.0,2.64
1731067848.3,19.8,0.875,0.0,1.54
1731067848.8,19.8,1.160,0.0,1.75
1731067849.3,19.8,1.024,0.0,2.62
1731067849.8,20.5,0.928,0.0,1.44
1731067850.3,19.8,1.003,0.0,2.56
1731067850.8,19.8,1.044,0.0,1.98
1731067851.3,19.8,1.107,0.0,1.73
1731067851.8,20.5,1.025,0.0,1.93
1731067852.3,19.8,1.153,0.0,8.73
1731067852.8,19.8,1.222,0.0,2.27
1731067853.3,19.8,0.926,0.0,2.27
1731067853.8,19.8,0.730,0.0,1.96
1731067854.3,20.5,0.482,0.0,2.32
1731067854.8,19.8,0.836,0.0,1.84
1731067855.3,19.9,1.075,0.0,1.8
1731067855.8,20.5,0.901,0.0,2.48
1731067856.3,19.8,0.606,0.0,2.02
1731067856.8,19.8,0.661,0.0,6.86
1731067857.3,19.9,0.988,0.0,2.55
1731067857.8,19.9,0.865,0.0,1.6
1731067858.3,20.5,0.705,0.0,2.26
1731067858.8,19.8,0.679,0.0,2.66
1731067859.3,19.8,0.789,0.0,1.41
1731067859.8,20.5,0.796,0.0,1.64
1731067860.3,19.9,0.816,0.0,1.92
1731067860.8,19.8,0.701,0.0,1.51
1731067861.3,19.8,0.820,0.0,5.77
1731067861.8,20.5,0.946,0.0,2.21
1731067862.3,19.8,0.834,0.0,1.82
1731067862.8,19.8,1.060,0.0,2.44
1731067863.3,19.8,0.992,0.0,2.07
1731067863.8,19.8,1.007,0.0,2.8
1731067864.3,20.5,0.907,0.0,2.7
1731067864.8,19.9,1.014,0.0,1.95
1731067865.3,19.8,1.305,0.0,2.57
1731067865.8,20.5,1.381,0.0,2.4
1731067866.3,19.8,1.091,0.0,9.57
1731067866.8,19.8,0.820,0.0,2.37
1731067867.3,19.8,0.837,0.0,2.37
1731067867.8,20.5,0.983,0.0,1.6
1731067868.3,19.9,0.762,0.0,3.2
1731067868.8,19.8,1.157,0.0,1.78
1731067869.3,19.8,0.874,0.0,1.56
1731067869.8,20.5,0.902,0.0,2.39
1731067870.3,19.8,0.983,0.0,1.73
1731067870.8,19.8,1.275,0.0,2.36
1731067871.3,19.8,1.738,0.0,2.43
1731067871.8,20.5,1.019,0.0,1.77
1731067872.3,19.8,1.292,0.0,1.62
1731067872.8,19.9,1.268,0.0,1.94
1731067873.3,19.9,1.137,0.0,1.87
1731067873.8,19.8,1.264,0.0,2.22
1731067874.3,20.5,1.195,0.0,2.16
1731067874.8,19.8,0.986,0.0,4.2
1731067875.3,19.8,0.465,0.0,4.58
1731067875.8,20.5,0.491,0.0,NA
1731067876.3,19.8,0.545,0.0,10.9
1731067876.8,19.8,0.599,0.0,2.03
1731067877.3,19.9,0.506,0.0,1.77
1731067877.8,20.5,0.668,0.0,2.92
1731067878.3,19.8,0.757,0.0,NA
1731067878.8,19.8,0.693,0.0,2.6
1731067879.3,19.8,0.594,0.0,1.94
1731067879.8,20.5,0.749,0.0,2.4
1731067880.3,19.8,0.670,0.0,2.04
1731067880.8,19.8,0.951,0.0,6.24
1731067881.3,19.8,0.834,0.0,2.35
1731067881.8,20.5,0.680,0.0,2.07
1731067882.3,19.8,0.783,0.0,1.45
1731067882.8,19.9,0.992,0.0,1.95
1731067883.3,19.8,1.096,0.0,1.67
1731067883.8,20.5,0.822,0.0,2.01
1731067884.3,19.8,1.126,0.0,1.47
1731067884.8,19.9,1.071,0.0,2.28
1731067885.3,19.8,1.147,0.0,4.7
1731067885.8,20.5,1.090,0.0,1.7
1731067886.3,19.9,1.225,0.0,2.18
1731067886.8,19.8,1.095,0.0,2.31
1731067887.3,19.8,1.069,0.0,1.67
1731067887.8,19.8,0.783,0.0,3.1
1731067888.3,20.5,0.733,0.0,1.55
1731067888.8,19.8,0.738,0.0,1.37
1731067889.3,19.8,1.100,0.0,2.2
1731067889.8,20.5,0.924,0.0,1.75
1731067890.3,19.8,0.972,0.0,6.82
1731067890.8,19.8,0.977,0.0,1.73
1731067891.3,19.8,0.875,0.0,1.92
1731067891.8,18.5,2.708,0.0,1.84
1731067892.3,17.3,4.417,0.20588235294117646,1.75
1731067892.8,19.8,1.766,0.0,2.12
1731067893.3,19.8,1.504,0.0,2.57
1731067893.8,20.5,1.187,0.0,1.81
1731067894.3,19.8,1.283,0.0,3.18
1731067894.8,19.9,1.535,0.0,8.03
1731067895.3,19.8,2.034,0.0,3.71
1731067895.8,20.5,1.350,0.0,2.1
1731067896.3,19.2,0.488,0.0,1.29
1731067896.8,20.5,1.040,0.0,1.58
1731067897.3,19.9,0.667,0.0,1.89
1731067897.8,20.5,0.506,0.0,1.46
1731067898.3,19.8,0.833,0.0,1.61
1731067898.8,19.8,0.814,0.0,2.03
1731067899.3,19.8,0.763,0.0,7.01
1731067899.8,20.5,0.756,0.0,2.31
1731067900.3,19.8,0.909,0.0,1.8
1731067900.8,19.9,0.951,0.0,2.53
1731067901.3,19.8,0.637,0.0,2.46
1731067901.8,20.5,0.841,0.0,1.96
1731067902.3,19.2,3.333,0.0,2.58
1731067902.8,19.8,4.092,0.03125,15.9
1731067903.3,19.8,1.557,0.0,2.37
1731067903.8,20.5,1.006,0.0,1.71
1731067904.3,19.8,1.051,0.0,5.74
1731067904.8,19.8,0.849,0.0,2.59
1731067905.3,19.8,1.118,0.0,1.49
1731067905.8,20.5,0.964,0.0,1.71
1731067906.3,19.8,0.982,0.0,1.99
1731067906.8,19.8,1.019,0.0,1.94
1731067907.3,19.8,1.259,0.0,2.1
1731067907.8,20.5,1.077,0.0,1.51
1731067908.3,19.8,1.252,0.0,2.08
1731067908.8,19.2,6.673,0.03225806451612903,16.5
1731067909.3,19.8,1.422,0.0,43.2
1731067909.8,19.8,1.071,0.0,2.37
1731067910.3,20.5,0.723,0.0,1.67
1731067910.8,19.8,0.948,0.0,3.3
1731067911.3,19.8,0.812,0.0,5.86
1731067911.8,20.5,0.957,0.0,3.08
1731067912.3,19.8,1.103,0.0,3.14
1731067912.8,19.8,1.109,0.0,2.25
1731067913.3,19.8,1.096,0.0,2.15
1731067913.8,20.5,1.027,0.0,1.99
1731067914.3,19.8,1.129,0.0,1.72
1731067914.8,19.9,1.093,0.0,1.97
1731067915.3,19.8,1.374,0.0,1.97
1731067915.8,20.5,1.232,0.0,1.41
1731067916.3,19.8,1.317,0.0,4.44
1731067916.8,19.8,1.526,0.0,1.62
1731067917.3,19.8,0.970,0.0,1.4
1731067917.8,19.9,0.591,0.0,2.34
1731067918.3,20.5,0.579,0.0,11.3
1731067918.8,19.8,0.783,0.0,1.65
1731067919.3,19.8,0.583,0.0,1.9
1731067919.8,20.5,0.956,0.0,4.27
1731067920.3,19.8,0.880,0.0,2.2
1731067920.8,19.8,0.621,0.0,2.05
1731067921.3,19.8,0.650,0.0,2.19
1731067921.8,20.5,0.862,0.0,1.57
1731067922.3,19.8,0.844,0.0,1.93
1731067922.8,19.8,0.643,0.0,13.7
1731067923.3,19.8,0.900,0.0,1.72
1731067923.8,19.9,1.002,0.0,1.88
1731067924.3,20.5,0.776,0.0,1.82
1731067924.8,19.8,0.945,0.0,2.89
1731067925.3,19.9,0.883,0.0,3.49
1731067925.8,20.5,0.898,0.0,2.21
1731067926.3,19.9,0.830,0.0,3.35
1731067926.8,19.8,0.996,0.0,2.17
1731067927.3,19.8,1.122,0.0,6.5
1731067927.8,20.5,0.912,0.0,2.44
1731067928.3,19.9,1.001,0.0,1.59
1731067928.8,19.8,1.101,0.0,1.38
1731067929.3,19.8,1.316,0.0,1.85
1731067929.8,20.5,1.042,0.0,1.61
1731067930.3,19.8,0.969,0.0,1.48
1731067930.8,19.9,0.707,0.0,1.79
1731067931.3,19.8,0.845,0.0,1.84
1731067931.8,20.5,0.879,0.0,2.5
1731067932.3,19.8,0.850,0.0,2.15
1731067932.8,19.8,0.820,0.0,1.59
1731067933.3,19.8,1.003,0.0,2.11
1731067933.8,20.5,1.164,0.0,1.95
1731067934.3,19.8,0.981,0.0,2.14
1731067934.8,19.8,0.962,0.0,2.03
1731067935.3,19.8,1.229,0.0,1.58
1731067935.8,20.5,1.059,0.0,2.75
1731067936.3,19.9,1.423,0.0,1.51
1731067936.8,19.8,1.225,0.0,9.69
1731067937.3,19.8,1.160,0.0,2.59
1731067937.8,20.5,1.402,0.0,1.45
1731067938.3,19.8,1.198,0.0,1.6
1731067938.8,19.8,0.901,0.0,2.4
1731067939.3,19.9,0.521,0.0,1.55
1731067939.8,20.5,0.673,0.0,1.38
1731067940.3,19.8,0.687,0.0,1.96
1731067940.8,19.8,0.895,0.0,1.69
1731067941.3,19.8,0.908,0.0,7.18
1731067941.8,20.5,0.843,0.0,2.0
1731067942.3,19.9,0.816,0.0,2.12
1731067942.8,19.8,1.462,0.0,2.0
1731067943.3,19.8,0.781,0.0,1.37
1731067943.8,19.8,0.651,0.0,1.91
1731067944.3,20.5,0.729,0.0,1.38
1731067944.8,19.8,0.894,0.0,3.87
1731067945.3,19.8,0.966,0.0,2.54
1731067945.8,20.5,1.081,0.0,4.97
1731067946.3,19.8,0.741,0.0,1.72
1731067946.8,19.8,0.775,0.0,1.89
1731067947.3,19.8,1.013,0.0,2.04
1731067947.8,20.5,0.891,0.0,2.78
1731067948.3,19.8,1.017,0.0,1.66
1731067948.8,19.8,1.066,0.0,2.35
1731067949.3,19.8,0.911,0.0,2.63
1731067949.8,20.5,0.964,0.0,1.6
1731067950.3,19.8,1.294,0.0,2.3
1731067950.8,19.8,0.979,0.0,10.4
1731067951.3,19.8,0.879,0.0,1.84
1731067951.8,19.8,0.826,0.0,2.57
1731067952.3,20.5,0.764,0.0,2.01
1731067952.8,19.8,0.768,0.0,1.56
1731067953.3,19.8,0.887,0.0,1.88
1731067953.8,19.8,1.063,0.0,1.75
1731067954.3,20.5,0.900,0.0,1.63
1731067954.8,19.8,1.573,0.0,2.6
1731067955.3,19.7,1.202,0.0,7.87
1731067955.8,20.0,1.113,0.0,1.89
1731067956.3,20.5,0.904,0.0,2.21
1731067956.8,19.8,1.103,0.0,1.89
1731067957.3,19.8,1.086,0.0,2.91
1731067957.8,19.9,1.312,0.0,1.73
1731067958.3,20.5,1.192,0.0,3.64
1731067958.8,19.8,1.412,0.0,2.26
1731067959.3,19.8,1.399,0.0,1.87
1731067959.8,20.5,1.178,0.0,4.7
1731067960.3,19.2,0.598,0.0,2.17
1731067960.8,20.5,0.669,0.0,1.78
1731067961.3,19.8,0.699,0.0,2.53
1731067961.8,20.5,0.931,0.0,2.13
1731067962.3,19.8,0.794,0.0,2.36
1731067962.8,19.8,0.886,0.0,2.98
1731067963.3,19.8,0.906,0.0,2.96
1731067963.8,20.5,0.850,0.0,3.03
1731067964.3,19.8,0.711,0.0,1.53
1731067964.8,19.9,0.788,0.0,2.08
1731067965.3,19.8,0.691,0.0,2.35
1731067965.8,20.5,0.976,0.0,1.8
1731067966.3,19.8,0.804,0.0,2.15
1731067966.8,19.8,0.836,0.0,2.34
1731067967.3,19.8,0.969,0.0,1.77
1731067967.8,20.5,0.789,0.0,3.28
1731067968.3,19.8,0.840,0.0,1.64
1731067968.8,19.9,0.910,0.0,1.41
1731067969.3,19.8,0.910,0.0,9.33
1731067969.8,19.8,0.967,0.0,1.5
1731067970.3,20.5,1.216,0.0,1.4
1731067970.8,19.8,1.073,0.0,1.7
1731067971.3,19.8,1.010,0.0,3.78
1731067971.8,19.9,1.024,0.0,3.1
1731067972.3,20.5,1.164,0.0,5.5
1731067972.8,19.8,0.935,0.0,2.16
1731067973.3,19.9,0.874,0.0,2.18
1731067973.8,20.5,0.803,0.0,4.59
1731067974.3,19.8,0.866,0.0,2.61
1731067974.8,19.8,0.810,0.0,2.02
1731067975.3,19.9,0.917,0.0,1.56
1731067975.8,20.5,0.968,0.0,2.56
1731067976.3,19.8,0.928,0.0,1.65
1731067976.8,19.8,0.883,0.0,1.36
1731067977.3,19.8,0.998,0.0,2.61
1731067977.8,20.5,1.199,0.0,1.49
1731067978.3,19.8,1.280,0.0,3.48
1731067978.8,19.8,1.357,0.0,1.75
1731067979.3,19.8,1.106,0.0,1.59
1731067979.8,20.5,1.289,0.0,1.91
1731067980.3,19.8,1.215,0.0,1.57
1731067980.8,19.8,1.456,0.0,2.78
1731067981.3,19.8,1.034,0.0,2.24
1731067981.8,19.8,0.585,0.0,2.03
1731067982.3,20.5,0.586,0.0,2.34
1731067982.8,19.8,0.870,0.0,2.54
1731067983.3,19.9,0.702,0.0,11.2
1731067983.8,20.5,0.723,0.0,2.37
1731067984.3,19.8,0.613,0.0,1.54
1731067984.8,19.8,0.883,0.0,1.73
1731067985.3,19.8,0.769,0.0,2.16
1731067985.8,20.4,0.748,0.0,1.59
1731067986.3,19.9,0.892,0.0,1.6
1731067986.8,19.8,1.042,0.0,2.03
1731067987.3,19.8,0.793,0.0,1.78
1731067987.8,20.5,0.794,0.0,5.4
1731067988.3,19.8,0.875,0.0,3.93
1731067988.8,19.8,0.761,0.0,2.3
1731067989.3,19.8,0.979,0.0,1.76
1731067989.8,20.5,0.800,0.0,1.61
1731067990.3,19.8,0.778,0.0,2.41
1731067990.8,19.8,0.821,0.0,2.04
1731067991.3,19.9,0.955,0.0,1.57
1731067991.8,20.5,1.080,0.0,1.96
1731067992.3,19.8,1.053,0.0,7.57
1731067992.8,19.8,0.950,0.0,1.61
1731067993.3,19.8,1.252,0.0,2.39
1731067993.8,19.9,1.013,0.0,1.57
1731067994.3,20.5,1.064,0.0,1.51
1731067994.8,19.8,0.850,0.0,2.39
1731067995.3,19.8,0.804,0.0,1.95
1731067995.8,20.5,1.019,0.0,2.12
1731067996.3,19.8,0.860,0.0,1.64
1731067996.8,19.8,0.855,0.0,2.08
1731067997.3,19.8,0.962,0.0,8.72
1731067997.8,19.8,0.924,0.0,1.78
1731067998.3,20.5,1.044,0.0,3.93
1731067998.8,19.8,0.960,0.0,2.18
1731067999.3,19.8,1.083,0.0,2.68
1731067999.8,20.5,1.284,0.0,2.14
1731068000.3,19.8,1.035,0.0,1.78
1731068000.8,19.8,1.211,0.0,2.18
1731068001.3,19.9,1.281,0.0,2.38
1731068001.8,20.5,1.481,0.0,8.11
1731068002.3,19.9,1.359,0.0,2.58
1731068002.8,19.8,1.073,0.0,2.83
1731068003.3,19.8,0.754,0.0,1.83
1731068003.8,20.5,0.615,0.0,1.84
1731068004.3,19.8,0.662,0.0,2.7
1731068004.8,19.9,0.862,0.0,1.94
1731068005.3,19.8,0.721,0.0,2.94
1731068005.8,20.5,0.900,0.0,6.34
1731068006.3,19.8,1.072,0.0,4.23
1731068006.8,19.9,0.645,0.0,9.15
1731068007.3,19.8,0.925,0.0,3.74
1731068007.8,19.8,0.904,0.0,5.38
1731068008.3,20.5,0.605,0.0,2.08
1731068008.8,19.8,0.713,0.0,1.5
1731068009.3,19.8,0.684,0.0,2.12
1731068009.8,20.5,0.759,0.0,1.67
1731068010.3,19.8,0.873,0.0,1.52
1731068010.8,19.8,0.857,0.0,2.28
1731068011.3,19.8,0.888,0.0,9.63
1731068011.8,20.5,0.874,0.0,1.73
1731068012.3,19.9,0.827,0.0,2.01
1731068012.8,19.8,0.852,0.0,2.26
1731068013.3,19.9,0.926,0.0,2.24
1731068013.8,20.5,1.006,0.0,3.22
1731068014.3,19.8,1.004,0.0,5.0
1731068014.8,19.8,1.091,0.0,5.99
1731068015.3,19.8,1.141,0.0,2.91
1731068015.8,19.8,0.899,0.0,15.8
1731068016.3,20.5,0.741,0.0,1.91
1731068016.8,19.8,0.675,0.0,1.98
1731068017.3,19.9,0.820,0.0,1.53
1731068017.8,20.4,0.800,0.0,2.21
1731068018.3,19.9,1.064,0.0,2.43
1731068018.8,19.8,1.083,0.0,1.66
1731068019.3,19.8,1.015,0.0,3.02
1731068019.8,19.8,1.162,0.0,1.49
1731068020.3,20.5,0.977,0.0,6.78
1731068020.8,19.8,1.177,0.0,2.13
1731068021.3,19.8,1.427,0.0,1.54
1731068021.8,19.9,1.539,0.0,1.58
1731068022.3,20.5,1.371,0.0,1.97
1731068022.8,19.8,1.454,0.0,1.67
1731068023.3,19.8,1.349,0.0,1.84
1731068023.8,20.5,1.655,0.0,1.54
1731068024.3,19.2,0.941,0.0,1.88
1731068024.8,20.5,0.647,0.0,3.79
1731068025.3,19.8,0.978,0.0,1.51
1731068025.8,20.5,0.534,0.0,1.79
1731068026.3,19.8,0.592,0.0,2.26
1731068026.8,19.8,0.601,0.0,1.69
1731068027.3,19.8,0.750,0.0,1.96
1731068027.8,20.5,0.727,0.0,2.39
1731068028.3,19.8,0.703,0.0,1.62
1731068028.8,19.8,0.772,0.0,2.6
1731068029.3,19.8,0.669,0.0,4.23
1731068029.8,19.9,0.862,0.0,8.49
1731068030.3,20.5,0.649,0.0,2.59
1731068030.8,19.8,0.909,0.0,2.18
1731068031.3,19.8,0.801,0.0,1.55
1731068031.8,20.5,0.732,0.0,1.96
1731068032.3,19.8,0.795,0.0,1.55
1731068032.8,19.8,0.910,0.0,1.94
1731068033.3,19.8,0.952,0.0,1.63
1731068033.8,20.5,0.941,0.0,1.99
1731068034.3,19.8,1.282,0.0,7.0
1731068034.8,19.9,1.085,0.0,1.76
1731068035.3,19.8,1.166,0.0,2.69
1731068035.8,20.5,1.214,0.0,2.58
1731068036.3,19.9,1.347,0.0,1.92
1731068036.8,19.8,1.119,0.0,2.37
1731068037.3,19.8,0.713,0.0,1.3
1731068037.8,20.5,0.660,0.0,1.54
1731068038.3,19.8,0.915,0.0,2.46
1731068038.8,19.8,0.780,0.0,4.97
1731068039.3,19.8,1.101,0.0,2.26
1731068039.8,12.2,10.713,0.17391304347826086,1.77
1731068040.3,25.6,3.107,0.0,1.77
1731068040.8,19.8,1.266,0.0,1.96
1731068041.3,19.8,1.217,0.0,1.91
1731068041.8,20.5,1.179,0.0,2.19
1731068042.3,19.8,1.179,0.0,2.37
1731068042.8,19.8,1.168,0.0,1.56
1731068043.3,19.8,1.190,0.0,2.35
1731068043.8,20.5,1.567,0.0,1.63
1731068044.3,19.8,1.200,0.0,1.44
1731068044.8,19.8,1.428,0.0,2.29
1731068045.3,19.8,1.043,0.0,1.42
1731068045.8,19.8,0.805,0.0,2.26
1731068046.3,20.5,0.657,0.0,1.45
1731068046.8,19.8,0.629,0.0,1.92
1731068047.3,19.8,0.941,0.0,3.0
1731068047.8,20.5,1.047,0.0,2.0
1731068048.3,19.9,0.604,0.0,12.4
1731068048.8,19.8,0.634,0.0,3.21
1731068049.3,19.8,0.642,0.0,1.95
1731068049.8,20.5,0.707,0.0,3.83
1731068050.3,19.8,0.683,0.0,2.1
1731068050.8,19.8,0.683,0.0,1.56
1731068051.3,19.8,0.700,0.0,2.22
1731068051.8,19.9,0.808,0.0,1.61
1731068052.3,20.5,1.204,0.0,1.49
1731068052.8,19.8,0.910,0.0,6.08
1731068053.3,19.8,0.817,0.0,1.89
1731068053.8,20.5,0.821,0.0,1.86
1731068054.3,19.8,0.893,0.0,1.75
1731068054.8,19.8,0.881,0.0,1.8
1731068055.3,19.8,0.845,0.0,1.88
1731068055.8,20.5,1.176,0.0,1.54
1731068056.3,19.8,1.248,0.0,3.53
1731068056.8,19.8,1.197,0.0,3.21
1731068057.3,19.8,1.256,0.0,3.14
1731068057.8,20.5,1.205,0.0,2.37
1731068058.3,19.8,0.855,0.0,2.06
1731068058.8,19.8,0.605,0.0,1.72
1731068059.3,19.8,0.983,0.0,2.69
1731068059.8,20.5,0.851,0.0,2.02
1731068060.3,19.8,0.729,0.0,1.63
1731068060.8,19.8,1.066,0.0,2.19
1731068061.3,19.8,0.962,0.0,1.48
1731068061.8,20.5,0.874,0.0,1.54
1731068062.3,19.8,1.223,0.0,10.4
1731068062.8,19.9,1.226,0.0,1.91
1731068063.3,19.8,1.262,0.0,1.97
1731068063.8,20.5,0.990,0.0,1.9
1731068064.3,19.8,1.243,0.0,2.39
1731068064.8,19.9,1.035,0.0,2.11
1731068065.3,19.8,1.286,0.0,1.6
1731068065.8,20.5,1.418,0.0,2.19
1731068066.3,19.8,1.556,0.0,1.53
1731068066.8,19.8,0.928,0.0,7.09
1731068067.3,19.9,0.763,0.0,1.86
1731068067.8,19.8,0.622,0.0,1.56
1731068068.3,20.5,0.983,0.0,1.84
1731068068.8,19.8,0.706,0.0,2.07
1731068069.3,19.8,0.596,0.0,2.29
1731068069.8,19.8,0.875,0.0,2.89
1731068070.3,20.5,0.679,0.0,1.83
1731068070.8,19.8,0.621,0.0,2.21
1731068071.3,19.8,0.562,0.0,5.19
1731068071.8,20.5,1.012,0.0,1.86
1731068072.3,19.8,0.633,0.0,2.72
1731068072.8,19.8,0.735,0.0,1.96
1731068073.3,19.8,0.955,0.0,1.82
1731068073.8,20.5,0.738,0.0,2.34
1731068074.3,19.8,0.686,0.0,1.9
1731068074.8,19.8,0.775,0.0,1.78
1731068075.3,19.8,0.891,0.0,1.95
1731068075.8,20.5,1.019,0.0,1.85
1731068076.3,19.8,0.875,0.0,1.64
1731068076.8,19.8,1.014,0.0,1.87
1731068077.3,19.8,1.085,0.0,2.0
1731068077.8,20.5,1.296,0.0,3.01
1731068078.3,19.8,1.293,0.0,1.66
1731068078.8,19.8,1.207,0.0,2.73
1731068079.3,19.8,0.865,0.0,3.26
1731068079.8,19.8,0.958,0.0,1.79
1731068080.3,20.5,0.795,0.0,3.4
1731068080.8,19.8,0.733,0.0,10.0
1731068081.3,19.9,1.096,0.0,1.57
1731068081.8,19.8,0.973,0.0,2.19
1731068082.3,20.5,1.036,0.0,1.59
1731068082.8,19.8,0.845,0.0,1.77
1731068083.3,19.8,1.107,0.0,1.85
1731068083.8,20.5,0.885,0.0,1.62
1731068084.3,19.8,1.042,0.0,1.73
1731068084.8,19.8,1.084,0.0,1.72
1731068085.3,19.8,1.265,0.0,4.61
1731068085.8,20.5,1.269,0.0,1.57
1731068086.3,19.8,1.094,0.0,2.13
1731068086.8,19.8,1.263,0.0,1.92
1731068087.3,19.9,1.220,0.0,2.53
1731068087.8,19.8,1.044,0.0,1.68
1731068088.3,19.8,0.669,0.0,2.18
1731068088.8,20.5,0.659,0.0,1.98
1731068089.3,19.8,0.624,0.0,1.64
1731068089.8,20.5,0.643,0.0,2.9
1731068090.3,19.8,0.789,0.0,8.7
1731068090.8,19.8,0.682,0.0,1.66
1731068091.3,19.8,0.935,0.0,2.41
1731068091.8,20.5,0.628,0.0,2.48
1731068092.3,19.8,0.580,0.0,1.47
1731068092.8,19.8,0.582,0.0,2.41
1731068093.3,19.8,0.700,0.0,1.67
1731068093.8,20.5,0.712,0.0,1.44
1731068094.3,19.8,0.605,0.0,2.53
1731068094.8,19.8,0.745,0.0,7.4
1731068095.3,19.8,0.885,0.0,1.54
1731068095.8,20.5,0.764,0.0,2.3
1731068096.3,19.8,1.015,0.0,1.88
1731068096.8,19.8,0.976,0.0,3.47
1731068097.3,19.8,0.886,0.0,2.45
1731068097.8,20.5,0.966,0.0,3.3
1731068098.3,19.8,1.025,0.0,4.23
1731068098.8,19.8,1.011,0.0,2.96
1731068099.3,19.8,1.498,0.0,6.65
1731068099.8,20.5,1.200,0.0,3.33
1731068100.3,19.8,1.102,0.0,4.29
1731068100.8,19.9,1.187,0.0,7.51
1731068101.3,19.8,0.837,0.0,6.0
1731068101.8,19.8,0.786,0.0,4.29
1731068102.3,20.5,0.822,0.0,2.07
1731068102.8,19.8,1.029,0.0,2.51
1731068103.3,19.8,0.876,0.0,3.16
1731068103.8,20.5,1.104,0.0,3.72
1731068104.3,19.8,0.874,0.0,8.11
1731068104.8,19.9,0.931,0.0,4.11
1731068105.3,19.8,1.047,0.0,2.71
1731068105.8,20.5,1.252,0.0,3.99
1731068106.3,19.8,1.294,0.0,2.25
1731068106.8,19.8,1.023,0.0,2.6
1731068107.3,19.8,1.350,0.0,1.63
1731068107.8,19.8,1.155,0.0,2.85
1731068108.3,20.5,1.116,0.0,3.41
1731068108.8,17.9,4.678,0.0967741935483871,NA
1731068109.3,19.8,1.423,0.0,3.36
1731068109.8,19.8,0.636,0.0,4.08
1731068110.3,20.5,0.858,0.0,3.03
1731068110.8,19.8,0.792,0.0,4.63
1731068111.3,19.8,0.564,0.0,4.66
1731068111.8,20.5,0.609,0.0,3.04
1731068112.3,19.8,0.584,0.0,2.28
1731068112.8,19.8,0.732,0.0,1.39
1731068113.3,19.9,0.642,0.0,9.22
1731068113.8,19.8,0.682,0.0,2.08
1731068114.3,20.5,0.880,0.0,1.84
1731068114.8,19.8,0.846,0.0,2.14
1731068115.3,19.8,0.801,0.0,1.98
1731068115.8,20.5,0.645,0.0,2.33
1731068116.3,19.8,0.913,0.0,2.31
1731068116.8,19.9,0.715,0.0,2.68
1731068117.3,19.8,0.724,0.0,2.42
1731068117.8,19.9,0.864,0.0,5.98
1731068118.3,20.5,1.147,0.0,1.86
1731068118.8,19.8,0.919,0.0,2.52
1731068119.3,19.8,0.926,0.0,2.07
1731068119.8,20.5,1.128,0.0,1.51
1731068120.3,19.8,1.094,0.0,2.34
1731068120.8,19.8,1.246,0.0,1.54
1731068121.3,19.8,1.449,0.0,1.67
1731068121.8,20.5,1.169,0.0,1.82
1731068122.3,19.9,0.912,0.0,1.76
1731068122.8,19.8,0.928,0.0,8.42
1731068123.3,19.8,0.687,0.0,2.0
1731068123.8,20.5,0.702,0.0,1.72
1731068124.3,19.8,0.868,0.0,2.2
1731068124.8,19.8,1.118,0.0,1.63
1731068125.3,19.8,0.849,0.0,4.52
1731068125.8,20.5,0.941,0.0,4.33
1731068126.3,19.8,0.862,0.0,2.95
1731068126.8,19.8,0.991,0.0,2.35
1731068127.3,19.8,1.354,0.0,7.15
1731068127.8,20.5,1.069,0.0,1.56
1731068128.3,19.8,1.118,0.0,2.45
1731068128.8,19.8,1.253,0.0,1.31
1731068129.3,19.8,1.398,0.0,1.56
1731068129.8,19.8,1.379,0.0,3.46
1731068130.3,20.5,1.212,0.0,2.37
1731068130.8,19.8,0.960,0.0,2.83
1731068131.3,19.8,0.712,0.0,2.86
1731068131.8,20.5,0.569,0.0,NA
1731068132.3,19.8,0.647,0.0,7.41
1731068132.8,19.8,0.545,0.0,2.77
1731068133.3,19.8,0.588,0.0,3.48
1731068133.8,19.9,0.606,0.0,2.67
1731068134.3,20.5,0.591,0.0,2.91
1731068134.8,19.8,0.681,0.0,1.94
1731068135.3,19.8,0.773,0.0,2.26
1731068135.8,20.5,0.766,0.0,2.46
1731068136.3,19.8,0.907,0.0,1.4
1731068136.8,19.8,0.916,0.0,2.3
1731068137.3,19.8,0.785,0.0,1.64
1731068137.8,20.5,0.665,0.0,1.53
1731068138.3,19.8,0.869,0.0,2.5
1731068138.8,19.9,1.050,0.0,1.52
1731068139.3,19.8,0.847,0.0,1.58
1731068139.8,20.5,0.749,0.0,2.49
1731068140.3,19.8,1.109,0.0,1.71
1731068140.8,19.8,0.962,0.0,1.96
1731068141.3,19.8,1.197,0.0,1.95
1731068141.8,20.5,0.990,0.0,11.5
1731068142.3,19.8,1.134,0.0,2.2
1731068142.8,19.8,1.343,0.0,1.57
1731068143.3,19.8,0.855,0.0,2.41
1731068143.8,19.8,0.753,0.0,4.58
1731068144.3,20.5,0.941,0.0,4.15
1731068144.8,19.8,0.702,0.0,4.79
1731068145.3,19.8,0.748,0.0,4.18
1731068145.8,20.5,1.242,0.0,1.54
1731068146.3,19.8,1.306,0.0,5.94
1731068146.8,19.8,0.948,0.0,1.51
1731068147.3,19.8,0.868,0.0,1.85
1731068147.8,19.8,0.919,0.0,2.61
1731068148.3,20.5,1.253,0.0,1.6
1731068148.8,19.8,1.000,0.0,1.6
1731068149.3,19.8,1.326,0.0,2.2
1731068149.8,19.8,1.301,0.0,1.9
1731068150.3,20.5,1.318,0.0,2.35
1731068150.8,19.8,1.247,0.0,1.95
1731068151.3,19.8,1.191,0.0,5.03
1731068151.8,20.5,1.481,0.0,1.67
1731068152.3,19.2,0.561,0.0,1.46
1731068152.8,20.5,0.530,0.0,1.7
1731068153.3,19.8,1.233,0.0,1.67
1731068153.8,20.5,1.048,0.0,1.48
1731068154.3,19.9,0.535,0.0,1.99
1731068154.8,19.8,0.587,0.0,1.96
1731068155.3,19.9,1.194,0.0,3.41
1731068155.8,20.5,0.759,0.0,13.8
1731068156.3,19.8,0.590,0.0,2.14
1731068156.8,19.8,0.770,0.0,2.03
1731068157.3,19.8,0.748,0.0,1.89
1731068157.8,20.5,0.717,0.0,2.19
1731068158.3,19.9,0.913,0.0,1.53
1731068158.8,19.8,0.887,0.0,1.43
1731068159.3,19.8,0.668,0.0,2.25
1731068159.8,20.5,0.947,0.0,1.96
1731068160.3,19.8,1.800,0.0,13.0
1731068160.8,19.8,1.025,0.0,1.57
1731068161.3,19.8,0.848,0.0,2.16
1731068161.8,19.9,1.147,0.0,2.33
1731068162.3,20.5,1.014,0.0,1.5
1731068162.8,19.8,0.957,0.0,3.36
1731068163.3,19.9,1.168,0.0,1.94
1731068163.8,20.5,1.140,0.0,1.59
1731068164.3,19.9,1.716,0.0,1.95
1731068164.8,19.8,1.106,0.0,9.36
1731068165.3,19.8,0.723,0.0,2.04
1731068165.8,20.5,1.060,0.0,1.61
1731068166.3,19.8,0.826,0.0,3.04
1731068166.8,19.9,0.787,0.0,2.97
1731068167.3,19.8,0.946,0.0,1.74
1731068167.8,19.9,1.229,0.0,3.36
1731068168.3,20.5,0.898,0.0,1.73
1731068168.8,19.8,1.056,0.0,2.4
1731068169.3,19.8,0.960,0.0,9.23
1731068169.8,20.5,1.001,0.0,1.5
1731068170.3,19.8,0.991,0.0,1.56
1731068170.8,19.8,1.404,0.0,2.05
1731068171.3,19.9,1.345,0.0,1.84
1731068171.8,20.5,1.138,0.0,1.66
1731068172.3,19.8,1.190,0.0,1.68
1731068172.8,19.8,1.429,0.0,2.03
1731068173.3,19.9,1.066,0.0,2.95
1731068173.8,19.8,0.669,0.0,1.89
1731068174.3,20.5,0.570,0.0,2.43
1731068174.8,19.9,0.757,0.0,4.0
1731068175.3,19.8,0.766,0.0,2.4
1731068175.8,20.5,1.054,0.0,3.86
1731068176.3,19.9,0.748,0.0,3.47
1731068176.8,19.8,0.536,0.0,1.64
1731068177.3,19.8,0.827,0.0,2.74
1731068177.8,19.8,0.867,0.0,2.76
1731068178.3,20.5,0.780,0.0,1.91
1731068178.8,19.8,0.651,0.0,13.3
1731068179.3,19.8,0.758,0.0,2.07
1731068179.8,20.5,0.698,0.0,3.02
1731068180.3,19.8,0.813,0.0,1.94
1731068180.8,19.8,0.982,0.0,4.25
1731068181.3,19.8,0.859,0.0,4.09
1731068181.8,20.5,0.792,0.0,2.52
1731068182.3,19.9,0.865,0.0,2.83
1731068182.8,19.8,1.237,0.0,1.76
1731068183.3,19.9,1.021,0.0,7.35
1731068183.8,20.5,1.220,0.0,2.16
1731068184.3,19.9,0.961,0.0,1.63
1731068184.8,19.8,0.956,0.0,2.37
1731068185.3,19.8,1.280,0.0,1.46
1731068185.8,20.5,1.202,0.0,2.41
1731068186.3,19.8,0.921,0.0,2.34
1731068186.8,19.8,0.872,0.0,1.8
1731068187.3,19.9,0.837,0.0,2.3
1731068187.8,20.5,0.821,0.0,5.38
1731068188.3,19.8,0.729,0.0,1.76
1731068188.8,19.9,0.952,0.0,2.56
1731068189.3,19.8,0.906,0.0,2.05
1731068189.8,20.5,1.002,0.0,1.38
1731068190.3,19.8,1.086,0.0,2.31
1731068190.8,19.8,1.093,0.0,1.45
1731068191.3,19.8,0.975,0.0,1.59
1731068191.8,20.5,1.092,0.0,2.17
1731068192.3,19.8,1.034,0.0,3.0
1731068192.8,19.8,1.088,0.0,2.95
1731068193.3,19.8,1.240,0.0,1.71
1731068193.8,20.5,1.299,0.0,2.49
1731068194.3,19.8,1.217,0.0,2.19
1731068194.8,19.8,0.973,0.0,1.74
1731068195.3,19.8,0.489,0.0,2.52
1731068195.8,20.5,0.649,0.0,2.36
1731068196.3,19.9,0.701,0.0,1.58
1731068196.8,19.8,0.803,0.0,2.26
1731068197.3,19.8,0.650,0.0,7.58
1731068197.8,20.5,0.766,0.0,1.41
1731068198.3,19.8,0.723,0.0,1.99
1731068198.8,19.8,0.846,0.0,1.77
1731068199.3,19.8,0.721,0.0,1.51
1731068199.8,20.5,0.708,0.0,1.85
1731068200.3,19.8,0.652,0.0,1.78
1731068200.8,19.8,0.762,0.0,1.57
1731068201.3,19.9,0.736,0.0,2.14
1731068201.8,20.5,0.875,0.0,9.76
1731068202.3,19.8,0.864,0.0,3.02
1731068202.8,19.8,0.808,0.0,2.35
1731068203.3,19.8,0.910,0.0,3.21
1731068203.8,20.5,1.073,0.0,2.01
1731068204.3,14.0,1.593,0.0,1.53
1731068204.8,20.0,5.168,0.225,4.95
1731068205.3,19.8,1.524,0.0,1.97
1731068205.8,20.5,1.158,0.0,1.44
1731068206.3,19.8,1.038,0.0,2.24
1731068206.8,19.8,1.248,0.0,1.48
1731068207.3,19.8,1.042,0.0,1.74
1731068207.8,19.8,0.783,0.0,4.21
1731068208.3,20.5,0.922,0.0,1.72
1731068208.8,19.8,0.729,0.0,1.99
1731068209.3,19.9,0.774,0.0,2.0
1731068209.8,19.8,1.028,0.0,2.36
1731068210.3,20.5,0.857,0.0,2.11
1731068210.8,19.8,0.888,0.0,1.5
1731068211.3,19.8,0.944,0.0,9.27
1731068211.8,20.5,0.996,0.0,1.67
1731068212.3,19.9,1.085,0.0,1.49
1731068212.8,19.8,1.095,0.0,2.54
1731068213.3,19.8,1.226,0.0,1.58
1731068213.8,20.5,1.190,0.0,1.52
1731068214.3,19.8,1.272,0.0,2.08
1731068214.8,19.8,1.217,0.0,1.79
1731068215.3,19.8,1.483,0.0,2.45
1731068215.8,20.5,1.436,0.0,7.71
1731068216.3,19.2,0.658,0.0,1.92
1731068216.8,20.5,0.747,0.0,1.93
1731068217.3,19.8,0.743,0.0,1.79
1731068217.8,19.8,1.039,0.0,3.21
1731068218.3,20.5,0.822,0.0,1.93
1731068218.8,19.8,0.696,0.0,1.55
1731068219.3,19.8,0.748,0.0,3.55
1731068219.8,20.5,0.698,0.0,2.56
1731068220.3,19.9,0.645,0.0,4.2
1731068220.8,19.8,0.648,0.0,2.22
1731068221.3,19.9,0.661,0.0,1.51
1731068221.8,20.5,0.724,0.0,1.51
1731068222.3,19.8,0.808,0.0,2.19
1731068222.8,19.8,0.837,0.0,1.92
1731068223.3,19.8,0.787,0.0,2.84
1731068223.8,20.5,0.738,0.0,1.94
1731068224.3,19.8,0.821,0.0,2.13
1731068224.8,19.8,0.857,0.0,3.18
1731068225.3,19.9,0.811,0.0,1.71
1731068225.8,20.5,1.056,0.0,3.08
1731068226.3,19.8,1.039,0.0,1.6
1731068226.8,19.8,1.117,0.0,1.49
1731068227.3,19.8,1.089,0.0,2.33
1731068227.8,20.5,1.221,0.0,1.45
1731068228.3,19.8,1.199,0.0,1.42
1731068228.8,19.8,1.082,0.0,2.24
1731068229.3,19.8,1.021,0.0,1.8
1731068229.8,20.5,0.836,0.0,7.79
1731068230.3,19.8,0.867,0.0,1.77
1731068230.8,19.8,0.763,0.0,1.64
1731068231.3,19.8,0.837,0.0,1.94
1731068231.8,19.8,0.981,0.0,1.49
1731068232.3,20.5,0.855,0.0,2.6
1731068232.8,19.8,0.876,0.0,2.42
1731068233.3,19.8,1.246,0.0,1.94
1731068233.8,19.9,1.103,0.0,4.02
1731068234.3,20.5,1.122,0.0,6.85
1731068234.8,19.9,1.125,0.0,1.48
1731068235.3,19.8,1.351,0.0,2.18
1731068235.8,20.5,1.121,0.0,1.53
1731068236.3,19.8,1.628,0.0,2.47
1731068236.8,19.8,1.362,0.0,2.12
1731068237.3,19.8,1.053,0.0,1.89
1731068237.8,19.9,0.718,0.0,2.75
1731068238.3,20.5,0.705,0.0,2.02
1731068238.8,19.8,0.587,0.0,4.06
1731068239.3,19.8,0.593,0.0,2.57
1731068239.8,20.5,0.820,0.0,1.74
1731068240.3,19.9,0.845,0.0,2.31
1731068240.8,19.8,0.770,0.0,1.93
1731068241.3,19.9,0.691,0.0,1.7
1731068241.8,19.8,1.105,0.0,1.87
1731068242.3,20.5,0.755,0.0,1.55
1731068242.8,19.8,0.922,0.0,1.57
1731068243.3,19.8,0.922,0.0,2.39
1731068243.8,20.5,0.598,0.0,9.37
1731068244.3,19.8,1.157,0.0,1.79
1731068244.8,19.8,0.941,0.0,1.62
1731068245.3,19.8,0.793,0.0,1.75
1731068245.8,20.5,0.734,0.0,2.57
1731068246.3,19.8,1.028,0.0,1.75
1731068246.8,19.8,1.190,0.0,1.58
1731068247.3,19.9,0.889,0.0,2.06
1731068247.8,19.8,1.025,0.0,1.42
1731068248.3,20.5,1.120,0.0,7.33
1731068248.8,19.8,1.210,0.0,2.04
1731068249.3,19.8,1.401,0.0,2.08
1731068249.8,20.5,1.222,0.0,2.49
1731068250.3,19.8,1.079,0.0,1.72
1731068250.8,19.8,0.801,0.0,1.6
1731068251.3,19.8,0.701,0.0,2.47
1731068251.8,20.5,0.894,0.0,1.52
1731068252.3,19.8,0.861,0.0,1.53
1731068252.8,19.9,0.924,0.0,2.59
1731068253.3,19.8,0.865,0.0,1.4
1731068253.8,19.9,1.136,0.0,1.77
1731068254.3,20.5,1.104,0.0,1.61
1731068254.8,19.8,1.028,0.0,2.04
1731068255.3,19.8,1.114,0.0,2.78
1731068255.8,20.5,1.254,0.0,1.48
1731068256.3,19.8,1.421,0.0,2.31
1731068256.8,19.8,1.095,0.0,2.32
1731068257.3,19.8,1.258,0.0,1.77
1731068257.8,20.5,1.540,0.0,10.5
1731068258.3,19.8,1.524,0.0,2.32
1731068258.8,19.8,1.097,0.0,1.76
1731068259.3,19.8,0.638,0.0,2.64
1731068259.8,20.5,0.465,0.0,1.97
1731068260.3,19.8,0.688,0.0,1.39
1731068260.8,19.8,0.728,0.0,2.0
1731068261.3,19.8,0.587,0.0,1.51
1731068261.8,20.5,0.793,0.0,1.57
1731068262.3,19.8,0.696,0.0,6.14
1731068262.8,19.8,0.720,0.0,2.06
1731068263.3,19.8,0.899,0.0,2.5
1731068263.8,20.5,0.795,0.0,1.5
1731068264.3,19.8,0.874,0.0,2.18
1731068264.8,19.8,1.056,0.0,2.27
1731068265.3,19.8,0.776,0.0,1.78
1731068265.8,19.9,0.821,0.0,3.24
1731068266.3,20.5,0.973,0.0,2.13
1731068266.8,19.8,0.750,0.0,3.49
1731068267.3,19.8,0.967,0.0,1.97
1731068267.8,20.5,0.995,0.0,1.52
1731068268.3,19.8,1.193,0.0,1.91
1731068268.8,19.8,1.268,0.0,1.64
1731068269.3,19.8,1.111,0.0,1.74
1731068269.8,20.5,1.145,0.0,1.93
1731068270.3,19.9,1.314,0.0,1.86
1731068270.8,19.8,1.569,0.0,2.12
1731068271.3,19.8,1.038,0.0,3.69
1731068271.8,19.8,0.727,0.0,1.72
1731068272.3,20.5,0.746,0.0,2.27
1731068272.8,19.8,0.990,0.0,2.58
1731068273.3,19.8,0.782,0.0,1.79
1731068273.8,20.5,0.970,0.0,2.5
1731068274.3,19.8,1.207,0.0,1.87
1731068274.8,19.8,0.893,0.0,1.31
1731068275.3,19.8,0.957,0.0,2.16
1731068275.8,20.5,1.029,0.0,1.83
1731068276.3,19.8,0.912,0.0,8.24
1731068276.8,19.8,0.951,0.0,2.49
1731068277.3,19.8,1.034,0.0,1.51
1731068277.8,19.8,1.101,0.0,1.91
1731068278.3,20.5,1.130,0.0,1.57
1731068278.8,19.8,1.281,0.0,2.41
1731068279.3,19.8,1.138,0.0,2.16
1731068279.8,19.9,1.625,0.0,2.23
1731068280.3,19.8,0.805,0.0,2.14
1731068280.8,20.5,0.539,0.0,5.86
1731068281.3,19.8,0.758,0.0,1.72
1731068281.8,20.5,0.698,0.0,2.13
1731068282.3,19.8,0.588,0.0,2.55
1731068282.8,19.8,0.835,0.0,1.88
1731068283.3,19.8,0.881,0.0,2.43
1731068283.8,20.5,0.739,0.0,1.94
1731068284.3,19.9,0.696,0.0,1.58
1731068284.8,19.8,0.685,0.0,2.44
1731068285.3,19.8,0.907,0.0,1.57
1731068285.8,19.9,0.916,0.0,7.9
1731068286.3,20.5,0.673,0.0,1.95
1731068286.8,19.8,0.657,0.0,2.16
1731068287.3,19.8,0.806,0.0,2.04
1731068287.8,20.5,0.863,0.0,1.65
1731068288.3,19.8,0.936,0.0,2.01
1731068288.8,19.8,0.929,0.0,2.08
1731068289.3,19.8,1.002,0.0,2.26
1731068289.8,20.5,0.939,0.0,2.19
1731068290.3,19.8,0.888,0.0,9.05
1731068290.8,19.9,0.978,0.0,1.47
1731068291.3,19.8,1.119,0.0,1.74
1731068291.8,20.5,1.000,0.0,1.71
1731068292.3,19.8,1.039,0.0,2.2
1731068292.8,19.8,1.001,0.0,1.4
1731068293.3,19.8,0.715,0.0,2.35
1731068293.8,19.9,0.734,0.0,2.71
1731068294.3,20.5,1.016,0.0,1.67
1731068294.8,19.9,1.044,0.0,8.4
1731068295.3,19.8,0.997,0.0,2.28
1731068295.8,20.5,1.107,0.0,1.63
1731068296.3,19.8,1.149,0.0,3.07
1731068296.8,19.8,0.967,0.0,1.66
1731068297.3,19.8,0.964,0.0,1.91
1731068297.8,19.8,1.032,0.0,1.98
1731068298.3,20.5,1.167,0.0,2.76
1731068298.8,19.8,1.086,0.0,2.2
1731068299.3,19.9,1.101,0.0,7.21
1731068299.8,20.5,1.089,0.0,3.54
1731068300.3,19.9,1.306,0.0,2.0
1731068300.8,19.8,1.476,0.0,1.7
1731068301.3,19.8,1.019,0.0,2.19
1731068301.8,19.8,0.507,0.0,1.9
1731068302.3,20.5,0.899,0.0,1.63
1731068302.8,19.8,0.860,0.0,2.16
1731068303.3,19.8,0.521,0.0,1.38
1731068303.8,20.5,0.606,0.0,2.54
1731068304.3,19.8,0.843,0.0,2.47
1731068304.8,19.8,0.903,0.0,1.8
1731068305.3,19.8,0.656,0.0,1.82
1731068305.8,19.9,0.556,0.0,1.55
1731068306.3,20.5,0.565,0.0,1.81
1731068306.8,19.8,1.294,0.0,2.57
1731068307.3,19.8,0.796,0.0,1.63
1731068307.8,20.5,0.644,0.0,2.93
1731068308.3,19.8,0.842,0.0,1.95
1731068308.8,19.8,0.791,0.0,9.47
1731068309.3,19.9,0.728,0.0,3.84
1731068309.8,20.5,0.787,0.0,1.62
1731068310.3,19.8,0.875,0.0,1.55
1731068310.8,19.8,1.120,0.0,2.06
1731068311.3,19.8,0.923,0.0,1.78
1731068311.8,20.5,1.203,0.0,1.86
1731068312.3,19.8,0.936,0.0,1.75
1731068312.8,19.8,1.217,0.0,1.79
1731068313.3,19.8,1.252,0.0,5.16
1731068313.8,20.5,1.090,0.0,1.63
1731068314.3,19.8,1.222,0.0,2.44
1731068314.8,19.9,0.794,0.0,2.59
1731068315.3,19.8,0.733,0.0,1.64
1731068315.8,20.5,0.892,0.0,2.22
1731068316.3,19.8,0.764,0.0,2.18
1731068316.8,19.8,0.820,0.0,1.82
1731068317.3,19.8,0.880,0.0,2.84
1731068317.8,20.5,0.908,0.0,3.76
1731068318.3,19.8,0.892,0.0,1.76
1731068318.8,19.8,0.929,0.0,2.4
1731068319.3,19.8,1.012,0.0,2.07
1731068319.8,19.8,1.104,0.0,2.19
1731068320.3,20.5,1.342,0.0,3.07
1731068320.8,19.8,1.277,0.0,1.96
1731068321.3,19.8,1.164,0.0,1.95
1731068321.8,20.5,1.183,0.0,1.73
1731068322.3,19.8,1.336,0.0,1.92
1731068322.8,19.8,0.820,0.0,9.32
1731068323.3,19.9,0.503,0.0,4.41
1731068323.8,20.5,0.799,0.0,2.4
1731068324.3,19.8,0.725,0.0,1.68
1731068324.8,19.8,0.577,0.0,1.51
1731068325.3,19.8,0.516,0.0,2.68
1731068325.8,19.8,0.785,0.0,1.58
1731068326.3,20.5,0.765,0.0,1.52
1731068326.8,19.8,0.622,0.0,2.83
1731068327.3,19.8,0.835,0.0,6.88
1731068327.8,20.5,0.625,0.0,1.5
1731068328.3,19.9,0.975,0.0,2.4
1731068328.8,19.8,0.770,0.0,1.31
1731068329.3,19.8,0.618,0.0,1.68
1731068329.8,20.5,0.959,0.0,1.93
1731068330.3,19.8,0.971,0.0,1.91
1731068330.8,19.8,0.710,0.0,2.19
1731068331.3,19.8,0.916,0.0,1.75
1731068331.8,20.5,0.922,0.0,2.5
1731068332.3,19.9,1.392,0.0,2.14
1731068332.8,19.8,1.014,0.0,1.68
1731068333.3,19.8,1.128,0.0,2.27
1731068333.8,20.5,1.041,0.0,2.56
1731068334.3,19.8,0.971,0.0,1.67
1731068334.8,19.8,1.225,0.0,2.49
1731068335.3,19.8,1.024,0.0,1.79
1731068335.8,19.8,0.785,0.0,1.76
1731068336.3,20.5,0.689,0.0,3.08
1731068336.8,19.8,0.882,0.0,7.72
1731068337.3,19.8,1.050,0.0,1.46
1731068337.8,20.5,0.909,0.0,2.55
1731068338.3,19.8,0.807,0.0,1.5
1731068338.8,19.8,0.840,0.0,1.36
1731068339.3,19.8,1.367,0.0,2.11
1731068339.8,20.5,0.976,0.0,1.87
1731068340.3,19.8,0.904,0.0,1.62
1731068340.8,19.8,0.966,0.0,1.92
1731068341.3,19.8,1.159,0.0,5.56
1731068341.8,20.5,1.157,0.0,1.98
1731068342.3,19.9,1.098,0.0,1.58
1731068342.8,19.8,1.183,0.0,2.51
1731068343.3,19.8,1.244,0.0,3.24
1731068343.8,20.5,1.293,0.0,1.6
1731068344.3,19.2,0.557,0.0,2.27
1731068344.8,20.5,0.653,0.0,2.36
1731068345.3,19.9,0.817,0.0,1.73
1731068345.8,19.8,0.782,0.0,2.94
1731068346.3,20.5,0.611,0.0,1.46
1731068346.8,19.9,0.653,0.0,1.32
1731068347.3,19.8,1.418,0.0,1.98
1731068347.8,20.5,1.050,0.0,1.59
1731068348.3,19.8,0.643,0.0,1.61
1731068348.8,19.8,1.158,0.0,2.14
1731068349.3,19.8,0.721,0.0,1.6
1731068349.8,20.5,0.735,0.0,2.97
1731068350.3,19.8,0.746,0.0,2.9
1731068350.8,19.8,0.731,0.0,11.1
1731068351.3,19.8,1.081,0.0,4.52
1731068351.8,20.5,0.785,0.0,3.32
1731068352.3,19.8,0.727,0.0,3.08
1731068352.8,19.8,0.822,0.0,1.73
1731068353.3,19.8,1.038,0.0,1.5
1731068353.8,20.5,0.858,0.0,2.02
1731068354.3,19.8,0.896,0.0,1.82
1731068354.8,19.8,1.252,0.0,3.05
1731068355.3,19.8,1.114,0.0,10.5
1731068355.8,20.5,1.083,0.0,3.13
1731068356.3,19.8,1.217,0.0,3.9
1731068356.8,19.8,0.916,0.0,3.01
1731068357.3,19.8,0.697,0.0,3.33
1731068357.8,20.5,0.772,0.0,2.13
1731068358.3,19.8,0.907,0.0,1.42
1731068358.8,19.9,0.785,0.0,2.38
1731068359.3,19.8,0.792,0.0,1.64
1731068359.8,20.5,1.124,0.0,4.42
1731068360.3,19.8,0.924,0.0,1.89
1731068360.8,19.8,1.141,0.0,1.65
1731068361.3,19.8,1.417,0.0,2.15
1731068361.8,20.5,1.017,0.0,1.86
1731068362.3,19.9,1.022,0.0,2.33
1731068362.8,19.8,1.196,0.0,2.44
1731068363.3,19.8,1.129,0.0,1.8
1731068363.8,20.5,1.138,0.0,2.75
1731068364.3,19.8,1.418,0.0,4.3
1731068364.8,19.8,1.198,0.0,1.52
1731068365.3,19.8,0.999,0.0,1.82
1731068365.8,19.8,0.749,0.0,1.78
1731068366.3,20.5,0.498,0.0,1.54
1731068366.8,19.8,0.738,0.0,1.97
1731068367.3,19.8,0.861,0.0,2.06
1731068367.8,20.5,0.833,0.0,2.39
1731068368.3,19.8,0.704,0.0,1.59
1731068368.8,19.8,0.882,0.0,2.37
1731068369.3,19.8,1.325,0.0,9.14
1731068369.8,19.8,0.856,0.0,1.4
1731068370.3,20.5,0.812,0.0,2.21
1731068370.8,19.9,0.843,0.0,1.65
1731068371.3,19.8,0.626,0.0,1.73
1731068371.8,20.5,0.817,0.0,2.34
1731068372.3,19.8,0.862,0.0,1.61
1731068372.8,19.8,0.764,0.0,1.36
1731068373.3,19.8,0.791,0.0,3.01
1731068373.8,20.5,0.919,0.0,8.39
1731068374.3,19.8,0.934,0.0,1.79
1731068374.8,19.8,1.042,0.0,1.66
1731068375.3,19.8,1.036,0.0,1.89
1731068375.8,20.5,1.073,0.0,1.84
1731068376.3,19.8,0.982,0.0,1.61
1731068376.8,19.8,1.055,0.0,1.97
1731068377.3,19.8,1.234,0.0,2.59
1731068377.8,19.9,1.054,0.0,2.28
1731068378.3,20.5,1.127,0.0,5.07
1731068378.8,19.8,0.795,0.0,2.38
1731068379.3,19.8,0.837,0.0,1.67
1731068379.8,20.5,0.887,0.0,2.83
1731068380.3,19.8,0.931,0.0,1.98
1731068380.8,19.8,1.012,0.0,1.7
1731068381.3,19.8,0.784,0.0,2.38
1731068381.8,20.5,0.892,0.0,1.78
1731068382.3,19.8,1.040,0.0,1.56
1731068382.8,19.8,1.185,0.0,1.99
1731068383.3,19.9,1.173,0.0,9.08
1731068383.8,20.5,1.102,0.0,2.09
1731068384.3,19.8,1.377,0.0,1.8
1731068384.8,19.8,1.279,0.0,2.03
1731068385.3,19.8,1.318,0.0,2.33
1731068385.8,20.5,1.349,0.0,1.86
1731068386.3,19.8,1.301,0.0,2.25
1731068386.8,19.8,0.831,0.0,2.09
1731068387.3,19.8,0.628,0.0,1.66
1731068387.8,20.5,0.710,0.0,NA
1731068388.3,19.8,0.593,0.0,9.49
1731068388.8,19.8,1.060,0.0,1.55
1731068389.3,19.8,0.645,0.0,1.98
1731068389.8,20.5,0.537,0.0,NA
1731068390.3,19.8,0.730,0.0,1.87
1731068390.8,19.8,0.742,0.0,1.71
1731068391.3,19.8,0.990,0.0,2.08
1731068391.8,20.5,0.644,0.0,1.7
1731068392.3,19.8,0.693,0.0,1.96
1731068392.8,19.9,0.783,0.0,4.53
1731068393.3,19.8,0.880,0.0,2.2
1731068393.8,20.5,0.728,0.0,1.97
1731068394.3,19.8,0.724,0.0,1.75
1731068394.8,19.8,0.703,0.0,2.65
1731068395.3,19.8,0.984,0.0,1.83
1731068395.8,20.5,1.000,0.0,1.69
1731068396.3,19.9,0.831,0.0,2.34
1731068396.8,19.8,0.999,0.0,1.46
1731068397.3,19.8,1.253,0.0,2.18
1731068397.8,20.5,0.967,0.0,1.8
1731068398.3,19.9,1.241,0.0,1.48
1731068398.8,19.8,1.097,0.0,1.6
1731068399.3,19.8,1.142,0.0,3.1
1731068399.8,19.8,0.769,0.0,1.71
1731068400.3,20.5,0.847,0.0,2.19
1731068400.8,19.9,0.877,0.0,1.48
1731068401.3,19.8,0.785,0.0,2.28
1731068401.8,19.8,1.083,0.0,2.07
1731068402.3,20.5,0.861,0.0,10.5
1731068402.8,19.8,0.918,0.0,2.36
1731068403.3,19.8,0.982,0.0,2.04
1731068403.8,20.5,0.897,0.0,1.71
1731068404.3,19.8,1.033,0.0,2.37
1731068404.8,19.8,0.966,0.0,1.46
1731068405.3,19.8,1.084,0.0,1.4
1731068405.8,19.9,1.354,0.0,1.99
1731068406.3,20.5,1.125,0.0,2.1
1731068406.8,19.9,1.145,0.0,5.73
1731068407.3,19.8,1.256,0.0,1.81
1731068407.8,20.5,1.229,0.0,2.32
1731068408.3,19.2,0.541,0.0,2.11
1731068408.8,20.5,0.636,0.0,1.63
1731068409.3,19.8,0.726,0.0,3.13
1731068409.8,20.5,0.550,0.0,1.75
1731068410.3,19.8,0.658,0.0,1.57
1731068410.8,19.8,0.761,0.0,2.2
1731068411.3,19.8,0.814,0.0,6.3
1731068411.8,20.5,0.958,0.0,1.98
1731068412.3,19.8,1.038,0.0,1.66
1731068412.8,19.8,0.608,0.0,2.27
1731068413.3,19.8,0.725,0.0,2.24
1731068413.8,19.9,0.723,0.0,1.67
1731068414.3,20.5,0.803,0.0,2.55
1731068414.8,19.9,0.673,0.0,2.04
1731068415.3,19.8,0.725,0.0,1.51
1731068415.8,19.8,0.827,0.0,3.51
1731068416.3,20.5,0.753,0.0,1.55
1731068416.8,19.8,1.209,0.0,2.24
1731068417.3,19.8,1.080,0.0,2.0
1731068417.8,20.5,0.890,0.0,2.43
1731068418.3,19.8,1.000,0.0,3.01
1731068418.8,19.8,0.951,0.0,2.0
1731068419.3,19.8,1.197,0.0,2.79
1731068419.8,20.5,1.082,0.0,1.43
1731068420.3,19.8,1.109,0.0,2.56
1731068420.8,19.8,1.066,0.0,1.9
1731068421.3,19.9,0.712,0.0,1.83
1731068421.8,20.5,0.783,0.0,2.57
1731068422.3,19.8,1.008,0.0,1.48
1731068422.8,19.8,0.945,0.0,2.09
1731068423.3,19.9,0.913,0.0,2.38
1731068423.8,20.5,0.796,0.0,1.85
1731068424.3,19.8,0.890,0.0,2.35
1731068424.8,19.8,0.994,0.0,2.21
1731068425.3,19.8,1.026,0.0,10.0
1731068425.8,20.5,1.418,0.0,2.59
1731068426.3,19.8,1.090,0.0,2.01
1731068426.8,19.9,1.118,0.0,1.58
1731068427.3,19.8,1.432,0.0,2.2
1731068427.8,19.8,1.273,0.0,1.51
1731068428.3,19.8,1.245,0.0,1.52
1731068428.8,19.8,1.380,0.0,2.57
1731068429.3,19.9,0.916,0.0,1.63
1731068429.8,19.8,0.659,0.0,3.64
1731068430.3,20.5,0.516,0.0,2.12
1731068430.8,19.9,0.814,0.0,1.52
1731068431.3,19.8,0.656,0.0,1.91
1731068431.8,20.5,0.691,0.0,1.64
1731068432.3,19.8,0.778,0.0,1.92
1731068432.8,19.8,0.633,0.0,2.67
1731068433.3,19.8,0.614,0.0,2.22
1731068433.8,20.5,0.614,0.0,2.79
1731068434.3,19.8,0.843,0.0,3.07
1731068434.8,19.8,0.688,0.0,7.42
1731068435.3,19.9,0.727,0.0,2.91
1731068435.8,20.5,0.718,0.0,2.6
1731068436.3,19.8,0.761,0.0,1.75
1731068436.8,19.8,1.007,0.0,2.1
1731068437.3,19.8,1.033,0.0,2.68
1731068437.8,20.5,0.814,0.0,2.03
1731068438.3,19.8,0.846,0.0,2.29
1731068438.8,19.8,0.884,0.0,1.43
1731068439.3,19.8,1.031,0.0,7.67
1731068439.8,20.5,0.973,0.0,2.59
1731068440.3,19.9,1.144,0.0,1.65
1731068440.8,19.8,1.139,0.0,1.78
1731068441.3,19.8,1.548,0.0,2.07
1731068441.8,19.8,1.055,0.0,1.86
1731068442.3,20.5,1.235,0.0,1.68
1731068442.8,19.8,1.055,0.0,1.79
1731068443.3,19.8,1.000,0.0,1.84
1731068443.8,20.5,1.005,0.0,3.03
1731068444.3,19.8,0.798,0.0,1.5
1731068444.8,19.9,1.154,0.0,2.09
1731068445.3,19.8,0.898,0.0,2.36
1731068445.8,19.9,0.951,0.0,1.76
1731068446.3,20.5,0.952,0.0,2.07
1731068446.8,19.8,0.979,0.0,2.64
1731068447.3,19.8,1.230,0.0,1.82
1731068447.8,20.5,1.273,0.0,2.61
1731068448.3,19.8,1.219,0.0,2.09
1731068448.8,19.8,1.327,0.0,10.6
1731068449.3,19.8,1.329,0.0,2.46
1731068449.8,20.5,1.245,0.0,1.55
1731068450.3,19.8,1.424,0.0,1.93
1731068450.8,19.8,0.970,0.0,1.93
1731068451.3,19.8,0.763,0.0,2.41
1731068451.8,20.5,0.544,0.0,2.9
1731068452.3,19.8,0.792,0.0,2.08
1731068452.8,19.8,0.912,0.0,3.08
1731068453.3,19.8,0.868,0.0,7.84
1731068453.8,20.5,0.897,0.0,1.9
1731068454.3,19.8,0.897,0.0,2.57
1731068454.8,19.8,0.804,0.0,1.97
1731068455.3,19.8,0.804,0.0,2.16
1731068455.8,20.5,0.691,0.0,1.94
1731068456.3,19.8,0.665,0.0,2.01
1731068456.8,19.8,0.759,0.0,2.15
1731068457.3,19.8,0.817,0.0,1.71
1731068457.8,20.5,0.747,0.0,8.03
1731068458.3,19.8,1.077,0.0,1.59
1731068458.8,19.8,1.089,0.0,1.52
1731068459.3,19.8,0.902,0.0,2.5
1731068459.8,19.8,1.006,0.0,1.53
1731068460.3,20.5,1.037,0.0,1.69
1731068460.8,19.8,1.023,0.0,2.63
1731068461.3,19.8,0.923,0.0,1.6
1731068461.8,20.5,1.097,0.0,1.59
1731068462.3,19.8,1.165,0.0,2.49
1731068462.8,19.8,1.055,0.0,1.59
1731068463.3,19.9,0.924,0.0,1.71
1731068463.8,19.8,0.867,0.0,1.88
1731068464.3,20.5,0.688,0.0,1.63
1731068464.8,19.8,0.931,0.0,1.59
1731068465.3,19.8,0.990,0.0,2.39
1731068465.8,20.5,1.268,0.0,2.43
1731068466.3,19.8,0.838,0.0,1.66
1731068466.8,19.8,0.880,0.0,1.77
1731068467.3,19.8,1.058,0.0,10.0
1731068467.8,19.8,1.107,0.0,2.48
1731068468.3,20.5,0.927,0.0,1.84
1731068468.8,19.8,1.537,0.0,3.0
1731068469.3,19.8,1.290,0.0,2.2
1731068469.8,19.8,1.249,0.0,1.84
1731068470.3,20.5,1.864,0.0,3.44
1731068470.8,19.8,1.263,0.0,1.83
1731068471.3,19.8,1.229,0.0,1.57
1731068471.8,19.8,1.035,0.0,5.14
1731068472.3,19.8,0.779,0.0,1.56
1731068472.8,20.5,0.572,0.0,1.39
1731068473.3,19.8,0.955,0.0,1.96
1731068473.8,19.8,0.754,0.0,1.67
1731068474.3,20.5,1.063,0.0,1.89
1731068474.8,19.8,0.781,0.0,1.48
1731068475.3,19.9,0.850,0.0,2.12
1731068475.8,20.5,0.759,0.0,2.07
1731068476.3,19.8,0.831,0.0,2.22
1731068476.8,19.8,0.727,0.0,2.37
1731068477.3,19.8,0.754,0.0,1.35
1731068477.8,20.5,0.636,0.0,1.44
1731068478.3,19.8,0.804,0.0,2.94
1731068478.8,19.8,0.874,0.0,1.9
1731068479.3,19.8,0.806,0.0,2.6
1731068479.8,20.5,0.724,0.0,2.05
1731068480.3,19.8,0.820,0.0,2.56
1731068480.8,19.8,0.927,0.0,3.08
1731068481.3,19.9,0.847,0.0,2.19
1731068481.8,20.5,0.867,0.0,3.48
1731068482.3,19.8,1.038,0.0,2.63
1731068482.8,19.8,0.962,0.0,1.64
1731068483.3,19.8,0.991,0.0,2.2
1731068483.8,20.5,1.420,0.0,1.8
1731068484.3,19.9,1.003,0.0,1.34
1731068484.8,19.8,0.930,0.0,2.24
1731068485.3,19.8,0.697,0.0,1.51
1731068485.8,20.5,0.738,0.0,7.04
1731068486.3,19.8,1.066,0.0,2.0
1731068486.8,19.8,0.973,0.0,2.18
1731068487.3,19.9,0.956,0.0,2.23
1731068487.8,20.5,0.920,0.0,1.83
1731068488.3,19.9,1.025,0.0,2.39
1731068488.8,19.8,1.065,0.0,1.93
1731068489.3,19.8,1.014,0.0,1.75
1731068489.8,20.5,0.998,0.0,2.29
1731068490.3,19.8,0.999,0.0,6.98
1731068490.8,19.8,1.027,0.0,1.51
1731068491.3,19.9,1.223,0.0,1.87
1731068491.8,20.5,1.220,0.0,1.87
1731068492.3,19.8,1.125,0.0,2.52
1731068492.8,19.8,1.359,0.0,2.48
1731068493.3,19.9,1.290,0.0,2.21
1731068493.8,19.8,0.594,0.0,2.2
1731068494.3,20.5,0.694,0.0,1.6
1731068494.8,19.8,0.760,0.0,4.64
1731068495.3,19.8,0.576,0.0,2.12
1731068495.8,20.5,1.006,0.0,1.71
1731068496.3,19.8,0.795,0.0,2.32
1731068496.8,19.9,0.830,0.0,1.76
1731068497.3,19.8,0.630,0.0,1.75
1731068497.8,20.5,0.614,0.0,2.28
1731068498.3,19.8,0.666,0.0,1.7
1731068498.8,19.8,0.686,0.0,1.58
1731068499.3,19.8,0.756,0.0,2.49
1731068499.8,20.5,0.671,0.0,8.29
1731068500.3,19.8,0.928,0.0,1.48
1731068500.8,19.8,0.909,0.0,2.2
1731068501.3,19.8,0.865,0.0,1.75
1731068501.8,20.5,0.730,0.0,2.16
1731068502.3,19.8,0.864,0.0,1.68
1731068502.8,19.8,0.851,0.0,2.06
1731068503.3,19.8,0.877,0.0,2.17
1731068503.8,20.5,0.992,0.0,1.68
1731068504.3,19.8,1.044,0.0,7.47
1731068504.8,19.9,1.098,0.0,2.57
1731068505.3,19.8,1.097,0.0,1.86
1731068505.8,20.5,1.202,0.0,2.39
1731068506.3,19.9,0.982,0.0,2.02
1731068506.8,19.8,0.985,0.0,1.59
1731068507.3,19.8,0.824,0.0,1.96
1731068507.8,20.5,0.763,0.0,1.59
1731068508.3,19.8,0.875,0.0,1.55
1731068508.8,19.8,1.012,0.0,2.13
1731068509.3,19.8,0.898,0.0,1.84
1731068509.8,19.8,0.997,0.0,3.01
1731068510.3,20.5,1.185,0.0,2.41
1731068510.8,19.8,1.021,0.0,3.27
1731068511.3,19.8,0.962,0.0,3.64
1731068511.8,20.5,1.148,0.0,2.08
1731068512.3,19.8,1.385,0.0,3.68
1731068512.8,19.9,1.320,0.0,3.35
1731068513.3,19.9,1.234,0.0,1.85
1731068513.8,20.5,1.242,0.0,9.13
1731068514.3,19.8,1.640,0.0,1.63
1731068514.8,19.8,0.915,0.0,1.55
1731068515.3,19.8,0.474,0.0,2.14
1731068515.8,19.8,0.823,0.0,1.53
1731068516.3,20.5,0.847,0.0,1.91
1731068516.8,19.8,0.657,0.0,1.8
1731068517.3,19.8,0.767,0.0,1.84
1731068517.8,20.5,0.732,0.0,1.73
1731068518.3,19.9,0.969,0.0,7.08
1731068518.8,19.8,0.722,0.0,2.0
1731068519.3,19.8,1.274,0.0,2.08
1731068519.8,20.5,0.669,0.0,1.58
1731068520.3,19.8,0.832,0.0,2.18
1731068520.8,19.8,0.725,0.0,2.44
1731068521.3,19.8,0.956,0.0,2.46
1731068521.8,20.5,0.880,0.0,3.92
1731068522.3,19.8,0.761,0.0,1.87
1731068522.8,19.8,0.771,0.0,3.67
1731068523.3,19.8,1.314,0.0,2.11
1731068523.8,20.5,0.842,0.0,1.77
1731068524.3,19.8,0.865,0.0,1.6
1731068524.8,19.9,1.763,0.0,1.96
1731068525.3,19.8,1.122,0.0,2.1
1731068525.8,20.5,0.957,0.0,2.12
1731068526.3,19.8,1.082,0.0,2.05
1731068526.8,19.8,1.282,0.0,2.13
1731068527.3,19.8,0.916,0.0,5.19
1731068527.8,19.8,0.681,0.0,1.65
1731068528.3,20.5,0.883,0.0,2.19
1731068528.8,19.8,0.775,0.0,1.42
1731068529.3,19.8,0.760,0.0,1.48
1731068529.8,20.5,1.187,0.0,2.72
1731068530.3,19.8,1.041,0.0,1.63
1731068530.8,19.8,1.058,0.0,1.65
1731068531.3,19.8,1.055,0.0,2.64
1731068531.8,19.8,1.242,0.0,1.64
1731068532.3,20.5,1.082,0.0,9.08
1731068532.8,19.8,1.119,0.0,1.82
1731068533.3,19.8,1.028,0.0,1.74
1731068533.8,20.5,1.099,0.0,2.1
1731068534.3,19.8,1.295,0.0,2.09
1731068534.8,19.8,1.250,0.0,2.81
1731068535.3,19.8,1.211,0.0,2.05
1731068535.8,19.8,0.955,0.0,1.85
1731068536.3,19.8,0.492,0.0,3.54
1731068536.8,20.5,0.792,0.0,9.26
1731068537.3,19.8,0.804,0.0,1.65
1731068537.8,20.5,0.552,0.0,2.44
1731068538.3,19.8,0.648,0.0,1.64
1731068538.8,19.8,1.020,0.0,1.6
1731068539.3,19.9,0.838,0.0,2.11
1731068539.8,20.5,0.750,0.0,2.11
1731068540.3,19.9,0.833,0.0,2.6
1731068540.8,19.8,1.047,0.0,1.63
1731068541.3,19.8,0.792,0.0,2.73
1731068541.8,20.5,0.801,0.0,2.76
1731068542.3,19.8,1.123,0.0,1.51
1731068542.8,19.8,0.731,0.0,2.23
1731068543.3,19.8,0.840,0.0,2.1
1731068543.8,20.5,1.072,0.0,1.55
1731068544.3,19.8,0.857,0.0,2.14
1731068544.8,19.8,0.791,0.0,1.61
1731068545.3,19.8,1.259,0.0,1.64
1731068545.8,20.5,0.942,0.0,2.65
1731068546.3,19.8,0.928,0.0,10.1
1731068546.8,19.8,0.920,0.0,1.55
1731068547.3,19.9,1.394,0.0,2.41
1731068547.8,20.5,1.164,0.0,2.02
1731068548.3,19.8,1.068,0.0,2.18
1731068548.8,19.8,0.987,0.0,2.28
1731068549.3,19.8,0.788,0.0,2.26
1731068549.8,19.9,0.858,0.0,2.5
1731068550.3,20.5,0.735,0.0,1.98
1731068550.8,19.8,0.913,0.0,9.74
1731068551.3,19.8,1.136,0.0,2.16
1731068551.8,20.5,0.827,0.0,1.55
1731068552.3,19.8,0.897,0.0,2.4
1731068552.8,19.8,1.066,0.0,1.51
1731068553.3,19.9,1.073,0.0,1.53
1731068553.8,20.5,1.069,0.0,2.19
1731068554.3,19.8,1.178,0.0,1.58
1731068554.8,19.9,1.109,0.0,2.09
1731068555.3,19.8,1.104,0.0,4.41
1731068555.8,20.5,1.104,0.0,1.95
1731068556.3,19.8,1.228,0.0,2.88
1731068556.8,19.8,1.396,0.0,2.24
1731068557.3,19.8,0.906,0.0,2.58
1731068557.8,19.9,0.815,0.0,2.08
1731068558.3,20.5,0.680,0.0,1.81
1731068558.8,19.8,0.481,0.0,2.07
1731068559.3,19.9,0.546,0.0,1.42
1731068559.8,20.5,0.675,0.0,3.06
1731068560.3,19.8,0.794,0.0,1.36
1731068560.8,19.8,0.534,0.0,2.2
1731068561.3,19.8,0.717,0.0,2.77
1731068561.8,20.5,0.638,0.0,2.64
1731068562.3,19.8,0.810,0.0,2.17
1731068562.8,19.8,0.733,0.0,2.08
1731068563.3,19.8,0.856,0.0,1.86
1731068563.8,20.5,0.842,0.0,3.17
1731068564.3,19.8,0.775,0.0,1.59
1731068564.8,19.8,0.895,0.0,8.99
1731068565.3,19.8,0.957,0.0,2.49
1731068565.8,20.5,0.749,0.0,1.52
1731068566.3,19.8,0.769,0.0,1.54
1731068566.8,19.9,0.952,0.0,1.97
1731068567.3,19.8,1.082,0.0,1.62
1731068567.8,20.5,0.910,0.0,1.88
1731068568.3,19.8,1.204,0.0,1.48
1731068568.8,19.8,1.127,0.0,1.67
1731068569.3,19.9,1.055,0.0,5.25
1731068569.8,20.5,1.153,0.0,1.58
1731068570.3,19.8,0.839,0.0,2.0
1731068570.8,19.8,0.814,0.0,4.01
1731068571.3,19.8,0.923,0.0,1.89
1731068571.8,20.5,0.896,0.0,2.13
1731068572.3,19.8,0.709,0.0,2.07
1731068572.8,19.8,0.870,0.0,1.52
1731068573.3,19.8,0.958,0.0,3.57
1731068573.8,20.5,1.187,0.0,5.18
1731068574.3,19.8,1.099,0.0,1.53
1731068574.8,19.8,0.916,0.0,2.84
1731068575.3,19.8,1.077,0.0,1.72
1731068575.8,19.8,1.047,0.0,2.23
1731068576.3,20.5,1.088,0.0,1.92
1731068576.8,19.8,1.288,0.0,1.6
1731068577.3,19.9,1.373,0.0,1.99
1731068577.8,20.5,1.246,0.0,1.81
1731068578.3,19.9,1.356,0.0,2.11
1731068578.8,19.8,1.360,0.0,9.16
1731068579.3,19.8,0.734,0.0,1.46
1731068579.8,20.5,0.724,0.0,3.42
1731068580.3,19.8,0.716,0.0,1.65
1731068580.8,19.8,1.106,0.0,1.58
1731068581.3,19.8,0.630,0.0,2.6
1731068581.8,19.8,0.705,0.0,1.83
1731068582.3,20.5,0.878,0.0,1.58
1731068582.8,19.8,1.028,0.0,2.34
1731068583.3,19.8,0.794,0.0,7.56
1731068583.8,20.5,0.722,0.0,1.93
1731068584.3,19.8,0.734,0.0,1.34
1731068584.8,19.8,0.727,0.0,1.9
1731068585.3,19.9,0.867,0.0,2.51
1731068585.8,20.5,0.748,0.0,1.75
1731068586.3,19.8,0.973,0.0,2.59
1731068586.8,19.8,0.970,0.0,2.0
1731068587.3,19.8,0.819,0.0,1.6
1731068587.8,20.5,0.839,0.0,5.58
1731068588.3,19.8,1.306,0.0,1.66
1731068588.8,19.8,1.044,0.0,1.4
1731068589.3,19.8,1.226,0.0,2.37
1731068589.8,20.5,1.018,0.0,1.62
1731068590.3,19.8,1.146,0.0,1.56
1731068590.8,19.8,0.965,0.0,2.6
1731068591.3,19.9,0.961,0.0,1.67
1731068591.8,19.8,0.754,0.0,1.58
1731068592.3,20.5,0.799,0.0,1.75
1731068592.8,19.8,0.766,0.0,9.24
1731068593.3,19.8,1.037,0.0,1.86
1731068593.8,20.5,1.248,0.0,1.96
1731068594.3,19.9,0.874,0.0,1.77
1731068594.8,19.8,1.145,0.0,1.96
1731068595.3,19.8,0.923,0.0,1.83
1731068595.8,19.9,0.933,0.0,2.12
1731068596.3,20.5,1.103,0.0,1.87
1731068596.8,19.8,0.916,0.0,2.03
1731068597.3,19.8,1.284,0.0,7.46
1731068597.8,20.5,1.340,0.0,1.92
1731068598.3,19.8,1.072,0.0,1.59
1731068598.8,19.8,1.201,0.0,2.37
1731068599.3,19.8,1.557,0.0,1.65
1731068599.8,20.5,1.344,0.0,1.39
1731068600.3,19.2,0.703,0.0,2.59
1731068600.8,20.5,0.508,0.0,1.64
1731068601.3,19.8,0.674,0.0,1.5
1731068601.8,20.4,0.703,0.0,2.45
1731068602.3,19.9,0.603,0.0,1.53
1731068602.8,19.8,0.774,0.0,1.66
1731068603.3,19.8,0.661,0.0,2.05
1731068603.8,20.5,0.891,0.0,1.95
1731068604.3,19.8,1.453,0.0,2.38
1731068604.8,19.8,0.712,0.0,1.71
1731068605.3,19.8,0.735,0.0,2.25
1731068605.8,19.9,0.914,0.0,2.22
1731068606.3,20.5,0.903,0.0,1.78
1731068606.8,19.8,0.945,0.0,10.6
1731068607.3,19.8,0.661,0.0,1.92
1731068607.8,20.5,0.858,0.0,2.35
1731068608.3,19.8,0.838,0.0,2.22
1731068608.8,19.8,0.904,0.0,1.68
1731068609.3,19.9,1.028,0.0,1.58
1731068609.8,20.5,0.840,0.0,2.62
1731068610.3,19.8,1.132,0.0,1.45
1731068610.8,19.8,1.123,0.0,1.73
1731068611.3,19.8,1.101,0.0,6.9
1731068611.8,20.5,0.971,0.0,1.97
1731068612.3,19.8,1.227,0.0,2.59
1731068612.8,19.8,0.925,0.0,1.56
1731068613.3,19.8,0.774,0.0,3.02
1731068613.8,20.5,1.109,0.0,3.49
1731068614.3,19.8,0.757,0.0,1.72
1731068614.8,19.8,0.787,0.0,3.67
1731068615.3,19.8,0.895,0.0,2.11
1731068615.8,20.5,0.801,0.0,3.33
1731068616.3,19.8,0.960,0.0,3.72
1731068616.8,19.9,1.289,0.0,2.22
1731068617.3,19.8,1.177,0.0,1.62
1731068617.8,20.4,0.916,0.0,2.27
1731068618.3,19.9,1.161,0.0,1.6
1731068618.8,19.9,1.186,0.0,1.6
1731068619.3,19.8,1.400,0.0,2.52
1731068619.8,20.5,1.209,0.0,1.57
1731068620.3,19.8,1.246,0.0,1.7
1731068620.8,19.8,1.486,0.0,10.5
1731068621.3,19.8,1.313,0.0,1.93
1731068621.8,19.8,1.936,0.0,2.58
1731068622.3,20.5,0.828,0.0,1.76
1731068622.8,19.8,0.960,0.0,2.17
1731068623.3,19.8,0.575,0.0,2.35
1731068623.8,20.5,0.738,0.0,1.72
1731068624.3,19.8,1.175,0.0,2.91
1731068624.8,19.8,0.803,0.0,2.37
1731068625.3,19.9,0.736,0.0,7.51
1731068625.8,20.5,1.030,0.0,2.38
1731068626.3,19.9,0.630,0.0,1.81
1731068626.8,19.8,0.714,0.0,1.46
1731068627.3,19.8,1.051,0.0,2.04
1731068627.8,20.5,0.794,0.0,1.65
1731068628.3,19.8,0.839,0.0,1.74
1731068628.8,19.9,0.747,0.0,2.25
1731068629.3,19.8,0.820,0.0,2.0
1731068629.8,20.5,0.995,0.0,4.04
1731068630.3,19.8,0.890,0.0,1.8
1731068630.8,19.8,0.895,0.0,2.96
1731068631.3,19.8,0.858,0.0,3.8
1731068631.8,19.9,1.059,0.0,1.83
1731068632.3,20.5,1.386,0.0,3.46
1731068632.8,19.8,1.134,0.0,1.95
1731068633.3,19.8,1.164,0.0,1.89
1731068633.8,20.5,1.556,0.0,1.95
1731068634.3,19.8,0.937,0.0,2.39
1731068634.8,19.8,0.676,0.0,2.0
1731068635.3,19.8,1.072,0.0,1.88
1731068635.8,20.5,0.738,0.0,2.07
1731068636.3,19.8,0.930,0.0,2.4
1731068636.8,19.8,1.207,0.0,1.97
1731068637.3,19.8,0.902,0.0,2.7
1731068637.8,19.8,0.866,0.0,2.06
1731068638.3,20.5,0.994,0.0,1.84
1731068638.8,19.8,1.302,0.0,2.09
1731068639.3,19.8,1.015,0.0,8.21
1731068639.8,19.8,1.033,0.0,1.37
1731068640.3,20.5,1.328,0.0,2.85
1731068640.8,19.9,1.383,0.0,1.51
1731068641.3,19.8,1.255,0.0,1.57
1731068641.8,19.9,1.249,0.0,2.25
1731068642.3,20.5,1.417,0.0,1.65
1731068642.8,19.8,0.872,0.0,2.35
1731068643.3,19.8,0.576,0.0,1.76
1731068643.8,20.5,0.597,0.0,NA
1731068644.3,19.8,0.561,0.0,7.4
1731068644.8,19.8,0.615,0.0,2.13
1731068645.3,19.9,0.807,0.0,1.69
1731068645.8,20.5,1.030,0.0,2.33
1731068646.3,19.8,0.681,0.0,2.19
1731068646.8,19.8,0.689,0.0,1.78
1731068647.3,19.8,0.959,0.0,1.94
1731068647.8,20.5,0.802,0.0,1.51
1731068648.3,19.8,0.635,0.0,1.55
1731068648.8,19.8,0.676,0.0,4.17
1731068649.3,19.8,0.824,0.0,1.6
1731068649.8,20.5,0.851,0.0,1.55
1731068650.3,19.8,0.823,0.0,2.13
1731068650.8,19.8,0.835,0.0,1.98
1731068651.3,19.8,0.887,0.0,2.72
1731068651.8,20.5,0.795,0.0,3.41
1731068652.3,19.8,0.921,0.0,2.23
1731068652.8,19.8,1.096,0.0,2.59
1731068653.3,19.8,1.059,0.0,1.7
1731068653.8,20.5,1.041,0.0,10.1
1731068654.3,19.8,1.089,0.0,2.24
1731068654.8,19.9,1.176,0.0,1.56
1731068655.3,19.8,1.011,0.0,3.19
1731068655.8,19.8,0.782,0.0,1.83
1731068656.3,20.5,1.137,0.0,1.63
1731068656.8,19.9,0.781,0.0,2.21
1731068657.3,19.8,0.754,0.0,1.87
1731068657.8,20.5,0.829,0.0,1.74
1731068658.3,19.8,0.931,0.0,6.11
1731068658.8,19.8,1.321,0.0,1.38
1731068659.3,19.8,0.896,0.0,1.66
1731068659.8,19.8,1.201,0.0,2.36
1731068660.3,20.5,1.136,0.0,1.99
1731068660.8,19.9,1.016,0.0,2.6
1731068661.3,19.8,1.148,0.0,1.67
1731068661.8,19.9,1.195,0.0,2.38
1731068662.3,20.5,1.138,0.0,2.27
1731068662.8,19.8,1.177,0.0,2.16
1731068663.3,19.8,1.199,0.0,3.46
1731068663.8,19.9,0.897,0.0,1.5
1731068664.3,19.8,0.718,0.0,1.38
1731068664.8,20.5,0.676,0.0,2.39
1731068665.3,19.9,0.747,0.0,1.49
1731068665.8,20.5,0.682,0.0,1.7
1731068666.3,19.8,1.062,0.0,2.13
1731068666.8,19.8,0.632,0.0,1.39
1731068667.3,19.8,0.723,0.0,2.26
1731068667.8,20.5,1.251,0.0,10.3
1731068668.3,19.8,1.193,0.0,1.9
1731068668.8,19.8,0.780,0.0,2.17
1731068669.3,19.8,0.930,0.0,1.7
1731068669.8,20.5,0.654,0.0,2.11
1731068670.3,19.9,0.877,0.0,2.31
1731068670.8,19.8,0.824,0.0,1.59
1731068671.3,19.8,0.760,0.0,2.1
1731068671.8,20.5,0.826,0.0,1.4
1731068672.3,19.8,0.777,0.0,7.58
1731068672.8,19.8,0.913,0.0,2.78
1731068673.3,19.8,0.933,0.0,1.5
1731068673.8,20.5,0.833,0.0,1.77
1731068674.3,19.8,1.053,0.0,2.14
1731068674.8,19.8,1.032,0.0,1.82
1731068675.3,19.9,1.079,0.0,1.75
1731068675.8,19.8,1.160,0.0,1.63
1731068676.3,20.5,1.115,0.0,1.8
1731068676.8,19.8,0.924,0.0,3.41
1731068677.3,19.8,0.998,0.0,1.85
1731068677.8,20.5,0.836,0.0,2.0
1731068678.3,19.8,0.822,0.0,1.92
1731068678.8,19.8,0.882,0.0,1.8
1731068679.3,19.9,0.916,0.0,2.54
1731068679.8,20.5,0.895,0.0,2.12
1731068680.3,19.8,0.844,0.0,1.45
1731068680.8,19.8,1.235,0.0,2.68
1731068681.3,19.8,1.267,0.0,1.43
1731068681.8,19.9,1.038,0.0,8.64
1731068682.3,20.5,0.994,0.0,2.59
1731068682.8,19.9,1.191,0.0,1.58
1731068683.3,19.8,1.705,0.0,1.66
1731068683.8,20.5,1.198,0.0,2.08
1731068684.3,19.8,1.134,0.0,1.81
1731068684.8,19.9,1.590,0.0,1.87
1731068685.3,19.8,0.979,0.0,1.97
1731068685.8,19.9,0.602,0.0,2.03
1731068686.3,20.5,0.961,0.0,6.05
1731068686.8,19.8,0.710,0.0,1.7
1731068687.3,19.8,0.552,0.0,2.8
1731068687.8,20.5,1.023,0.0,2.02
1731068688.3,19.8,0.688,0.0,1.64
1731068688.8,19.8,0.686,0.0,2.35
1731068689.3,19.8,0.686,0.0,1.6
1731068689.8,19.8,0.788,0.0,1.58
1731068690.3,20.5,0.888,0.0,2.52
1731068690.8,19.8,0.909,0.0,5.29
1731068691.3,19.8,0.999,0.0,1.49
1731068691.8,20.5,0.679,0.0,2.09
1731068692.3,19.8,0.907,0.0,1.87
1731068692.8,19.8,1.157,0.0,2.16
1731068693.3,19.8,0.965,0.0,1.51
1731068693.8,20.5,0.725,0.0,2.07
1731068694.3,19.9,0.964,0.0,2.33
1731068694.8,19.8,1.342,0.0,1.71
1731068695.3,19.8,0.942,0.0,2.28
1731068695.8,20.5,1.344,0.0,8.44
1731068696.3,19.9,1.057,0.0,1.66
1731068696.8,19.8,1.193,0.0,2.82
1731068697.3,19.8,1.330,0.0,1.72
1731068697.8,20.5,1.434,0.0,1.53
1731068698.3,19.9,1.284,0.0,2.68
1731068698.8,19.8,0.725,0.0,1.57
1731068699.3,19.8,0.694,0.0,1.53
1731068699.8,20.5,1.122,0.0,2.93
1731068700.3,19.8,0.872,0.0,8.14
1731068700.8,19.8,0.824,0.0,1.79
1731068701.3,19.8,1.109,0.0,1.94
1731068701.8,19.9,1.206,0.0,2.28
1731068702.3,20.5,0.956,0.0,3.05
1731068702.8,19.8,1.053,0.0,1.63
1731068703.3,19.9,1.178,0.0,2.51
1731068703.8,20.5,1.183,0.0,2.45
1731068704.3,19.9,1.042,0.0,1.67
1731068704.8,19.8,1.279,0.0,4.84
1731068705.3,19.8,1.532,0.0,1.36
1731068705.8,19.8,1.329,0.0,1.67
1731068706.3,20.5,1.366,0.0,2.1
1731068706.8,19.8,1.263,0.0,1.85
1731068707.3,19.8,0.583,0.0,1.38
1731068707.8,20.5,0.502,0.0,1.94
1731068708.3,19.9,1.202,0.0,1.68
1731068708.8,19.8,0.756,0.0,1.83
1731068709.3,19.8,0.619,0.0,1.6
1731068709.8,20.5,0.554,0.0,2.25
1731068710.3,19.8,0.671,0.0,2.89
1731068710.8,19.8,0.726,0.0,1.93
1731068711.3,19.8,0.694,0.0,2.37
1731068711.8,20.5,0.668,0.0,1.53
1731068712.3,19.8,0.983,0.0,1.68
1731068712.8,19.8,0.786,0.0,2.58
1731068713.3,19.8,0.761,0.0,1.45
1731068713.8,19.8,0.809,0.0,1.65
1731068714.3,20.5,0.878,0.0,10.1
1731068714.8,19.8,0.927,0.0,2.12
1731068715.3,19.8,0.800,0.0,2.31
1731068715.8,20.5,1.223,0.0,1.56
1731068716.3,19.8,1.079,0.0,2.46
1731068716.8,19.8,0.932,0.0,2.53
1731068717.3,19.8,1.057,0.0,1.9
1731068717.8,20.5,1.061,0.0,2.37
1731068718.3,19.8,1.122,0.0,2.29
1731068718.8,19.8,1.128,0.0,7.34
1731068719.3,19.8,1.138,0.0,2.29
1731068719.8,19.8,0.830,0.0,1.35
1731068720.3,20.5,0.662,0.0,1.38
1731068720.8,19.8,0.949,0.0,1.8
1731068721.3,19.8,0.865,0.0,1.76
1731068721.8,20.5,0.931,0.0,1.92
1731068722.3,19.8,0.952,0.0,2.09
1731068722.8,19.8,0.943,0.0,1.81
1731068723.3,19.8,0.897,0.0,4.07
1731068723.8,20.5,1.015,0.0,1.79
1731068724.3,19.8,1.084,0.0,2.19
1731068724.8,19.9,0.953,0.0,2.36
1731068725.3,19.8,1.301,0.0,1.71
1731068725.8,20.5,1.155,0.0,2.51
1731068726.3,19.8,1.114,0.0,2.49
1731068726.8,19.8,1.228,0.0,1.92
1731068727.3,19.7,1.360,0.0,2.12
1731068727.8,20.6,1.475,0.0,1.52
1731068728.3,19.2,0.619,0.0,10.0
1731068728.8,20.5,0.650,0.0,2.46
1731068729.3,19.8,0.496,0.0,1.76
1731068729.8,20.5,0.519,0.0,1.74
1731068730.3,19.8,0.652,0.0,2.13
1731068730.8,19.8,0.619,0.0,1.88
1731068731.3,19.9,0.888,0.0,2.23
1731068731.8,20.5,0.958,0.0,1.83
1731068732.3,19.8,0.789,0.0,1.72
1731068732.8,19.8,0.597,0.0,5.18
1731068733.3,19.9,1.271,0.0,1.7
1731068733.8,20.5,0.834,0.0,1.98
1731068734.3,19.8,0.644,0.0,2.33
1731068734.8,19.8,0.735,0.0,1.8
1731068735.3,19.8,0.783,0.0,2.16
1731068735.8,20.5,0.772,0.0,2.23
1731068736.3,19.8,0.743,0.0,1.62
1731068736.8,19.9,0.775,0.0,2.55
1731068737.3,19.8,1.121,0.0,4.15
1731068737.8,20.5,0.937,0.0,1.65
1731068738.3,19.9,0.901,0.0,2.05
1731068738.8,19.8,1.033,0.0,1.43
1731068739.3,19.8,1.470,0.0,1.65
1731068739.8,20.5,1.105,0.0,3.04
1731068740.3,19.8,1.048,0.0,1.9
1731068740.8,19.8,1.145,0.0,2.35
1731068741.3,19.8,0.868,0.0,1.72
1731068741.8,20.5,0.763,0.0,2.11
1731068742.3,19.8,0.943,0.0,8.47
1731068742.8,19.8,0.766,0.0,1.77
1731068743.3,19.8,1.142,0.0,2.46
1731068743.8,20.5,0.914,0.0,2.02
1731068744.3,19.8,1.191,0.0,1.27
1731068744.8,19.8,1.142,0.0,2.36
1731068745.3,19.8,1.145,0.0,1.45
1731068745.8,20.5,2.116,0.0,1.69
1731068746.3,19.8,1.313,0.0,2.12
1731068746.8,19.8,1.244,0.0,8.24
1731068747.3,19.8,1.436,0.0,2.45
1731068747.8,20.5,1.132,0.0,2.04
1731068748.3,19.8,1.123,0.0,2.61
1731068748.8,19.8,1.608,0.0,2.92
1731068749.3,19.8,1.216,0.0,2.24
1731068749.8,19.8,0.685,0.0,3.25
1731068750.3,20.5,0.572,0.0,1.46
1731068750.8,19.8,0.880,0.0,1.98
1731068751.3,19.8,0.776,0.0,7.61
1731068751.8,19.8,0.788,0.0,2.17
1731068752.3,20.5,0.772,0.0,2.48
1731068752.8,19.8,0.904,0.0,1.81
1731068753.3,19.9,0.650,0.0,2.25
1731068753.8,19.8,0.699,0.0,2.96
1731068754.3,20.5,0.843,0.0,1.74
1731068754.8,19.8,0.667,0.0,2.97
1731068755.3,19.8,0.658,0.0,2.02
1731068755.8,20.5,0.934,0.0,3.57
1731068756.3,19.8,0.908,0.0,2.71
1731068756.8,19.8,0.770,0.0,1.6
1731068757.3,19.8,0.907,0.0,1.58
1731068757.8,20.5,0.929,0.0,2.52
1731068758.3,19.8,0.964,0.0,1.92
1731068758.8,19.8,1.017,0.0,1.66
1731068759.3,19.8,1.033,0.0,2.16
1731068759.8,20.5,1.212,0.0,1.48
1731068760.3,19.8,1.106,0.0,1.76
1731068760.8,19.9,1.208,0.0,9.67
1731068761.3,19.8,1.142,0.0,1.59
1731068761.8,20.5,1.050,0.0,1.68
1731068762.3,19.8,0.939,0.0,1.87
1731068762.8,19.8,0.680,0.0,1.67
1731068763.3,19.8,0.707,0.0,1.96
1731068763.8,20.5,0.832,0.0,1.51
1731068764.3,19.8,0.774,0.0,1.63
1731068764.8,19.8,1.117,0.0,2.11
1731068765.3,19.8,1.469,0.0,4.25
1731068765.8,20.5,0.867,0.0,2.33
1731068766.3,19.8,1.039,0.0,2.09
1731068766.8,19.8,1.036,0.0,1.65
1731068767.3,19.9,1.148,0.0,2.79
1731068767.8,20.5,1.030,0.0,2.36
1731068768.3,19.8,1.434,0.0,1.56
1731068768.8,19.9,1.367,0.0,2.11
1731068769.3,19.8,1.215,0.0,1.57
1731068769.8,20.5,1.390,0.0,2.77
