,mean,std
F4C1Bitrate,7.993662311557788,0.32811331315267245
F4C1Jitter,0.6911034170854271,0.5187033889293727
F4C1Datagrams,0.0006277386934673367,0.007720735925298915
F4C1Delay,1.5782682412060303,3.1978021415951257
F4C1Distance,3972.7980101045996,210.12735045428653
F4F2Bitrate,19.975226130653265,0.37273715815026087
F4F2Jitter,0.8812339698492463,0.44674197282462197
F4F2Datagrams,0.0006092462311557788,0.007690813872718372
F4F2Delay,2.7790623115577886,3.732234312035669
F4F2Distance,4525.7362534614285,596.2589792656414
F4S1Bitrate,39.73373467336684,2.5545742640027704
F4S1Jitter,0.671331959798995,0.3145654995724814
F4S1Datagrams,0.002760904522613066,0.013164854200351489
F4S1Delay,1.7647885427135679,1.8995371092602193
F4S1Distance,5065.203410017843,726.5849166158891
F4F1Bitrate,19.973778894472364,0.3529358438956227
F4F1Jitter,0.6178160804020101,0.3471700626562395
F4F1Datagrams,0.000565427135678392,0.005841997549667317
F4F1Delay,1.485666834170854,2.202212927613556
F4F1Distance,3620.3079291989375,477.0443666780943
F2C1Bitrate,7.993185929648241,0.3398858818285146
F2C1Jitter,0.9438683417085427,0.6174856589816511
F2C1Datagrams,0.0008025125628140704,0.010673476906093793
F2C1Delay,2.774586934673367,3.4098993589873383
F2C1Distance,4506.450906468035,136.06409828981964
F2F1Bitrate,19.98073366834171,0.337120029058006
F2F1Jitter,0.6314190954773871,0.3686219957025961
F2F1Datagrams,0.0002165829145728643,0.005019362147098792
F2F1Delay,1.5714516582914573,4.0679144007814605
F2F1Distance,905.4284414050494,119.21461212797205
F2S1Bitrate,39.960944723618084,0.5735881175571993
F2S1Jitter,0.9780980904522613,0.37609146704530977
F2S1Datagrams,0.0009640201005025125,0.007412736012807678
F2S1Delay,2.7285165829145726,2.6171806880776525
F2S1Distance,4367.3613038385365,140.4553132997915
F2F4Bitrate,19.97565829145729,0.3853529920234205
F2F4Jitter,0.9411398994974873,0.43515434924209534
F2F4Datagrams,0.0005804020100502511,0.008404779559059113
F2F4Delay,2.729621608040201,2.5692505926973737
F2F4Distance,4525.7362534614285,596.2589792656414
F1F4Bitrate,19.977457286432163,0.3392681555073805
F1F4Jitter,0.6080768844221106,0.36092329453922334
F1F4Datagrams,0.0005251256281407035,0.006116697787073383
F1F4Delay,1.5626222110552763,3.556814955748516
F1F4Distance,3620.3079291989375,477.0443666780943
F1C1Bitrate,7.994564824120602,0.3254462519115264
F1C1Jitter,0.6811341708542713,0.5569901151096311
F1C1Datagrams,0.0005917587939698492,0.0075150483819484285
F1C1Delay,1.5704118592964824,3.3027928521390444
F1C1Distance,4002.6820891663688,270.33626942523676
F1S1Bitrate,39.96305527638191,0.4733775910181938
F1S1Jitter,0.6780108542713569,0.301665253399054
F1S1Datagrams,0.0008986934673366835,0.006166222490350967
F1S1Delay,1.5994025125628142,3.3921102383678385
F1S1Distance,4139.701637799079,191.7541747310553
F1F2Bitrate,19.98257286432161,0.3305208520434288
F1F2Jitter,0.710911055276382,0.3968777217968847
F1F2Datagrams,0.00018874371859296484,0.004715840293949576
F1F2Delay,1.4976851256281407,2.988769340901943
F1F2Distance,905.4284414050494,119.21461212797205
C1F4Bitrate,19.971668341708547,0.3560734080387432
C1F4Jitter,0.626043216080402,0.40310037422484446
C1F4Datagrams,0.0006952763819095477,0.0065966191888427225
C1F4Delay,1.5256961809045226,2.338046556026252
C1F4Distance,3972.7980101045996,210.12735045428653
C1S1Bitrate,39.937859296482415,0.5633182738824969
C1S1Jitter,0.9309925628140704,0.3205956982770254
C1S1Datagrams,0.001529246231155779,0.008449905529172089
C1S1Delay,2.7374768844221102,2.977154959737533
C1S1Distance,7711.870186269668,37.43859620045009
C1F2Bitrate,19.96714773869347,0.44630652341932575
C1F2Jitter,0.8497170854271356,0.4643857091836675
C1F2Datagrams,0.0008688442211055276,0.008712746059096742
C1F2Delay,2.803633165829146,4.156862828985403
C1F2Distance,4506.450906468035,136.06409828981964
C1F1Bitrate,19.96793969849247,0.3730780246062881
C1F1Jitter,0.6175090452261306,0.3944378090327622
C1F1Datagrams,0.0009343718592964825,0.006947745701598647
C1F1Delay,1.5473002010050252,3.2783889561136275
C1F1Distance,4002.6820891663688,270.33626942523676
S1F1Bitrate,19.965266331658295,0.3484662798075663
S1F1Jitter,0.5926159798994975,0.4030446270861761
S1F1Datagrams,0.0011635175879396986,0.007236138763835977
S1F1Delay,1.5452057286432161,3.283971001161505
S1F1Distance,4139.701637799079,191.7541747310553
S1F2Bitrate,19.965158793969852,0.40399712660124576
S1F2Jitter,0.8752159798994974,0.41126503367724726
S1F2Datagrams,0.0010758793969849246,0.008508770001605919
S1F2Delay,2.7019462311557785,2.8007853443541713
S1F2Distance,4367.3613038385365,140.4553132997915
S1F4Bitrate,19.851116582914578,1.2491908575028579
S1F4Jitter,0.7438802010050252,0.4234953568889419
S1F4Datagrams,0.0033482412060301513,0.01521878086038737
S1F4Delay,1.7996879396984926,3.1221405748059334
S1F4Distance,5065.203410017843,726.5849166158891
S1C1Bitrate,7.989678391959799,0.3440646151267796
S1C1Jitter,0.9747738693467337,0.6587697600103724
S1C1Datagrams,0.0012225125628140706,0.011513057289850944
S1C1Delay,2.739125125628141,3.13630979281454
S1C1Distance,7711.870186269668,37.43859620045009
