Time,label
1731075247.2,False
1731075247.7,False
1731075248.2,False
1731075248.7,False
1731075249.2,False
1731075249.7,False
1731075250.2,False
1731075250.7,False
1731075251.2,False
1731075251.7,False
1731075252.2,False
1731075252.7,False
1731075253.2,False
1731075253.7,False
1731075254.2,False
1731075254.7,False
1731075255.2,False
1731075255.7,False
1731075256.2,False
1731075256.7,False
1731075257.2,False
1731075257.7,False
1731075258.2,False
1731075258.7,False
1731075259.2,False
1731075259.7,False
1731075260.2,False
1731075260.7,False
1731075261.2,False
1731075261.7,False
1731075262.2,False
1731075262.7,False
1731075263.2,False
1731075263.7,False
1731075264.2,False
1731075264.7,False
1731075265.2,False
1731075265.7,False
1731075266.2,False
1731075266.7,False
1731075267.2,False
1731075267.7,False
1731075268.2,False
1731075268.7,False
1731075269.2,False
1731075269.7,False
1731075270.2,False
1731075270.7,False
1731075271.2,False
1731075271.7,False
1731075272.2,False
1731075272.7,False
1731075273.2,False
1731075273.7,False
1731075274.2,False
1731075274.7,False
1731075275.2,False
1731075275.7,False
1731075276.2,False
1731075276.7,False
1731075277.2,False
1731075277.7,False
1731075278.2,False
1731075278.7,False
1731075279.2,False
1731075279.7,False
1731075280.2,False
1731075280.7,False
1731075281.2,False
1731075281.7,False
1731075282.2,False
1731075282.7,False
1731075283.2,False
1731075283.7,False
1731075284.2,False
1731075284.7,False
1731075285.2,False
1731075285.7,False
1731075286.2,False
1731075286.7,False
1731075287.2,False
1731075287.7,False
1731075288.2,False
1731075288.7,False
1731075289.2,False
1731075289.7,False
1731075290.2,False
1731075290.7,False
1731075291.2,False
1731075291.7,False
1731075292.2,False
1731075292.7,False
1731075293.2,False
1731075293.7,False
1731075294.2,False
1731075294.7,False
1731075295.2,False
1731075295.7,False
1731075296.2,False
1731075296.7,False
1731075297.2,False
1731075297.7,False
1731075298.2,False
1731075298.7,False
1731075299.2,False
1731075299.7,False
1731075300.2,False
1731075300.7,False
1731075301.2,False
1731075301.7,False
1731075302.2,False
1731075302.7,False
1731075303.2,False
1731075303.7,False
1731075304.2,False
1731075304.7,False
1731075305.2,False
1731075305.7,False
1731075306.2,False
1731075306.7,False
1731075307.2,False
1731075307.7,False
1731075308.2,False
1731075308.7,False
1731075309.2,False
1731075309.7,False
1731075310.2,False
1731075310.7,False
1731075311.2,False
1731075311.7,False
1731075312.2,False
1731075312.7,False
1731075313.2,False
1731075313.7,False
1731075314.2,False
1731075314.7,False
1731075315.2,False
1731075315.7,False
1731075316.2,False
1731075316.7,False
1731075317.2,False
1731075317.7,False
1731075318.2,False
1731075318.7,False
1731075319.2,False
1731075319.7,False
1731075320.2,False
1731075320.7,False
1731075321.2,False
1731075321.7,False
1731075322.2,False
1731075322.7,False
1731075323.2,False
1731075323.7,False
1731075324.2,False
1731075324.7,False
1731075325.2,False
1731075325.7,False
1731075326.2,False
1731075326.7,False
1731075327.2,False
1731075327.7,False
1731075328.2,False
1731075328.7,False
1731075329.2,False
1731075329.7,False
1731075330.2,False
1731075330.7,False
1731075331.2,False
1731075331.7,False
1731075332.2,False
1731075332.7,False
1731075333.2,False
1731075333.7,False
1731075334.2,False
1731075334.7,False
1731075335.2,False
1731075335.7,False
1731075336.2,False
1731075336.7,False
1731075337.2,False
1731075337.7,False
1731075338.2,False
1731075338.7,False
1731075339.2,False
1731075339.7,False
1731075340.2,False
1731075340.7,False
1731075341.2,False
1731075341.7,False
1731075342.2,False
1731075342.7,False
1731075343.2,False
1731075343.7,False
1731075344.2,False
1731075344.7,False
1731075345.2,False
1731075345.7,False
1731075346.2,False
1731075346.7,False
1731075347.2,False
1731075347.7,False
1731075348.2,False
1731075348.7,False
1731075349.2,False
1731075349.7,False
1731075350.2,False
1731075350.7,False
1731075351.2,False
1731075351.7,False
1731075352.2,False
1731075352.7,False
1731075353.2,False
1731075353.7,False
1731075354.2,False
1731075354.7,False
1731075355.2,False
1731075355.7,False
1731075356.2,True
1731075356.7,True
1731075357.2,False
1731075357.7,False
1731075358.2,False
1731075358.7,False
1731075359.2,False
1731075359.7,False
1731075360.2,False
1731075360.7,False
1731075361.2,False
1731075361.7,False
1731075362.2,False
1731075362.7,False
1731075363.2,False
1731075363.7,False
1731075364.2,False
1731075364.7,False
1731075365.2,False
1731075365.7,False
1731075366.2,False
1731075366.7,False
1731075367.2,False
1731075367.7,False
1731075368.2,False
1731075368.7,False
1731075369.2,False
1731075369.7,False
1731075370.2,False
1731075370.7,False
1731075371.2,False
1731075371.7,False
1731075372.2,False
1731075372.7,False
1731075373.2,False
1731075373.7,False
1731075374.2,False
1731075374.7,False
1731075375.2,False
1731075375.7,False
1731075376.2,False
1731075376.7,False
1731075377.2,False
1731075377.7,False
1731075378.2,False
1731075378.7,True
1731075379.2,True
1731075379.7,True
1731075380.2,True
1731075380.7,True
1731075381.2,True
1731075381.7,True
1731075382.2,True
1731075382.7,True
1731075383.2,True
1731075383.7,True
1731075384.2,True
1731075384.7,True
1731075385.2,True
1731075385.7,True
1731075386.2,True
1731075386.7,True
1731075387.2,True
1731075387.7,True
1731075388.2,True
1731075388.7,True
1731075389.2,True
1731075389.7,True
1731075390.2,True
1731075390.7,True
1731075391.2,True
1731075391.7,False
1731075392.2,False
1731075392.7,False
1731075393.2,False
1731075393.7,False
1731075394.2,False
1731075394.7,True
1731075395.2,False
1731075395.7,False
1731075396.2,False
1731075396.7,False
1731075397.2,False
1731075397.7,False
1731075398.2,False
1731075398.7,False
1731075399.2,False
1731075399.7,False
1731075400.2,False
1731075400.7,False
1731075401.2,False
1731075401.7,False
1731075402.2,False
1731075402.7,False
1731075403.2,False
1731075403.7,False
1731075404.2,False
1731075404.7,False
1731075405.2,False
1731075405.7,False
1731075406.2,False
1731075406.7,False
1731075407.2,False
1731075407.7,False
1731075408.2,False
1731075408.7,False
1731075409.2,False
1731075409.7,False
1731075410.2,False
1731075410.7,False
1731075411.2,False
1731075411.7,False
1731075412.2,False
1731075412.7,False
1731075413.2,False
1731075413.7,False
1731075414.2,False
1731075414.7,False
1731075415.2,False
1731075415.7,False
1731075416.2,False
1731075416.7,False
1731075417.2,False
1731075417.7,True
1731075418.2,False
1731075418.71,False
1731075419.2,False
1731075419.7,False
1731075420.2,False
1731075420.7,False
1731075421.2,False
1731075421.7,False
1731075422.2,False
1731075422.7,False
1731075423.2,False
1731075423.7,False
1731075424.2,False
1731075424.7,False
1731075425.2,False
1731075425.7,False
1731075426.2,False
1731075426.7,False
1731075427.2,False
1731075427.7,False
1731075428.2,False
1731075428.7,False
1731075429.2,False
1731075429.7,False
1731075430.2,False
1731075430.7,False
1731075431.2,False
1731075431.7,False
1731075432.2,False
1731075432.7,False
1731075433.2,False
1731075433.7,False
1731075434.2,False
1731075434.7,False
1731075435.2,False
1731075435.7,False
1731075436.2,False
1731075436.7,False
1731075437.2,False
1731075437.7,False
1731075438.2,False
1731075438.7,False
1731075439.2,False
1731075439.7,False
1731075440.2,False
1731075440.7,False
1731075441.2,False
1731075441.7,False
1731075442.2,False
1731075442.7,False
1731075443.2,False
1731075443.7,False
1731075444.2,False
1731075444.7,False
1731075445.2,False
1731075445.7,False
1731075446.2,False
1731075446.7,False
1731075447.2,False
1731075447.7,False
1731075448.2,False
1731075448.7,False
1731075449.2,False
1731075449.7,False
1731075450.2,False
1731075450.7,False
1731075451.2,False
1731075451.7,False
1731075452.2,False
1731075452.7,False
1731075453.2,False
1731075453.7,False
1731075454.2,False
1731075454.7,False
1731075455.2,False
1731075455.7,False
1731075456.2,False
1731075456.7,False
1731075457.2,False
1731075457.7,False
1731075458.2,False
1731075458.7,False
1731075459.2,False
1731075459.7,False
1731075460.2,False
1731075460.7,False
1731075461.2,False
1731075461.7,False
1731075462.2,False
1731075462.7,False
1731075463.2,False
1731075463.7,False
1731075464.2,False
1731075464.7,False
1731075465.2,False
1731075465.7,False
1731075466.2,False
1731075466.7,False
1731075467.2,False
1731075467.7,False
1731075468.2,False
1731075468.7,False
1731075469.2,False
1731075469.7,False
1731075470.2,False
1731075470.7,False
1731075471.2,False
1731075471.7,False
1731075472.2,False
1731075472.7,False
1731075473.2,False
1731075473.7,False
1731075474.2,False
1731075474.7,False
1731075475.2,False
1731075475.7,False
1731075476.2,False
1731075476.7,False
1731075477.2,False
1731075477.7,False
1731075478.2,False
1731075478.7,False
1731075479.2,False
1731075479.7,False
1731075480.2,False
1731075480.7,False
1731075481.2,False
1731075481.7,False
1731075482.2,False
1731075482.7,False
1731075483.2,False
1731075483.7,False
1731075484.2,False
1731075484.7,False
1731075485.2,False
1731075485.7,False
1731075486.2,False
1731075486.7,False
1731075487.2,False
1731075487.7,False
1731075488.2,False
1731075488.7,False
1731075489.2,False
1731075489.7,False
1731075490.2,False
1731075490.7,False
1731075491.2,False
1731075491.7,False
1731075492.2,False
1731075492.7,False
1731075493.2,False
1731075493.7,False
1731075494.2,False
1731075494.7,False
1731075495.2,False
1731075495.7,False
1731075496.2,False
1731075496.7,False
1731075497.2,False
1731075497.7,False
1731075498.2,False
1731075498.7,False
1731075499.2,False
1731075499.7,False
1731075500.2,False
1731075500.7,False
1731075501.2,False
1731075501.7,False
1731075502.2,False
1731075502.7,False
1731075503.2,False
1731075503.7,False
1731075504.2,False
1731075504.7,False
1731075505.2,False
1731075505.7,False
1731075506.2,True
1731075506.7,False
1731075507.2,False
1731075507.7,False
1731075508.2,False
1731075508.7,False
1731075509.2,False
1731075509.7,False
1731075510.2,False
1731075510.7,False
1731075511.2,False
1731075511.7,False
1731075512.2,False
1731075512.7,False
1731075513.2,True
1731075513.7,False
1731075514.2,False
1731075514.7,False
1731075515.2,False
1731075515.7,False
1731075516.2,False
1731075516.7,False
1731075517.2,False
1731075517.7,False
1731075518.2,False
1731075518.7,False
1731075519.2,False
1731075519.7,False
1731075520.2,False
1731075520.7,False
1731075521.2,False
1731075521.7,False
1731075522.2,False
1731075522.7,False
1731075523.2,False
1731075523.7,True
1731075524.2,True
1731075524.7,True
1731075525.2,True
1731075525.7,True
1731075526.2,False
1731075526.7,False
1731075527.2,False
1731075527.7,False
1731075528.2,False
1731075528.7,False
1731075529.2,False
1731075529.7,False
1731075530.2,True
1731075530.7,True
1731075531.2,True
1731075531.7,True
1731075532.2,True
1731075532.7,True
1731075533.2,True
1731075533.7,True
1731075534.2,False
1731075534.7,False
1731075535.2,False
1731075535.7,False
1731075536.2,False
1731075536.7,True
1731075537.2,True
1731075537.7,True
1731075538.2,True
1731075538.7,True
1731075539.2,True
1731075539.7,True
1731075540.2,True
1731075540.7,True
1731075541.2,True
1731075541.7,True
1731075542.2,False
1731075542.7,False
1731075543.2,False
1731075543.7,False
1731075544.2,False
1731075544.7,False
1731075545.2,False
1731075545.7,False
1731075546.2,False
1731075546.7,False
1731075547.2,False
1731075547.7,False
1731075548.2,False
1731075548.7,False
1731075549.2,False
1731075549.7,False
1731075550.2,False
1731075550.7,False
1731075551.2,False
1731075551.7,False
1731075552.2,False
1731075552.7,False
1731075553.2,False
1731075553.7,False
1731075554.2,False
1731075554.7,False
1731075555.2,False
1731075555.7,False
1731075556.2,False
1731075556.7,False
1731075557.2,False
1731075557.7,False
1731075558.2,False
1731075558.7,False
1731075559.2,False
1731075559.7,False
1731075560.2,False
1731075560.7,False
1731075561.2,False
1731075561.7,False
1731075562.2,False
1731075562.7,False
1731075563.2,False
1731075563.7,False
1731075564.2,False
1731075564.7,False
1731075565.2,False
1731075565.7,False
1731075566.2,False
1731075566.7,False
1731075567.2,False
1731075567.7,False
1731075568.2,False
1731075568.7,False
1731075569.2,False
1731075569.7,False
1731075570.2,False
1731075570.7,False
1731075571.2,False
1731075571.7,False
1731075572.2,False
1731075572.7,False
1731075573.2,False
1731075573.7,False
1731075574.2,False
1731075574.7,False
1731075575.2,False
1731075575.7,False
1731075576.2,False
1731075576.7,False
1731075577.2,False
1731075577.7,False
1731075578.2,False
1731075578.7,False
1731075579.2,False
1731075579.7,False
1731075580.2,False
1731075580.7,False
1731075581.2,False
1731075581.7,False
1731075582.2,False
1731075582.7,True
1731075583.2,False
1731075583.7,False
1731075584.2,False
1731075584.7,False
1731075585.2,False
1731075585.7,False
1731075586.2,False
1731075586.7,False
1731075587.2,False
1731075587.7,False
1731075588.2,False
1731075588.7,False
1731075589.2,False
1731075589.7,False
1731075590.2,False
1731075590.7,False
1731075591.2,False
1731075591.7,False
1731075592.2,True
1731075592.7,False
1731075593.2,False
1731075593.7,False
1731075594.2,False
1731075594.7,False
1731075595.2,False
1731075595.7,False
1731075596.2,False
1731075596.7,False
1731075597.2,False
1731075597.7,False
1731075598.2,False
1731075598.7,False
1731075599.2,False
1731075599.7,False
1731075600.2,False
1731075600.7,False
1731075601.2,False
1731075601.7,False
1731075602.2,False
1731075602.7,False
1731075603.2,False
1731075603.7,False
1731075604.2,False
1731075604.7,False
1731075605.2,False
1731075605.7,False
1731075606.2,False
1731075606.7,False
1731075607.2,False
1731075607.7,False
1731075608.2,False
1731075608.7,False
1731075609.2,False
1731075609.7,False
1731075610.2,False
1731075610.7,False
1731075611.2,False
1731075611.7,False
1731075612.2,False
1731075612.7,False
1731075613.2,False
1731075613.7,False
1731075614.2,False
1731075614.7,False
1731075615.2,False
1731075615.7,False
1731075616.2,False
1731075616.7,False
1731075617.2,False
1731075617.7,False
1731075618.2,False
1731075618.7,False
1731075619.2,False
1731075619.7,True
1731075620.2,False
1731075620.7,False
1731075621.2,False
1731075621.7,False
1731075622.2,False
1731075622.7,False
1731075623.2,False
1731075623.7,False
1731075624.2,False
1731075624.7,False
1731075625.2,False
1731075625.7,False
1731075626.2,False
1731075626.7,False
1731075627.2,False
1731075627.7,False
1731075628.2,False
1731075628.7,False
1731075629.2,False
1731075629.7,False
1731075630.2,False
1731075630.7,False
1731075631.2,False
1731075631.7,False
1731075632.2,False
1731075632.7,False
1731075633.2,False
1731075633.7,False
1731075634.2,False
1731075634.7,False
1731075635.2,False
1731075635.7,False
1731075636.2,False
1731075636.7,False
1731075637.2,False
1731075637.7,False
1731075638.2,False
1731075638.7,False
1731075639.2,False
1731075639.7,False
1731075640.2,False
1731075640.7,False
1731075641.2,False
1731075641.7,False
1731075642.2,False
1731075642.7,False
1731075643.2,False
1731075643.7,False
1731075644.2,False
1731075644.7,False
1731075645.2,False
1731075645.7,False
1731075646.2,False
1731075646.7,False
1731075647.2,False
1731075647.7,False
1731075648.2,False
1731075648.7,False
1731075649.2,False
1731075649.7,False
1731075650.2,False
1731075650.7,False
1731075651.2,False
1731075651.7,False
1731075652.2,False
1731075652.7,False
1731075653.2,False
1731075653.7,False
1731075654.2,False
1731075654.7,False
1731075655.2,False
1731075655.7,False
1731075656.2,False
1731075656.7,False
1731075657.2,False
1731075657.7,False
1731075658.2,False
1731075658.7,False
1731075659.2,False
1731075659.7,False
1731075660.2,False
1731075660.7,False
1731075661.2,False
1731075661.7,False
1731075662.2,False
1731075662.7,False
1731075663.2,False
1731075663.7,False
1731075664.2,False
1731075664.7,False
1731075665.2,False
1731075665.7,False
1731075666.2,False
1731075666.7,False
1731075667.2,False
1731075667.7,False
1731075668.2,False
1731075668.7,False
1731075669.2,False
1731075669.7,False
1731075670.2,False
1731075670.7,False
1731075671.2,False
1731075671.7,False
1731075672.2,False
1731075672.7,False
1731075673.2,False
1731075673.7,True
1731075674.2,False
1731075674.7,False
1731075675.2,False
1731075675.7,False
1731075676.2,False
1731075676.7,False
1731075677.2,False
1731075677.7,False
1731075678.2,False
1731075678.7,False
1731075679.2,False
1731075679.7,False
1731075680.2,False
1731075680.7,False
1731075681.2,False
1731075681.7,False
1731075682.2,False
1731075682.7,False
1731075683.2,False
1731075683.7,False
1731075684.2,False
1731075684.7,False
1731075685.2,False
1731075685.7,False
1731075686.2,False
1731075686.7,False
1731075687.2,False
1731075687.7,False
1731075688.2,False
1731075688.7,False
1731075689.2,False
1731075689.7,False
1731075690.2,False
1731075690.7,False
1731075691.2,False
1731075691.7,False
1731075692.2,False
1731075692.7,False
1731075693.2,False
1731075693.7,False
1731075694.2,False
1731075694.7,False
1731075695.2,False
1731075695.7,False
1731075696.2,False
1731075696.7,False
1731075697.2,False
1731075697.7,False
1731075698.2,False
1731075698.7,False
1731075699.2,False
1731075699.7,False
1731075700.2,False
1731075700.7,False
1731075701.2,False
1731075701.7,False
1731075702.2,False
1731075702.7,False
1731075703.2,False
1731075703.7,False
1731075704.2,False
1731075704.7,False
1731075705.2,False
1731075705.7,False
1731075706.2,False
1731075706.7,False
1731075707.2,False
1731075707.7,False
1731075708.2,False
1731075708.7,False
1731075709.2,False
1731075709.7,False
1731075710.2,False
1731075710.7,False
1731075711.2,False
1731075711.7,False
1731075712.2,False
1731075712.7,False
1731075713.2,False
1731075713.7,False
1731075714.2,False
1731075714.7,False
1731075715.2,False
1731075715.7,False
1731075716.2,False
1731075716.7,False
1731075717.2,False
1731075717.7,False
1731075718.2,False
1731075718.7,False
1731075719.2,False
1731075719.7,False
1731075720.2,False
1731075720.7,False
1731075721.2,False
1731075721.7,False
1731075722.2,False
1731075722.7,False
1731075723.2,False
1731075723.7,False
1731075724.2,False
1731075724.7,True
1731075725.2,True
1731075725.7,True
1731075726.2,True
1731075726.7,True
1731075727.2,True
1731075727.7,True
1731075728.2,True
1731075728.7,True
1731075729.2,True
1731075729.7,True
1731075730.2,True
1731075730.7,True
1731075731.2,True
1731075731.7,True
1731075732.2,True
1731075732.7,True
1731075733.2,True
1731075733.7,True
1731075734.2,True
1731075734.7,True
1731075735.2,True
1731075735.7,True
1731075736.2,True
1731075736.7,True
1731075737.2,True
1731075737.7,True
1731075738.2,True
1731075738.7,True
1731075739.2,True
1731075739.7,True
1731075740.2,True
1731075740.7,True
1731075741.2,True
1731075741.7,True
1731075742.2,False
1731075742.7,False
1731075743.2,False
1731075743.7,False
1731075744.2,False
1731075744.7,False
1731075745.2,False
1731075745.7,False
1731075746.2,False
1731075746.7,False
1731075747.2,False
1731075747.7,False
1731075748.2,False
1731075748.7,False
1731075749.2,False
1731075749.7,False
1731075750.2,False
1731075750.7,False
1731075751.2,False
1731075751.7,False
1731075752.2,False
1731075752.7,False
1731075753.2,False
1731075753.7,False
1731075754.2,False
1731075754.7,False
1731075755.2,False
1731075755.7,False
1731075756.2,False
1731075756.7,False
1731075757.2,False
1731075757.7,False
1731075758.2,False
1731075758.7,False
1731075759.2,False
1731075759.7,False
1731075760.2,False
1731075760.7,False
1731075761.2,False
1731075761.7,False
1731075762.2,False
1731075762.7,False
1731075763.2,False
1731075763.7,False
1731075764.2,False
1731075764.7,False
1731075765.2,False
1731075765.7,False
1731075766.2,False
1731075766.7,False
1731075767.2,False
1731075767.7,False
1731075768.2,False
1731075768.7,False
1731075769.2,False
1731075769.7,False
1731075770.2,False
1731075770.7,False
1731075771.2,False
1731075771.7,False
1731075772.2,False
1731075772.7,False
1731075773.2,False
1731075773.7,False
1731075774.2,False
1731075774.7,False
1731075775.2,True
1731075775.7,False
1731075776.2,False
1731075776.7,False
1731075777.2,False
1731075777.7,False
1731075778.2,False
1731075778.7,False
1731075779.2,False
1731075779.7,False
1731075780.2,False
1731075780.7,False
1731075781.2,False
1731075781.7,False
1731075782.2,False
1731075782.7,False
1731075783.2,False
1731075783.7,True
1731075784.2,True
1731075784.7,True
1731075785.2,True
1731075785.7,True
1731075786.2,True
1731075786.7,True
1731075787.2,True
1731075787.7,True
1731075788.2,True
1731075788.7,True
1731075789.2,True
1731075789.7,True
1731075790.2,True
1731075790.7,True
1731075791.2,True
1731075791.7,True
1731075792.2,True
1731075792.7,True
1731075793.2,False
1731075793.7,False
1731075794.2,False
1731075794.7,False
1731075795.2,False
1731075795.7,True
1731075796.2,True
1731075796.7,True
1731075797.2,True
1731075797.7,True
1731075798.2,True
1731075798.7,False
1731075799.2,False
1731075799.7,False
1731075800.2,False
1731075800.7,False
1731075801.2,False
1731075801.7,False
1731075802.2,False
1731075802.7,False
1731075803.2,False
1731075803.7,False
1731075804.2,False
1731075804.7,False
1731075805.2,False
1731075805.7,False
1731075806.2,False
1731075806.7,False
1731075807.2,False
1731075807.7,False
1731075808.2,False
1731075808.7,False
1731075809.2,False
1731075809.7,False
1731075810.2,False
1731075810.7,False
1731075811.2,False
1731075811.7,False
1731075812.2,False
1731075812.7,False
1731075813.2,False
1731075813.7,False
1731075814.2,False
1731075814.7,False
1731075815.2,False
1731075815.7,False
1731075816.2,False
1731075816.7,False
1731075817.2,False
1731075817.7,False
1731075818.2,False
1731075818.7,False
1731075819.2,False
1731075819.7,False
1731075820.2,False
1731075820.7,False
1731075821.2,False
1731075821.7,False
1731075822.2,False
1731075822.7,False
1731075823.2,False
1731075823.7,False
1731075824.2,False
1731075824.7,False
1731075825.2,False
1731075825.7,False
1731075826.2,False
1731075826.7,False
1731075827.2,False
1731075827.7,False
1731075828.2,False
1731075828.7,False
1731075829.2,False
1731075829.7,False
1731075830.2,False
1731075830.7,False
1731075831.2,False
1731075831.7,False
1731075832.2,False
1731075832.7,False
1731075833.2,False
1731075833.7,False
1731075834.2,False
1731075834.7,False
1731075835.2,False
1731075835.7,False
1731075836.2,False
1731075836.7,False
1731075837.2,False
1731075837.7,True
1731075838.2,False
1731075838.7,False
1731075839.2,False
1731075839.7,False
1731075840.2,False
1731075840.7,False
1731075841.2,False
1731075841.7,False
1731075842.2,False
1731075842.7,False
1731075843.2,False
1731075843.7,False
1731075844.2,False
1731075844.7,False
1731075845.2,False
1731075845.7,False
1731075846.2,False
1731075846.7,False
1731075847.2,False
1731075847.7,False
1731075848.2,False
1731075848.7,False
1731075849.2,False
1731075849.7,False
1731075850.2,False
1731075850.7,False
1731075851.2,False
1731075851.7,False
1731075852.2,False
1731075852.7,False
1731075853.2,False
1731075853.7,False
1731075854.2,False
1731075854.7,False
1731075855.2,False
1731075855.7,True
1731075856.2,False
1731075856.7,False
1731075857.2,False
1731075857.7,False
1731075858.2,False
1731075858.7,False
1731075859.2,True
1731075859.7,False
1731075860.2,False
1731075860.7,False
1731075861.2,False
1731075861.7,False
1731075862.2,False
1731075862.7,False
1731075863.2,False
1731075863.7,False
1731075864.2,False
1731075864.7,False
1731075865.2,False
1731075865.7,False
1731075866.2,False
1731075866.7,False
1731075867.2,False
1731075867.7,False
1731075868.2,False
1731075868.7,False
1731075869.2,False
1731075869.7,False
1731075870.2,False
1731075870.7,False
1731075871.2,False
1731075871.7,False
1731075872.2,False
1731075872.7,False
1731075873.2,False
1731075873.7,False
1731075874.2,False
1731075874.7,False
1731075875.2,False
1731075875.7,False
1731075876.2,False
1731075876.7,False
1731075877.2,False
1731075877.7,False
1731075878.2,False
1731075878.7,False
1731075879.2,False
1731075879.7,False
1731075880.2,False
1731075880.7,False
1731075881.2,False
1731075881.7,False
1731075882.2,False
1731075882.7,False
1731075883.2,False
1731075883.7,False
1731075884.2,False
1731075884.7,False
1731075885.2,False
1731075885.7,False
1731075886.2,False
1731075886.7,False
1731075887.2,False
1731075887.7,False
1731075888.2,False
1731075888.7,False
1731075889.2,False
1731075889.7,False
1731075890.2,False
1731075890.7,False
1731075891.2,False
1731075891.7,False
1731075892.2,False
1731075892.7,False
1731075893.2,False
1731075893.7,False
1731075894.2,False
1731075894.7,False
1731075895.2,False
1731075895.7,False
1731075896.2,False
1731075896.7,False
1731075897.2,False
1731075897.7,False
1731075898.2,False
1731075898.7,False
1731075899.2,False
1731075899.7,False
1731075900.2,False
1731075900.7,False
1731075901.2,False
1731075901.7,False
1731075902.2,False
1731075902.7,False
1731075903.2,False
1731075903.7,False
1731075904.2,False
1731075904.7,False
1731075905.2,False
1731075905.7,False
1731075906.2,False
1731075906.7,False
1731075907.2,False
1731075907.7,False
1731075908.2,False
1731075908.7,True
1731075909.2,True
1731075909.7,True
1731075910.2,True
1731075910.7,True
1731075911.2,True
1731075911.7,True
1731075912.2,True
1731075912.7,True
1731075913.2,True
1731075913.7,True
1731075914.2,True
1731075914.7,True
1731075915.2,True
1731075915.7,True
1731075916.2,True
1731075916.7,True
1731075917.2,True
1731075917.7,True
1731075918.2,True
1731075918.7,True
1731075919.2,True
1731075919.7,True
1731075920.2,True
1731075920.7,True
1731075921.2,True
1731075921.7,True
1731075922.2,True
1731075922.7,True
1731075923.2,True
1731075923.7,True
1731075924.2,True
1731075924.7,True
1731075925.2,True
1731075925.7,True
1731075926.2,True
1731075926.7,False
1731075927.2,False
1731075927.7,False
1731075928.2,False
1731075928.7,False
1731075929.2,False
1731075929.7,False
1731075930.2,False
1731075930.7,False
1731075931.2,False
1731075931.7,False
1731075932.2,False
1731075932.7,False
1731075933.2,False
1731075933.7,False
1731075934.2,False
1731075934.7,False
1731075935.2,False
1731075935.7,False
1731075936.2,False
1731075936.7,False
1731075937.2,False
1731075937.7,True
1731075938.2,False
1731075938.7,False
1731075939.2,False
1731075939.7,False
1731075940.2,False
1731075940.7,False
1731075941.2,False
1731075941.7,False
1731075942.2,False
1731075942.7,False
1731075943.2,False
1731075943.7,False
1731075944.2,False
1731075944.7,False
1731075945.2,False
1731075945.7,False
1731075946.2,False
1731075946.7,True
1731075947.2,False
1731075947.7,False
1731075948.2,False
1731075948.7,False
1731075949.2,False
1731075949.7,False
1731075950.2,False
1731075950.7,False
1731075951.2,True
1731075951.7,True
1731075952.2,True
1731075952.7,True
1731075953.2,True
1731075953.7,True
1731075954.2,True
1731075954.7,True
1731075955.2,True
1731075955.7,True
1731075956.2,True
1731075956.7,True
1731075957.2,True
1731075957.7,True
1731075958.2,True
1731075958.7,True
1731075959.2,False
1731075959.7,False
1731075960.2,False
1731075960.7,False
1731075961.2,False
1731075961.7,False
1731075962.2,False
1731075962.7,False
1731075963.2,False
1731075963.7,True
1731075964.2,True
1731075964.7,True
1731075965.2,True
1731075965.7,True
1731075966.2,False
1731075966.7,False
1731075967.2,False
1731075967.7,False
1731075968.2,False
1731075968.7,True
1731075969.2,False
1731075969.7,False
1731075970.2,False
1731075970.7,False
1731075971.2,False
1731075971.7,False
1731075972.2,False
1731075972.7,False
1731075973.2,False
1731075973.7,False
1731075974.2,False
1731075974.7,False
1731075975.2,False
1731075975.7,False
1731075976.2,False
1731075976.7,False
1731075977.2,False
1731075977.7,False
1731075978.2,False
1731075978.7,False
1731075979.2,False
1731075979.7,False
1731075980.2,False
1731075980.7,False
1731075981.2,False
1731075981.7,False
1731075982.2,False
1731075982.7,False
1731075983.2,False
1731075983.7,False
1731075984.2,False
1731075984.7,False
1731075985.2,False
1731075985.7,False
1731075986.2,False
1731075986.7,False
1731075987.2,False
1731075987.7,False
1731075988.2,False
1731075988.7,False
1731075989.2,False
1731075989.7,False
1731075990.2,False
1731075990.7,False
1731075991.2,False
1731075991.7,False
1731075992.2,False
1731075992.7,False
1731075993.2,False
1731075993.7,False
1731075994.2,False
1731075994.7,False
1731075995.2,False
1731075995.7,False
1731075996.2,False
1731075996.7,False
1731075997.2,False
1731075997.7,False
1731075998.2,False
1731075998.7,False
1731075999.2,False
1731075999.7,False
1731076000.2,True
1731076000.7,True
1731076001.2,True
1731076001.7,False
1731076002.2,False
1731076002.7,False
1731076003.2,False
1731076003.7,False
1731076004.2,False
1731076004.7,True
1731076005.2,True
1731076005.7,True
1731076006.2,True
1731076006.7,True
1731076007.2,True
1731076007.7,True
1731076008.2,True
1731076008.7,True
1731076009.2,True
1731076009.7,True
1731076010.2,True
1731076010.7,True
1731076011.2,True
1731076011.7,True
1731076012.2,True
1731076012.7,True
1731076013.2,False
1731076013.7,False
1731076014.2,False
1731076014.7,False
1731076015.2,False
1731076015.7,False
1731076016.2,False
1731076016.7,False
1731076017.2,False
1731076017.7,False
1731076018.2,False
1731076018.7,False
1731076019.2,False
1731076019.7,False
1731076020.2,False
1731076020.7,False
1731076021.2,False
1731076021.7,False
1731076022.2,False
1731076022.7,False
1731076023.2,False
1731076023.7,False
1731076024.2,False
1731076024.7,False
1731076025.2,True
1731076025.7,False
1731076026.2,False
1731076026.7,False
1731076027.2,False
1731076027.7,False
1731076028.2,False
1731076028.7,False
1731076029.2,False
1731076029.7,False
1731076030.2,False
1731076030.7,False
1731076031.2,False
1731076031.7,False
1731076032.2,False
1731076032.7,False
1731076033.2,False
1731076033.7,False
1731076034.2,False
1731076034.7,False
1731076035.2,False
1731076035.7,False
1731076036.2,False
1731076036.7,False
1731076037.2,False
1731076037.7,False
1731076038.2,False
1731076038.7,False
1731076039.2,False
1731076039.7,False
1731076040.2,False
1731076040.7,False
1731076041.2,False
1731076041.7,False
1731076042.2,False
1731076042.7,False
1731076043.2,False
1731076043.7,False
1731076044.2,True
1731076044.7,False
1731076045.2,False
1731076045.7,False
1731076046.2,False
1731076046.7,False
1731076047.2,False
1731076047.7,False
1731076048.2,False
1731076048.7,False
1731076049.2,False
1731076049.7,False
1731076050.2,False
1731076050.7,False
1731076051.2,False
1731076051.7,False
1731076052.2,False
1731076052.7,False
1731076053.2,False
1731076053.7,False
1731076054.2,False
1731076054.7,False
1731076055.2,False
1731076055.7,False
1731076056.2,False
1731076056.7,False
1731076057.2,False
1731076057.7,False
1731076058.2,False
1731076058.7,False
1731076059.2,False
1731076059.7,False
1731076060.2,False
1731076060.7,False
1731076061.2,False
1731076061.7,False
1731076062.2,False
1731076062.7,False
1731076063.2,False
1731076063.7,False
1731076064.2,False
1731076064.7,False
1731076065.2,False
1731076065.7,False
1731076066.2,False
1731076066.7,False
1731076067.2,False
1731076067.7,False
1731076068.2,False
1731076068.7,False
1731076069.2,False
1731076069.7,False
1731076070.2,False
1731076070.7,False
1731076071.2,False
1731076071.7,False
1731076072.2,False
1731076072.7,False
1731076073.2,False
1731076073.7,False
1731076074.2,False
1731076074.7,False
1731076075.2,False
1731076075.7,False
1731076076.2,False
1731076076.7,False
1731076077.2,False
1731076077.7,False
1731076078.2,False
1731076078.7,False
1731076079.2,False
1731076079.7,False
1731076080.2,False
1731076080.7,False
1731076081.2,False
1731076081.7,False
1731076082.2,False
1731076082.7,False
1731076083.2,False
1731076083.7,False
1731076084.2,False
1731076084.7,False
1731076085.2,False
1731076085.7,False
1731076086.2,False
1731076086.7,False
1731076087.2,False
1731076087.7,False
1731076088.2,False
1731076088.7,False
1731076089.2,False
1731076089.7,False
1731076090.2,False
1731076090.7,False
1731076091.2,False
1731076091.7,False
1731076092.2,False
1731076092.7,False
1731076093.2,False
1731076093.7,False
1731076094.2,False
1731076094.7,False
1731076095.2,False
1731076095.7,False
1731076096.2,False
1731076096.7,False
1731076097.2,False
1731076097.7,False
1731076098.2,False
1731076098.7,False
1731076099.2,False
1731076099.7,False
1731076100.2,False
1731076100.7,False
1731076101.2,False
1731076101.7,False
1731076102.2,False
1731076102.7,False
1731076103.2,False
1731076103.7,False
1731076104.2,False
1731076104.7,False
1731076105.2,False
1731076105.7,False
1731076106.2,False
1731076106.7,False
1731076107.2,False
1731076107.7,False
1731076108.2,False
1731076108.7,True
1731076109.2,False
1731076109.7,False
1731076110.2,False
1731076110.7,False
1731076111.2,False
1731076111.7,False
1731076112.2,False
1731076112.7,False
1731076113.2,False
1731076113.7,False
1731076114.2,False
1731076114.7,False
1731076115.2,False
1731076115.7,False
1731076116.2,False
1731076116.7,False
1731076117.2,False
1731076117.7,False
1731076118.2,False
1731076118.7,False
1731076119.2,False
1731076119.7,False
1731076120.2,False
1731076120.7,False
1731076121.2,False
1731076121.7,False
1731076122.2,False
1731076122.7,False
1731076123.2,False
1731076123.7,False
1731076124.2,False
1731076124.7,False
1731076125.2,False
1731076125.7,False
1731076126.2,False
1731076126.7,False
1731076127.2,False
1731076127.7,False
1731076128.2,False
1731076128.7,True
1731076129.2,False
1731076129.7,False
1731076130.2,False
1731076130.7,False
1731076131.2,False
1731076131.7,False
1731076132.2,False
1731076132.7,False
1731076133.2,False
1731076133.7,False
1731076134.2,False
1731076134.7,False
1731076135.2,False
1731076135.7,False
1731076136.2,False
1731076136.7,False
1731076137.2,False
1731076137.7,False
1731076138.2,False
1731076138.7,False
1731076139.2,False
1731076139.7,False
1731076140.2,False
1731076140.7,False
1731076141.2,False
1731076141.7,False
1731076142.2,False
1731076142.7,False
1731076143.2,False
1731076143.7,False
1731076144.2,False
1731076144.7,False
1731076145.2,False
1731076145.7,False
1731076146.2,False
1731076146.7,False
1731076147.2,False
1731076147.7,False
1731076148.2,False
1731076148.7,False
1731076149.2,False
1731076149.7,False
1731076150.2,False
1731076150.7,False
1731076151.2,False
1731076151.7,False
1731076152.2,False
1731076152.7,False
1731076153.2,False
1731076153.7,False
1731076154.2,False
1731076154.7,False
1731076155.2,False
1731076155.7,False
1731076156.2,False
1731076156.7,False
1731076157.2,False
1731076157.7,False
1731076158.2,False
1731076158.7,False
1731076159.2,False
1731076159.7,False
1731076160.2,False
1731076160.7,False
1731076161.2,False
1731076161.7,False
1731076162.2,False
1731076162.7,False
1731076163.2,False
1731076163.7,False
1731076164.2,False
1731076164.7,False
1731076165.2,False
1731076165.7,False
1731076166.2,False
1731076166.7,False
1731076167.2,False
1731076167.7,False
1731076168.2,False
1731076168.7,False
1731076169.2,False
1731076169.7,False
1731076170.2,False
1731076170.7,False
1731076171.2,False
1731076171.7,False
1731076172.2,False
1731076172.7,False
1731076173.2,False
1731076173.7,False
1731076174.2,False
1731076174.7,False
1731076175.2,False
1731076175.7,False
1731076176.2,False
1731076176.7,False
1731076177.2,False
1731076177.7,False
1731076178.2,False
1731076178.7,False
1731076179.2,False
1731076179.7,False
1731076180.2,False
1731076180.7,False
1731076181.2,False
1731076181.7,False
1731076182.2,False
1731076182.7,False
1731076183.2,False
1731076183.7,False
1731076184.2,False
1731076184.7,False
1731076185.2,False
1731076185.7,False
1731076186.2,False
1731076186.7,False
1731076187.2,False
1731076187.7,False
1731076188.2,False
1731076188.7,False
1731076189.2,False
1731076189.7,False
1731076190.2,False
1731076190.7,False
1731076191.2,False
1731076191.7,False
1731076192.2,False
1731076192.7,False
1731076193.2,False
1731076193.7,False
1731076194.2,False
1731076194.7,False
1731076195.2,False
1731076195.7,False
1731076196.2,False
1731076196.7,False
1731076197.2,False
1731076197.7,False
1731076198.2,False
1731076198.7,False
1731076199.2,False
1731076199.7,False
1731076200.2,False
1731076200.7,False
1731076201.2,False
1731076201.7,False
1731076202.2,False
1731076202.7,False
1731076203.2,False
1731076203.7,False
1731076204.2,False
1731076204.7,False
1731076205.2,False
1731076205.7,False
1731076206.2,False
1731076206.7,False
1731076207.2,False
1731076207.7,False
1731076208.2,False
1731076208.7,False
1731076209.2,False
1731076209.7,False
1731076210.2,False
1731076210.7,False
1731076211.2,False
1731076211.7,False
1731076212.2,False
1731076212.7,False
1731076213.2,False
1731076213.7,False
1731076214.2,False
1731076214.7,False
1731076215.2,False
1731076215.7,False
1731076216.2,False
1731076216.7,False
1731076217.2,False
1731076217.7,False
1731076218.2,False
1731076218.7,False
1731076219.2,False
1731076219.7,False
1731076220.2,False
1731076220.7,False
1731076221.2,False
1731076221.7,False
1731076222.2,False
1731076222.7,False
1731076223.2,False
1731076223.7,False
1731076224.2,False
1731076224.7,False
1731076225.2,False
1731076225.7,False
1731076226.2,False
1731076226.7,False
1731076227.2,False
1731076227.7,False
1731076228.2,False
1731076228.7,False
1731076229.2,False
1731076229.7,False
1731076230.2,False
1731076230.7,False
1731076231.2,False
1731076231.7,False
1731076232.2,False
1731076232.7,False
1731076233.2,False
1731076233.7,False
1731076234.2,False
1731076234.7,False
1731076235.2,False
1731076235.7,False
1731076236.2,False
1731076236.7,False
1731076237.2,False
1731076237.7,False
1731076238.2,False
1731076238.7,False
1731076239.2,False
1731076239.7,False
1731076240.2,False
1731076240.7,False
1731076241.2,False
1731076241.7,False
