Time,S1_X,S1_Y,S1_Z
1731069774.6,11101.2265318,11100.6313543,0.0
1731069775.1,11100.9294564,11100.7419617,0.0
1731069775.6,11101.2359561,11101.0804288,0.0
1731069776.1,11101.1314417,11100.9513193,0.0
1731069776.6,11101.4585683,11101.7343324,0.0
1731069777.1,11101.706517,11101.8739172,0.0
1731069777.6,11101.6805852,11101.6170916,0.0
1731069778.1,11101.5633114,11101.7034611,0.0
1731069778.6,11102.0886046,11102.3227474,0.0
1731069779.1,11102.492937,11102.0869105,0.0
1731069779.6,11102.4487002,11102.5236404,0.0
1731069780.1,11102.2575972,11102.5161543,0.0
1731069780.6,11102.8209717,11102.795207,0.0
1731069781.1,11102.8811608,11102.4993071,0.0
1731069781.6,11103.0091076,11103.1386368,0.0
1731069782.11,11103.4761462,11103.2163188,0.0
1731069782.6,11103.0261594,11103.0865066,0.0
1731069783.11,11103.6123724,11103.2941007,0.0
1731069783.6,11103.5637693,11103.3488164,0.0
1731069784.11,11103.8032567,11103.5994553,0.0
1731069784.61,11104.1684524,11103.6563055,0.0
1731069785.11,11104.040194,11103.7970391,0.0
1731069785.61,11104.5366872,11103.8945852,0.0
1731069786.11,11104.4971542,11104.1347957,0.0
1731069786.61,11104.6881299,11104.3869618,0.0
1731069787.11,11104.9746938,11104.6086606,0.0
1731069787.61,11104.9389043,11104.54723,0.0
1731069788.11,11105.0794793,11105.0305442,0.0
1731069788.61,11105.1852844,11104.7372197,0.0
1731069789.11,11105.540711,11105.3702615,0.0
1731069789.61,11105.2446998,11105.4941696,0.0
1731069790.11,11105.2463511,11105.6372323,0.0
1731069790.62,11105.7555414,11105.9386924,0.0
1731069791.12,11105.4515341,11105.6428591,0.0
1731069791.62,11105.8514902,11105.7929865,0.0
1731069792.12,11106.3517525,11106.4191976,0.0
1731069792.62,11105.9755977,11106.5764362,0.0
1731069793.12,11106.1718313,11106.3582096,0.0
1731069793.62,11106.5482541,11106.5002519,0.0
1731069794.12,11106.6560458,11106.5879414,0.0
1731069794.62,11107.2373287,11106.5197361,0.0
1731069795.12,11106.7876407,11107.3003409,0.0
1731069795.62,11107.5334553,11107.398534,0.0
1731069796.12,11107.1388738,11107.161215,0.0
1731069796.62,11107.4731935,11107.4460716,0.0
1731069797.12,11107.758199,11107.8113146,0.0
1731069797.62,11107.6884426,11107.5103424,0.0
1731069798.12,11108.0425175,11108.1900709,0.0
1731069798.62,11108.0003022,11108.2786601,0.0
1731069799.12,11108.4670092,11108.2429772,0.0
1731069799.62,11108.7329602,11108.724082,0.0
1731069800.13,11108.5011522,11108.8013115,0.0
1731069800.63,11108.9883973,11108.4527936,0.0
1731069801.13,11109.0332873,11109.1086982,0.0
1731069801.63,11108.8113019,11109.2958019,0.0
1731069802.13,11109.2354964,11109.4773949,0.0
1731069802.63,11109.0495659,11109.3043512,0.0
1731069803.13,11109.7207664,11109.4173206,0.0
1731069803.63,11109.6694579,11109.5831164,0.0
1731069804.13,11109.914437,11109.3720555,0.0
1731069804.63,11109.9470869,11109.996853,0.0
1731069805.13,11110.2995821,11110.2772018,0.0
1731069805.63,11109.952364,11110.3317006,0.0
1731069806.13,11110.0512388,11109.9622705,0.0
1731069806.63,11110.1705414,11110.5346444,0.0
1731069807.13,11110.9782579,11110.8178311,0.0
1731069807.63,11111.1456897,11110.6726475,0.0
1731069808.13,11111.1093887,11111.0829026,0.0
1731069808.63,11111.4179338,11111.4010746,0.0
1731069809.14,11111.1009492,11110.9939887,0.0
1731069809.64,11111.6457393,11111.2452119,0.0
1731069810.14,11111.2206261,11111.7554331,0.0
1731069810.63,11111.5005755,11111.8727119,0.0
1731069811.14,11111.8603036,11111.8887563,0.0
1731069811.64,11111.9519791,11112.1456059,0.0
1731069812.14,11112.348553,11111.8170002,0.0
1731069812.64,11112.0543974,11112.3050734,0.0
1731069813.14,11112.695252,11112.1379251,0.0
1731069813.64,11112.3778938,11112.385995,0.0
1731069814.14,11112.44696,11112.8542147,0.0
1731069814.64,11112.7246297,11112.9513458,0.0
1731069815.14,11113.2767622,11112.8014189,0.0
1731069815.64,11113.2015881,11112.8853885,0.0
1731069816.14,11113.6470514,11113.1156648,0.0
1731069816.64,11113.2116572,11113.1987764,0.0
1731069817.14,11113.9612276,11113.6512417,0.0
1731069817.64,11113.8399657,11113.4349479,0.0
1731069818.14,11114.2919976,11113.8459429,0.0
1731069818.64,11114.2388661,11114.3664772,0.0
1731069819.14,11113.9163469,11114.368331,0.0
1731069819.64,11114.0266023,11114.3775023,0.0
1731069820.15,11114.3091224,11114.2310697,0.0
1731069820.65,11114.4625643,11114.6057031,0.0
1731069821.15,11114.7996154,11114.8351195,0.0
1731069821.65,11114.7459812,11114.9154106,0.0
1731069822.15,11114.7767272,11114.8530409,0.0
1731069822.65,11115.6123304,11115.2233333,0.0
1731069823.15,11115.1266484,11115.5625777,0.0
1731069823.65,11115.6853775,11115.2756425,0.0
1731069824.15,11115.6334293,11115.6452935,0.0
1731069824.65,11115.9787589,11116.1681929,0.0
1731069825.15,11115.8324939,11115.6890106,0.0
1731069825.65,11115.8802914,11116.4695635,0.0
1731069826.15,11116.2664875,11116.1918595,0.0
1731069826.65,11116.7241408,11116.8453326,0.0
1731069827.15,11116.3645242,11116.4841388,0.0
1731069827.65,11116.7611003,11116.9858515,0.0
1731069828.15,11116.876452,11116.7991185,0.0
1731069828.65,11117.0496345,11117.338163,0.0
1731069829.16,11117.0699527,11117.2183205,0.0
1731069829.66,11117.2431085,11117.6877731,0.0
1731069830.16,11117.389508,11117.5576569,0.0
1731069830.66,11117.9555265,11117.5939038,0.0
1731069831.16,11117.684143,11118.0879999,0.0
1731069831.66,11117.7811836,11117.9564485,0.0
1731069832.16,11118.4915896,11118.0054829,0.0
1731069832.66,11117.9269347,11118.4044239,0.0
1731069833.16,11118.2225502,11118.6715953,0.0
1731069833.66,11118.2682642,11118.2714355,0.0
1731069834.16,11118.7137716,11118.7256753,0.0
1731069834.66,11119.0067749,11118.7960087,0.0
1731069835.16,11118.8985284,11119.3456701,0.0
1731069835.66,11119.0204446,11119.1696656,0.0
1731069836.16,11119.4499867,11118.9758839,0.0
1731069836.66,11119.2344487,11119.3614882,0.0
1731069837.16,11119.967666,11119.8601928,0.0
1731069837.66,11119.6183028,11119.7762378,0.0
1731069838.16,11119.9554815,11120.0988926,0.0
1731069838.66,11119.9670927,11119.7460097,0.0
1731069839.16,11120.4953449,11120.2489478,0.0
1731069839.66,11120.4062448,11120.4244289,0.0
1731069840.16,11120.8238417,11120.6332002,0.0
1731069840.67,11120.9093388,11120.4175469,0.0
1731069841.17,11120.9858553,11121.0414823,0.0
1731069841.67,11121.3037422,11121.2344054,0.0
1731069842.17,11121.3013678,11121.3779306,0.0
1731069842.67,11120.9779946,11120.9700283,0.0
1731069843.17,11121.6757692,11121.1560946,0.0
1731069843.67,11121.6242762,11121.6070911,0.0
1731069844.17,11121.7438323,11121.9294289,0.0
1731069844.67,11121.7019596,11121.7046143,0.0
1731069845.17,11122.2473191,11121.7440545,0.0
1731069845.67,11122.5397867,11122.4366014,0.0
1731069846.17,11122.198303,11122.4016349,0.0
1731069846.67,11122.2981237,11122.505694,0.0
1731069847.17,11122.2784271,11122.2935837,0.0
1731069847.67,11122.6279874,11122.9649078,0.0
1731069848.18,11122.5869998,11123.1539369,0.0
1731069848.68,11123.2552466,11123.4440901,0.0
1731069849.18,11123.3366086,11122.9893712,0.0
1731069849.68,11123.6328441,11123.6556939,0.0
1731069850.18,11123.4437617,11123.6060866,0.0
1731069850.68,11123.9493534,11123.420349,0.0
1731069851.18,11123.9172628,11123.6065143,0.0
1731069851.68,11123.9452635,11124.3319715,0.0
1731069852.18,11124.0441917,11124.2919057,0.0
1731069852.68,11124.415987,11124.4107736,0.0
1731069853.18,11124.528654,11124.0506762,0.0
1731069853.68,11124.5185479,11124.869161,0.0
1731069854.18,11124.3951541,11124.6345968,0.0
1731069854.68,11124.879353,11124.7295454,0.0
1731069855.18,11124.7139654,11124.8095534,0.0
1731069855.68,11125.3772127,11125.1252265,0.0
1731069856.18,11124.9625731,11125.0124459,0.0
1731069856.68,11125.7147119,11125.4302921,0.0
1731069857.18,11125.9333047,11125.4393456,0.0
1731069857.68,11125.4729185,11126.0906392,0.0
1731069858.19,11126.1436679,11126.2719071,0.0
1731069858.68,11126.1064918,11126.0501338,0.0
1731069859.19,11126.4329475,11126.5937361,0.0
1731069859.69,11126.1285845,11126.0524049,0.0
1731069860.19,11126.2941633,11126.6499722,0.0
1731069860.69,11126.34715,11126.3742736,0.0
1731069861.19,11126.7856802,11126.8512357,0.0
1731069861.69,11127.3153281,11126.8940808,0.0
1731069862.19,11127.2129382,11126.9795334,0.0
1731069862.69,11127.1075264,11127.1136883,0.0
1731069863.19,11127.0577505,11127.4225,0.0
1731069863.69,11127.564207,11127.9086232,0.0
1731069864.19,11127.443944,11127.3974444,0.0
1731069864.69,11127.5252189,11127.8142324,0.0
1731069865.19,11128.3106583,11128.1574485,0.0
1731069865.69,11128.0106027,11127.9729731,0.0
1731069866.19,11128.171055,11128.0319764,0.0
1731069866.69,11128.3474521,11128.5512914,0.0
1731069867.2,11128.3447375,11128.8803133,0.0
1731069867.7,11128.506921,11128.4824361,0.0
1731069868.2,11128.720686,11128.7760314,0.0
1731069868.7,11129.44726,11128.8656531,0.0
1731069869.2,11129.1955981,11128.993514,0.0
1731069869.7,11129.6211342,11129.3447796,0.0
1731069870.2,11129.7520622,11129.5643236,0.0
1731069870.7,11129.6494699,11130.0064903,0.0
1731069871.2,11129.5730264,11130.1318856,0.0
1731069871.7,11130.2945257,11130.2654972,0.0
1731069872.2,11129.992667,11130.1544817,0.0
1731069872.7,11130.4251431,11130.410454,0.0
1731069873.2,11130.7511782,11130.6100994,0.0
1731069873.7,11130.5422198,11130.306541,0.0
1731069874.2,11130.8575792,11130.3971982,0.0
1731069874.7,11130.705311,11130.972693,0.0
1731069875.2,11130.823641,11130.8797736,0.0
1731069875.71,11131.2079913,11131.4517576,0.0
1731069876.2,11131.5987007,11131.5245191,0.0
1731069876.71,11131.7034951,11131.7879889,0.0
1731069877.21,11131.7215907,11131.4370041,0.0
1731069877.71,11132.0369053,11131.5447869,0.0
1731069878.21,11131.5516168,11131.7362744,0.0
1731069878.71,11131.8556168,11131.9922445,0.0
1731069879.21,11132.0421016,11132.0136613,0.0
1731069879.71,11132.026763,11132.3005521,0.0
1731069880.21,11132.8784816,11132.7139795,0.0
1731069880.71,11132.6638855,11132.6533071,0.0
1731069881.21,11133.0939641,11133.1546432,0.0
1731069881.71,11132.9301326,11132.8430276,0.0
1731069882.21,11133.4611151,11133.2733546,0.0
1731069882.71,11133.4513094,11133.223055,0.0
1731069883.21,11133.1151504,11133.3524148,0.0
1731069883.71,11133.3539368,11133.2749555,0.0
1731069884.21,11133.6982871,11134.0870649,0.0
1731069884.71,11133.723569,11134.0319448,0.0
1731069885.22,11133.735131,11134.0037469,0.0
1731069885.71,11133.9309395,11134.3902108,0.0
1731069886.22,11134.0365324,11134.4418493,0.0
1731069886.72,11134.3726239,11134.6302255,0.0
1731069887.22,11134.6597642,11134.9757097,0.0
1731069887.72,11134.6178285,11135.0422182,0.0
1731069888.22,11134.8592589,11135.0981992,0.0
1731069888.72,11135.2685963,11135.1370892,0.0
1731069889.22,11135.2986895,11134.9989261,0.0
1731069889.72,11135.1130062,11135.3507867,0.0
1731069890.22,11135.4163087,11135.8817652,0.0
1731069890.72,11135.9845523,11135.5067975,0.0
1731069891.22,11135.6402249,11135.9020519,0.0
1731069891.72,11135.8973446,11135.8924064,0.0
1731069892.22,11136.1420706,11136.3700156,0.0
1731069892.72,11136.2082088,11136.317759,0.0
1731069893.22,11136.3176535,11136.5668992,0.0
1731069893.72,11136.3915765,11136.7953523,0.0
1731069894.22,11136.8792947,11136.7504177,0.0
1731069894.72,11136.8514449,11136.7395248,0.0
1731069895.22,11137.1675863,11136.651422,0.0
1731069895.72,11136.8645428,11137.3588107,0.0
1731069896.22,11137.0095724,11136.9666235,0.0
1731069896.73,11137.4378612,11137.6631664,0.0
1731069897.23,11137.7812157,11137.7566434,0.0
1731069897.72,11137.8832816,11137.7183099,0.0
1731069898.23,11138.23156,11137.8200468,0.0
1731069898.73,11138.0845687,11138.3002135,0.0
1731069899.23,11137.9685189,11137.908506,0.0
1731069899.73,11138.3193305,11138.0915821,0.0
1731069900.23,11138.6549709,11138.585852,0.0
1731069900.73,11138.4547479,11138.5786203,0.0
1731069901.23,11138.9014263,11138.7591604,0.0
1731069901.73,11138.865167,11138.8346085,0.0
1731069902.23,11138.8757792,11139.485933,0.0
1731069902.73,11139.3513119,11139.102582,0.0
1731069903.23,11139.1344122,11139.3951919,0.0
1731069903.73,11139.3000683,11139.9305257,0.0
1731069904.23,11139.5445176,11139.5694237,0.0
1731069904.73,11139.6764307,11139.68417,0.0
1731069905.23,11140.0751591,11139.7755538,0.0
1731069905.73,11140.5027164,11139.8911363,0.0
1731069906.23,11140.5187562,11140.3844286,0.0
1731069906.73,11140.2871463,11140.8488897,0.0
1731069907.23,11140.3292858,11140.989286,0.0
1731069907.73,11140.5165014,11140.5777276,0.0
1731069908.23,11141.0056233,11140.7784799,0.0
1731069908.73,11141.1250529,11140.8111778,0.0
1731069909.23,11141.145461,11141.3632894,0.0
1731069909.74,11141.6667234,11141.6112874,0.0
1731069910.24,11141.3115309,11141.6668684,0.0
1731069910.74,11141.7881656,11141.7028604,0.0
1731069911.24,11141.9696305,11141.9973045,0.0
1731069911.74,11141.7453158,11142.0113906,0.0
1731069912.24,11142.0942669,11142.411933,0.0
1731069912.74,11141.9975251,11142.4833363,0.0
1731069913.24,11142.646171,11142.0722897,0.0
1731069913.74,11142.6075077,11142.9243848,0.0
1731069914.24,11143.0824604,11142.8688999,0.0
1731069914.74,11142.784941,11142.971423,0.0
1731069915.24,11143.1353363,11143.2146742,0.0
1731069915.74,11143.3948369,11142.9934927,0.0
1731069916.24,11143.4660327,11143.4606702,0.0
1731069916.74,11143.7987247,11143.5807089,0.0
1731069917.24,11143.9123215,11143.7663211,0.0
1731069917.75,11143.4292307,11143.7351378,0.0
1731069918.25,11143.6709396,11143.8568279,0.0
1731069918.75,11143.7986105,11143.8146825,0.0
1731069919.25,11144.1424456,11144.4257178,0.0
1731069919.75,11144.0644137,11144.5260308,0.0
1731069920.25,11144.8923639,11144.3792984,0.0
1731069920.75,11144.7852928,11144.5967195,0.0
1731069921.25,11145.1538321,11144.8114062,0.0
1731069921.75,11144.9512023,11145.3389491,0.0
1731069922.25,11144.9971605,11145.3237962,0.0
1731069922.75,11145.527502,11145.3916365,0.0
1731069923.25,11145.6179491,11145.5509243,0.0
1731069923.75,11145.6969037,11145.5935517,0.0
1731069924.25,11145.9044328,11145.3721581,0.0
1731069924.75,11145.8671786,11145.5053977,0.0
1731069925.25,11145.8446482,11146.1910097,0.0
1731069925.75,11146.4741445,11146.4066085,0.0
1731069926.25,11146.0226562,11146.1104315,0.0
1731069926.75,11146.7578081,11146.1588123,0.0
1731069927.26,11146.8878404,11146.7501121,0.0
1731069927.76,11146.554053,11146.9187668,0.0
1731069928.26,11147.1954794,11147.2377282,0.0
1731069928.76,11147.1285604,11146.758864,0.0
1731069929.26,11147.1992013,11147.0046941,0.0
1731069929.76,11147.2906496,11147.6973812,0.0
1731069930.26,11147.344623,11147.5932928,0.0
1731069930.76,11147.5329183,11147.6983335,0.0
1731069931.26,11147.5718668,11148.1880835,0.0
1731069931.76,11148.1535924,11147.8758151,0.0
1731069932.26,11147.9742433,11147.7928664,0.0
1731069932.76,11148.4765587,11148.5846968,0.0
1731069933.26,11148.2467192,11148.4912042,0.0
1731069933.76,11148.9446806,11148.4229837,0.0
1731069934.27,11148.3523481,11148.6658884,0.0
1731069934.77,11148.5184209,11149.1064546,0.0
1731069935.26,11149.1696359,11148.831608,0.0
1731069935.77,11149.0653648,11149.0126193,0.0
1731069936.27,11149.5983649,11149.190988,0.0
1731069936.77,11149.6627419,11149.6658661,0.0
1731069937.27,11149.5262289,11149.6501215,0.0
1731069937.77,11149.4702131,11149.8950063,0.0
1731069938.27,11149.8785617,11149.9379251,0.0
1731069938.77,11150.1139516,11149.9106347,0.0
1731069939.27,11150.3164126,11150.444374,0.0
1731069939.77,11150.6990192,11150.6241065,0.0
1731069940.27,11150.7188133,11150.7548692,0.0
1731069940.77,11150.8020158,11150.909729,0.0
1731069941.27,11150.9082574,11150.8618319,0.0
1731069941.77,11150.776794,11150.7983364,0.0
1731069942.27,11150.930092,11151.3953278,0.0
1731069942.77,11150.9953957,11150.9670792,0.0
1731069943.28,11151.5515865,11151.054232,0.0
1731069943.78,11151.4195733,11151.4891136,0.0
1731069944.28,11151.4611525,11151.5992684,0.0
1731069944.78,11151.5825501,11151.5131395,0.0
1731069945.28,11152.1978448,11151.9177256,0.0
1731069945.78,11151.9533883,11151.9261745,0.0
1731069946.28,11152.641689,11152.1986384,0.0
1731069946.78,11152.7689804,11152.2091092,0.0
1731069947.28,11152.4065797,11152.9786159,0.0
1731069947.78,11152.6126796,11152.8870122,0.0
1731069948.28,11153.1087259,11153.0465586,0.0
1731069948.78,11152.7810988,11152.9353568,0.0
1731069949.28,11153.2274301,11153.4751777,0.0
1731069949.78,11153.2735821,11153.6997853,0.0
1731069950.28,11153.8920125,11153.5484676,0.0
1731069950.78,11153.7840102,11153.7432193,0.0
1731069951.28,11153.7520036,11153.5067339,0.0
1731069951.78,11154.3032535,11153.9770637,0.0
1731069952.28,11153.9546232,11154.4574293,0.0
1731069952.78,11154.4698008,11154.2910914,0.0
1731069953.28,11154.4870546,11154.688724,0.0
1731069953.78,11154.2427515,11154.6280347,0.0
1731069954.29,11154.9335977,11154.3689954,0.0
1731069954.79,11154.8446202,11155.0682599,0.0
1731069955.29,11154.7505178,11155.3089894,0.0
1731069955.79,11155.3617907,11155.286815,0.0
1731069956.29,11155.4314298,11155.3858757,0.0
1731069956.79,11155.3630569,11155.359375,0.0
1731069957.29,11155.6615284,11155.2785861,0.0
1731069957.79,11155.5356657,11155.9053921,0.0
1731069958.29,11156.1116457,11155.709343,0.0
1731069958.79,11156.3130791,11156.1034495,0.0
1731069959.29,11155.9579531,11156.0978075,0.0
1731069959.79,11156.179576,11156.0519561,0.0
1731069960.29,11156.6112195,11156.2486787,0.0
1731069960.79,11156.727603,11156.5135943,0.0
1731069961.29,11157.029754,11157.0439097,0.0
1731069961.79,11156.8254717,11156.748737,0.0
1731069962.3,11157.2825886,11156.8970535,0.0
1731069962.8,11157.1037588,11157.2978954,0.0
1731069963.3,11157.6837968,11157.7863665,0.0
1731069963.8,11157.8941246,11157.9297985,0.0
1731069964.3,11157.6520181,11157.5760644,0.0
1731069964.8,11157.6404026,11158.1148613,0.0
1731069965.3,11158.3498241,11157.9392807,0.0
1731069965.8,11158.0144706,11158.0266913,0.0
1731069966.3,11158.0224675,11158.0130506,0.0
1731069966.8,11158.2087276,11158.1903004,0.0
1731069967.3,11158.9879833,11158.6502442,0.0
1731069967.8,11158.4667814,11159.0590405,0.0
1731069968.3,11158.6410906,11159.2858379,0.0
1731069968.8,11158.8429722,11158.8026334,0.0
1731069969.3,11159.5789975,11159.5028711,0.0
1731069969.8,11159.6208595,11159.3732286,0.0
1731069970.3,11159.1590117,11159.6287983,0.0
1731069970.8,11159.8872412,11159.9989796,0.0
1731069971.3,11160.1644565,11160.0736183,0.0
1731069971.8,11160.2288039,11160.044393,0.0
1731069972.3,11160.0574581,11160.4007372,0.0
1731069972.8,11160.5120923,11160.3434986,0.0
1731069973.3,11160.5653162,11160.4855888,0.0
1731069973.8,11160.8486828,11160.5985732,0.0
1731069974.31,11160.5563235,11160.4048394,0.0
1731069974.81,11161.1460642,11160.7747135,0.0
1731069975.4,11160.7979476,11161.1391894,0.0
1731069975.81,11161.3770627,11161.3872364,0.0
1731069976.31,11161.1599199,11161.3814602,0.0
1731069976.81,11161.2821563,11161.4800369,0.0
1731069977.31,11161.6376227,11161.9141696,0.0
1731069977.81,11161.4211842,11161.9948265,0.0
1731069978.31,11161.8252443,11162.1417041,0.0
1731069978.81,11161.9542877,11161.8980414,0.0
1731069979.31,11161.9113334,11162.4515166,0.0
1731069979.81,11162.5958604,11162.1522368,0.0
1731069980.32,11162.4443464,11162.29814,0.0
1731069980.82,11162.9443066,11163.0313749,0.0
1731069981.32,11162.8283828,11162.6037011,0.0
1731069981.82,11162.6875645,11163.2122943,0.0
1731069982.32,11162.9660158,11163.2149881,0.0
1731069982.82,11163.0912596,11163.4503169,0.0
1731069983.32,11163.2479238,11163.7563906,0.0
1731069983.82,11163.3649634,11163.4643924,0.0
1731069984.32,11163.9351756,11163.9033519,0.0
1731069984.82,11164.2331282,11163.9108687,0.0
1731069985.32,11163.7202923,11163.8100829,0.0
1731069985.82,11164.2578904,11163.8520156,0.0
1731069986.32,11164.6803469,11164.0671054,0.0
1731069986.82,11164.357088,11164.7891859,0.0
1731069987.32,11164.9440682,11164.4001373,0.0
1731069987.82,11164.5261649,11164.6024332,0.0
1731069988.32,11165.2752416,11164.7256254,0.0
1731069988.83,11165.3278831,11165.0219595,0.0
1731069989.32,11165.4123566,11165.3056731,0.0
1731069989.82,11165.3471413,11165.4652105,0.0
1731069990.33,11165.6832353,11165.2408384,0.0
1731069990.83,11165.6754364,11166.00866,0.0
1731069991.33,11165.4899106,11165.6226443,0.0
1731069991.83,11165.8231874,11165.7202083,0.0
1731069992.33,11166.254175,11165.9438981,0.0
1731069992.83,11166.3498513,11166.2802754,0.0
1731069993.33,11166.5956574,11166.3663656,0.0
1731069993.83,11166.6487149,11166.5277945,0.0
1731069994.33,11166.7020188,11167.0242268,0.0
1731069994.83,11166.7387558,11166.5258758,0.0
1731069995.33,11167.1390945,11166.9608372,0.0
1731069995.83,11167.3218583,11167.3090387,0.0
1731069996.33,11167.6216741,11167.2523148,0.0
1731069996.83,11167.7563836,11167.808762,0.0
1731069997.33,11167.7607004,11167.5190201,0.0
1731069997.83,11167.5631541,11168.038867,0.0
1731069998.33,11167.8718877,11168.0408745,0.0
1731069998.83,11168.0332413,11168.4004674,0.0
1731069999.33,11168.3149627,11167.8570043,0.0
1731069999.83,11168.2032407,11168.310027,0.0
1731070000.34,11168.8687849,11168.3741168,0.0
1731070000.84,11168.4552001,11168.4042097,0.0
1731070001.34,11168.5842032,11169.1340114,0.0
1731070001.84,11169.1319224,11168.77931,0.0
1731070002.34,11169.3587622,11169.3298961,0.0
1731070002.84,11169.0453692,11169.372934,0.0
1731070003.34,11169.4554541,11169.3465413,0.0
1731070003.84,11169.4533287,11169.2277881,0.0
1731070004.34,11169.8545167,11169.4057044,0.0
1731070004.84,11169.6211082,11169.5581026,0.0
1731070005.34,11170.1898317,11170.1844992,0.0
1731070005.84,11169.8448573,11170.0598281,0.0
1731070006.34,11170.5853601,11170.3324242,0.0
1731070006.84,11170.8290198,11170.6874091,0.0
1731070007.34,11170.3147514,11170.8959441,0.0
1731070007.84,11170.4834663,11170.878618,0.0
1731070008.34,11170.961929,11171.2913415,0.0
1731070008.85,11170.7980727,11170.8799384,0.0
1731070009.35,11171.5564932,11171.518731,0.0
1731070009.85,11171.5812317,11171.4143649,0.0
1731070010.35,11171.4814736,11171.4310772,0.0
1731070010.85,11171.9412827,11171.384263,0.0
1731070011.35,11172.1208751,11172.0946706,0.0
1731070011.85,11171.7738834,11171.8393314,0.0
1731070012.35,11172.1427629,11172.3944971,0.0
1731070012.85,11172.1163726,11172.6372813,0.0
1731070013.35,11172.6254105,11172.7390477,0.0
1731070013.85,11172.8300114,11172.783439,0.0
1731070014.35,11172.9978464,11172.8950467,0.0
1731070014.85,11172.7296375,11173.1710292,0.0
1731070015.35,11173.1854786,11173.0867883,0.0
1731070015.85,11173.2282994,11173.2610066,0.0
1731070016.35,11173.1189852,11173.1356408,0.0
1731070016.85,11173.4020837,11173.834582,0.0
1731070017.35,11173.8353624,11173.4430398,0.0
1731070017.86,11173.4945265,11173.9537508,0.0
1731070018.36,11174.2508686,11173.6491069,0.0
1731070018.86,11174.2078684,11174.0407955,0.0
1731070019.36,11174.0509311,11174.3510221,0.0
1731070019.86,11174.3746656,11174.3263975,0.0
1731070020.36,11174.7743709,11174.7415794,0.0
1731070020.86,11174.5142991,11174.6562822,0.0
1731070021.36,11174.7375139,11175.1691508,0.0
1731070021.86,11174.985914,11175.3435436,0.0
1731070022.36,11175.4987369,11175.3523069,0.0
1731070022.86,11175.5301807,11174.9430569,0.0
1731070023.36,11175.3405483,11175.6246241,0.0
1731070023.86,11175.6128638,11175.5851691,0.0
1731070024.36,11175.6083311,11175.4316197,0.0
1731070024.86,11175.8077887,11175.8433927,0.0
1731070025.36,11176.1974065,11176.0488125,0.0
1731070025.86,11176.1307936,11176.0503243,0.0
1731070026.36,11176.1503709,11176.217554,0.0
1731070026.86,11176.197487,11176.1293823,0.0
1731070027.36,11176.8899973,11176.3604704,0.0
1731070027.87,11176.6438023,11177.004312,0.0
1731070028.37,11176.9595316,11176.889341,0.0
1731070028.87,11177.1308334,11177.0114238,0.0
1731070029.37,11177.3884941,11177.5188658,0.0
1731070029.87,11177.5152878,11177.6499851,0.0
1731070030.37,11177.4610525,11177.781747,0.0
1731070030.87,11177.4767009,11177.9542147,0.0
1731070031.37,11177.8518944,11178.1190017,0.0
1731070031.87,11178.0939644,11178.078291,0.0
1731070032.37,11178.0472811,11177.9780984,0.0
1731070032.87,11178.6164374,11177.976199,0.0
1731070033.37,11178.4442993,11178.7657211,0.0
1731070033.87,11178.4808071,11178.30012,0.0
1731070034.37,11178.4682902,11178.5700704,0.0
1731070034.87,11178.5929662,11178.7286285,0.0
1731070035.38,11179.0720612,11178.9987999,0.0
1731070035.87,11179.381918,11179.3927629,0.0
1731070036.38,11179.1914488,11179.0584966,0.0
1731070036.88,11179.3892039,11179.30391,0.0
1731070037.38,11179.7175391,11179.5532119,0.0
1731070037.88,11179.6800474,11179.8432094,0.0
1731070038.38,11179.6495314,11180.1882376,0.0
1731070038.88,11179.7061083,11180.0473103,0.0
1731070039.38,11179.9067134,11180.2081603,0.0
1731070039.88,11180.382846,11180.1617201,0.0
1731070040.38,11180.6436636,11180.4609288,0.0
1731070040.88,11180.5635732,11180.3921698,0.0
1731070041.38,11180.6052045,11180.95681,0.0
1731070041.88,11180.8121436,11180.7420197,0.0
1731070042.38,11181.1888767,11180.7991512,0.0
1731070042.88,11181.5490727,11181.0030825,0.0
1731070043.38,11181.2931407,11181.7054956,0.0
1731070043.88,11181.8070684,11181.5187162,0.0
1731070044.38,11181.3858349,11181.910982,0.0
1731070044.88,11182.0394652,11181.935465,0.0
1731070045.38,11182.3061318,11182.317,0.0
1731070045.89,11182.1467456,11181.8455841,0.0
1731070046.39,11182.5262627,11182.078152,0.0
1731070046.89,11182.5374871,11182.2364388,0.0
1731070047.39,11182.3209889,11182.5197278,0.0
1731070047.89,11182.5697815,11182.4250646,0.0
1731070048.39,11183.0612169,11183.1288214,0.0
1731070048.89,11182.9264533,11182.7264736,0.0
1731070049.39,11183.4586784,11183.3686611,0.0
1731070049.89,11183.2538571,11183.745513,0.0
1731070050.39,11183.3482946,11183.7217168,0.0
1731070050.89,11183.6750718,11183.7072099,0.0
1731070051.39,11184.0805914,11183.8238344,0.0
1731070051.89,11184.1714867,11183.9146814,0.0
1731070052.39,11183.9765296,11184.3708746,0.0
1731070052.89,11183.9550564,11184.5197614,0.0
1731070053.39,11184.450324,11184.3949588,0.0
1731070053.89,11184.7974113,11184.4928166,0.0
1731070054.39,11184.7165443,11184.575676,0.0
1731070054.89,11185.0868769,11184.8290933,0.0
1731070055.4,11185.0415472,11184.9213605,0.0
1731070055.9,11185.538792,11184.8760489,0.0
1731070056.4,11185.3564051,11185.0627235,0.0
1731070056.9,11185.5208119,11185.4920077,0.0
1731070057.4,11185.2605423,11185.7771871,0.0
1731070057.9,11185.8778071,11185.8934484,0.0
1731070058.4,11186.037791,11185.7653852,0.0
1731070058.9,11185.9658308,11186.1926218,0.0
1731070059.4,11186.32617,11186.4899879,0.0
1731070059.9,11186.667356,11186.7403874,0.0
1731070060.4,11186.8016967,11186.3138588,0.0
1731070060.9,11186.3296509,11186.3356346,0.0
1731070061.4,11186.9595886,11186.9786444,0.0
1731070061.9,11186.7233654,11186.9073663,0.0
1731070062.4,11186.7734432,11187.0909268,0.0
1731070062.9,11186.9120817,11187.3939035,0.0
1731070063.4,11187.4580673,11187.4819949,0.0
1731070063.9,11187.4880977,11187.8781973,0.0
1731070064.41,11187.6712332,11187.4871415,0.0
1731070064.91,11187.5710878,11187.7235088,0.0
1731070065.41,11187.6862884,11187.7052575,0.0
1731070065.91,11187.9930967,11188.2339491,0.0
1731070066.41,11188.5330996,11188.057653,0.0
1731070066.91,11188.1111802,11188.4379483,0.0
1731070067.41,11188.6215033,11188.8656149,0.0
1731070067.91,11188.7058548,11188.5642987,0.0
1731070068.41,11188.9459516,11189.1478995,0.0
1731070068.91,11189.1534398,11188.8978502,0.0
1731070069.41,11189.133606,11188.9030412,0.0
1731070069.91,11189.3380806,11189.0776033,0.0
1731070070.41,11189.1673523,11189.5547804,0.0
1731070070.91,11189.7400409,11189.572945,0.0
1731070071.41,11189.8112726,11190.1379816,0.0
1731070071.91,11189.9481824,11189.7234688,0.0
1731070072.41,11190.3764094,11190.1109439,0.0
1731070072.91,11190.5244923,11190.3805477,0.0
1731070073.41,11190.1395572,11190.3418675,0.0
1731070073.91,11190.5028023,11190.5812896,0.0
1731070074.42,11190.7842828,11190.9505587,0.0
1731070074.92,11191.0727556,11191.158672,0.0
1731070075.42,11191.3637258,11190.9891069,0.0
1731070075.92,11191.2531976,11191.3445866,0.0
1731070076.42,11191.5224193,11191.6244044,0.0
1731070076.92,11191.7721194,11191.7786213,0.0
1731070077.42,11191.3030434,11191.9054791,0.0
1731070077.92,11191.8768023,11192.1371615,0.0
1731070078.42,11191.6051169,11191.8570619,0.0
1731070078.92,11192.4146342,11192.3368506,0.0
1731070079.42,11192.075257,11191.9431774,0.0
1731070079.92,11192.3641142,11192.3157264,0.0
1731070080.42,11192.2890432,11192.3997712,0.0
1731070080.92,11192.3949113,11192.5678093,0.0
1731070081.42,11192.5118714,11192.4849969,0.0
1731070081.92,11193.1911745,11193.3364259,0.0
1731070082.42,11193.2446508,11193.0770858,0.0
1731070082.92,11193.5208601,11193.5385825,0.0
1731070083.42,11193.5334217,11193.5378848,0.0
1731070083.92,11193.494817,11193.3909073,0.0
1731070084.42,11193.6479292,11193.8481406,0.0
1731070084.92,11194.0011306,11194.2080793,0.0
1731070085.42,11193.8303333,11193.7399277,0.0
1731070085.93,11194.0245746,11193.8833258,0.0
1731070086.43,11194.2737852,11194.4273863,0.0
1731070086.93,11194.8418944,11194.7926227,0.0
1731070087.43,11194.7833959,11194.4548162,0.0
1731070087.93,11194.6764651,11194.937842,0.0
1731070088.43,11195.1149031,11195.2871144,0.0
1731070088.93,11195.066906,11195.3647366,0.0
1731070089.43,11195.5292474,11195.1358444,0.0
1731070089.93,11195.1226807,11195.3050389,0.0
1731070090.43,11195.8167839,11195.8453936,0.0
1731070090.93,11195.7240235,11195.7065411,0.0
1731070091.43,11195.9269421,11195.7892091,0.0
1731070091.93,11195.7245353,11196.2219812,0.0
1731070092.43,11195.8508601,11195.9951105,0.0
1731070092.93,11196.520732,11196.5333896,0.0
1731070093.43,11196.6366669,11196.4169274,0.0
1731070093.93,11196.8080994,11196.3985223,0.0
1731070094.43,11196.7271959,11197.0956801,0.0
1731070094.93,11197.1740628,11196.8450076,0.0
1731070095.43,11196.871412,11197.0403176,0.0
1731070095.93,11197.0861215,11196.9904194,0.0
1731070096.44,11197.5008214,11197.0130938,0.0
1731070096.94,11197.4656005,11197.7099081,0.0
1731070097.44,11197.6068555,11197.5994718,0.0
1731070097.94,11197.9209786,11197.737321,0.0
1731070098.44,11198.2421581,11197.7468657,0.0
1731070098.94,11198.1444213,11198.4076896,0.0
1731070099.44,11198.5143431,11197.9106851,0.0
1731070099.94,11198.429012,11198.5869391,0.0
1731070100.44,11198.7638658,11198.5442209,0.0
1731070100.94,11198.8335554,11198.8980838,0.0
1731070101.44,11199.126286,11198.6318449,0.0
1731070101.94,11198.7006123,11198.7356938,0.0
1731070102.44,11199.2839744,11199.4091628,0.0
1731070102.94,11199.4444725,11199.2208292,0.0
1731070103.44,11199.0944145,11199.6773681,0.0
1731070103.94,11199.5182349,11199.6238195,0.0
1731070104.44,11199.9404323,11200.0773197,0.0
1731070104.94,11199.6267058,11199.8937463,0.0
1731070105.44,11200.2829732,11200.0568763,0.0
1731070105.94,11200.2782441,11200.0393122,0.0
1731070106.44,11200.4815295,11200.4368613,0.0
1731070106.94,11200.7332037,11200.5247436,0.0
1731070107.44,11200.5759138,11200.496498,0.0
1731070107.94,11200.6200159,11200.7366306,0.0
1731070108.45,11200.6124814,11200.8716462,0.0
1731070108.95,11201.1985843,11200.9241371,0.0
1731070109.45,11201.1210014,11201.0430467,0.0
1731070109.95,11201.4648699,11201.1025636,0.0
1731070110.45,11201.357735,11201.318222,0.0
1731070110.95,11201.4945088,11202.0376826,0.0
1731070111.45,11201.653946,11201.6308476,0.0
1731070111.95,11201.6108706,11201.9664014,0.0
1731070112.45,11202.1495428,11202.0612002,0.0
1731070112.95,11202.3005906,11202.3520186,0.0
1731070113.45,11202.2762088,11202.775211,0.0
1731070113.95,11202.4702737,11202.618449,0.0
1731070114.45,11203.0080375,11202.8057159,0.0
1731070114.95,11202.7004707,11203.0776546,0.0
1731070115.45,11203.3191037,11203.2417307,0.0
1731070115.95,11202.8244452,11203.0092438,0.0
1731070116.45,11203.0476255,11203.1014162,0.0
1731070116.95,11203.3185916,11203.3615282,0.0
1731070117.46,11203.6125357,11203.4605882,0.0
1731070117.96,11203.6652706,11203.641421,0.0
1731070118.46,11203.9177155,11203.8558932,0.0
1731070118.96,11204.3972532,11204.273733,0.0
1731070119.46,11204.0481641,11204.0094692,0.0
1731070119.96,11204.1805316,11204.1609007,0.0
1731070120.46,11204.4350125,11204.5942956,0.0
1731070120.96,11204.6785106,11205.0015197,0.0
1731070121.46,11204.4814218,11205.1105317,0.0
1731070121.96,11205.3437979,11204.8985007,0.0
1731070122.46,11205.3811528,11205.3369553,0.0
1731070122.96,11204.9492416,11205.1299908,0.0
1731070123.46,11205.6074965,11205.3333077,0.0
1731070123.96,11205.6205645,11205.3834488,0.0
1731070124.46,11206.0698203,11205.8536431,0.0
1731070124.96,11205.8909284,11206.191739,0.0
1731070125.46,11205.7217974,11206.2193156,0.0
1731070125.96,11206.2310921,11206.1462437,0.0
1731070126.46,11206.365968,11206.3036404,0.0
1731070126.96,11206.6354413,11206.6191935,0.0
1731070127.47,11206.4564885,11206.4719347,0.0
1731070127.97,11206.726151,11206.7847328,0.0
1731070128.47,11207.1463851,11206.5573955,0.0
1731070128.97,11206.935902,11206.9390498,0.0
1731070129.47,11207.2320195,11207.4783128,0.0
1731070129.97,11207.5800883,11207.610255,0.0
1731070130.47,11207.4150608,11207.8713151,0.0
1731070130.97,11207.6032343,11207.3605588,0.0
1731070131.47,11207.6860986,11207.8966405,0.0
1731070131.97,11208.2060073,11207.8225652,0.0
1731070132.47,11208.0213304,11208.431736,0.0
1731070132.97,11207.9207438,11208.6061624,0.0
1731070133.47,11208.6904992,11208.2170952,0.0
1731070133.97,11208.6011671,11208.386129,0.0
1731070134.47,11208.550493,11208.7166847,0.0
1731070134.98,11209.2188956,11208.5669134,0.0
1731070135.48,11208.8294902,11209.396162,0.0
1731070135.98,11209.3482991,11208.9703295,0.0
1731070136.48,11209.1959565,11209.2640201,0.0
1731070136.98,11209.5517417,11209.1912259,0.0
1731070137.48,11209.594782,11209.7231455,0.0
1731070137.98,11210.0478901,11209.8706472,0.0
1731070138.48,11209.9629058,11209.8226411,0.0
1731070138.98,11210.3132602,11209.8473144,0.0
1731070139.48,11209.9084212,11210.5650239,0.0
1731070139.98,11210.6212339,11210.0745965,0.0
1731070140.48,11210.8032475,11210.2236733,0.0
1731070140.98,11210.7767147,11210.341463,0.0
1731070141.48,11210.4711416,11210.9130795,0.0
1731070141.98,11210.9569133,11211.2802192,0.0
1731070142.48,11211.0654775,11210.8807072,0.0
1731070142.98,11211.497763,11211.4894269,0.0
1731070143.48,11211.4055477,11211.3978037,0.0
1731070143.98,11211.2894434,11211.2642853,0.0
1731070144.48,11211.6982064,11212.0631801,0.0
1731070144.99,11211.7010257,11211.5763379,0.0
1731070145.48,11212.3742145,11211.9121546,0.0
1731070145.99,11212.5354687,11212.1128236,0.0
1731070146.49,11212.4503386,11212.038955,0.0
1731070146.99,11212.36212,11212.2782905,0.0
1731070147.49,11212.4101739,11212.5709181,0.0
1731070147.99,11212.4338265,11212.5357452,0.0
1731070148.49,11212.5683127,11212.5930457,0.0
1731070148.99,11212.9510793,11213.236631,0.0
1731070149.49,11213.5451668,11213.1041317,0.0
1731070149.99,11213.4347195,11213.1219583,0.0
1731070150.49,11213.2099053,11213.356439,0.0
1731070150.99,11213.7830602,11213.9093305,0.0
1731070151.49,11214.1540394,11213.64356,0.0
1731070151.99,11214.2437867,11213.8912786,0.0
1731070152.49,11214.3905525,11214.1050514,0.0
1731070152.99,11214.5956631,11214.0699141,0.0
1731070153.49,11214.2890914,11214.4643893,0.0
1731070153.99,11214.9165495,11214.5438652,0.0
1731070154.49,11215.0878866,11214.6263203,0.0
1731070155.0,11214.6061927,11214.6282575,0.0
1731070155.5,11214.7626438,11214.7386,0.0
1731070156.0,11215.1869312,11215.3554852,0.0
1731070156.5,11215.490236,11215.2515476,0.0
1731070157.0,11215.1580453,11215.1290879,0.0
1731070157.5,11215.9908609,11215.9685222,0.0
1731070158.0,11215.4407785,11215.9445681,0.0
1731070158.5,11216.1493911,11216.1806223,0.0
1731070159.0,11216.3050208,11216.0989336,0.0
1731070159.5,11216.421556,11216.0328398,0.0
1731070160.0,11216.3082945,11216.0342365,0.0
1731070160.5,11216.3030722,11216.4281333,0.0
1731070161.0,11216.7600927,11216.3353612,0.0
1731070161.5,11217.0730269,11216.80933,0.0
1731070162.0,11216.6715807,11217.2339267,0.0
1731070162.5,11217.1831838,11216.9307907,0.0
1731070163.0,11217.6073728,11217.5037671,0.0
1731070163.5,11217.2625234,11217.0699381,0.0
1731070164.01,11217.3766673,11217.2128929,0.0
1731070164.5,11218.0585368,11217.3982424,0.0
1731070165.01,11218.103524,11217.8657653,0.0
1731070165.51,11218.0301713,11217.6905456,0.0
1731070166.01,11218.5233667,11218.0106467,0.0
1731070166.51,11218.2523511,11217.9924052,0.0
1731070167.01,11218.4777322,11218.1495091,0.0
1731070167.51,11218.6875878,11218.9544625,0.0
1731070168.01,11218.6150564,11218.7927575,0.0
1731070168.51,11219.1966179,11218.9267745,0.0
1731070169.01,11218.9538144,11219.0126884,0.0
1731070169.51,11218.974045,11218.8512251,0.0
1731070170.01,11219.4154686,11219.5336679,0.0
1731070170.51,11219.5872061,11219.8453246,0.0
1731070171.01,11219.3648062,11219.6114778,0.0
1731070171.51,11219.7417643,11219.7889717,0.0
1731070172.01,11219.7258481,11220.2616721,0.0
1731070172.51,11220.291738,11220.438007,0.0
1731070173.02,11220.499536,11220.1999018,0.0
1731070173.52,11220.4637675,11220.5042388,0.0
1731070174.01,11220.9220901,11220.2704338,0.0
1731070174.52,11220.5840144,11220.9854032,0.0
1731070175.02,11220.7186422,11221.2153486,0.0
1731070175.52,11221.1099866,11221.3099815,0.0
1731070176.02,11221.3723008,11220.9472545,0.0
1731070176.52,11221.0155642,11221.456453,0.0
1731070177.02,11221.1897387,11221.4176345,0.0
1731070177.52,11221.4895011,11221.9257488,0.0
1731070178.02,11221.5203772,11222.0671449,0.0
1731070178.52,11222.0809797,11221.8046689,0.0
1731070179.02,11221.8666019,11221.8090662,0.0
1731070179.52,11222.5731915,11222.2459865,0.0
1731070180.02,11222.1368596,11222.6822337,0.0
1731070180.52,11222.5953004,11222.3191859,0.0
1731070181.02,11222.5776246,11222.9229693,0.0
1731070181.52,11222.8828535,11223.1947577,0.0
1731070182.02,11222.7547195,11223.1999479,0.0
1731070182.52,11223.384325,11223.4972859,0.0
1731070183.02,11223.5468491,11223.0291225,0.0
1731070183.52,11223.4837075,11223.6306781,0.0
1731070184.02,11223.4916197,11223.6731206,0.0
1731070184.52,11223.6947747,11223.5021769,0.0
1731070185.03,11223.6974064,11223.5543556,0.0
1731070185.53,11224.0496552,11223.8407918,0.0
1731070186.03,11224.5194339,11223.9621121,0.0
1731070186.53,11224.4768722,11224.0638944,0.0
1731070187.03,11224.1225008,11224.1731708,0.0
1731070187.53,11224.6416506,11224.8276366,0.0
1731070188.03,11224.7710354,11224.5382378,0.0
1731070188.53,11224.6341187,11224.8131765,0.0
1731070189.03,11224.7225314,11224.9581604,0.0
1731070189.53,11224.8560723,11225.2724127,0.0
1731070190.03,11225.6652184,11225.161403,0.0
1731070190.53,11225.833056,11225.383513,0.0
1731070191.03,11225.8821832,11225.9458473,0.0
1731070191.53,11225.8622837,11225.5650163,0.0
1731070192.03,11225.7299034,11226.2453436,0.0
1731070192.53,11226.0011948,11226.1607409,0.0
1731070193.03,11226.0110182,11226.6468077,0.0
1731070193.53,11226.3513166,11226.1771631,0.0
1731070194.03,11226.5131487,11226.6573839,0.0
1731070194.54,11226.9550791,11226.656374,0.0
1731070195.04,11226.5544105,11227.1126081,0.0
1731070195.54,11227.155543,11227.3279516,0.0
1731070196.04,11227.3367558,11227.4704372,0.0
1731070196.54,11227.337215,11227.0271114,0.0
1731070197.04,11227.7173382,11227.3171611,0.0
1731070197.54,11227.4994726,11227.8701977,0.0
1731070198.04,11227.8033442,11227.5016446,0.0
1731070198.54,11227.6463909,11227.6058373,0.0
1731070199.04,11228.3380626,11227.7519604,0.0
1731070199.54,11228.0418343,11227.8746936,0.0
1731070200.04,11228.7333292,11228.0534476,0.0
1731070200.54,11228.2442586,11228.2634828,0.0
1731070201.04,11228.5261856,11228.8059703,0.0
1731070201.54,11229.1308554,11228.5037236,0.0
1731070202.04,11228.9825796,11229.3338846,0.0
1731070202.54,11229.1649835,11229.1377785,0.0
1731070203.04,11229.5697544,11229.4544928,0.0
1731070203.54,11229.6715272,11229.3100475,0.0
1731070204.04,11229.749946,11229.8806622,0.0
1731070204.54,11229.6249743,11230.0705687,0.0
1731070205.05,11229.9017032,11230.1663074,0.0
1731070205.55,11230.2353472,11230.1202846,0.0
1731070206.05,11229.9725009,11230.1319387,0.0
1731070206.55,11230.5548308,11230.509844,0.0
1731070207.05,11230.4946305,11230.3266976,0.0
1731070207.55,11230.9690028,11230.5696123,0.0
1731070208.05,11230.4049019,11230.7873009,0.0
1731070208.55,11230.5862616,11230.57383,0.0
1731070209.05,11231.0015066,11231.3425584,0.0
1731070209.55,11231.5192874,11231.564025,0.0
1731070210.05,11231.5825481,11231.0212543,0.0
1731070210.55,11231.8799589,11231.1791458,0.0
1731070211.05,11231.4932419,11231.4976298,0.0
1731070211.55,11231.7501478,11231.8092433,0.0
1731070212.05,11231.916332,11232.3294192,0.0
1731070212.55,11232.1596597,11232.2868748,0.0
1731070213.05,11232.432286,11232.0412036,0.0
1731070213.55,11232.1925372,11232.4298623,0.0
1731070214.05,11232.9080763,11232.4115155,0.0
1731070214.55,11232.6343907,11232.752625,0.0
1731070215.05,11233.2498952,11232.9593541,0.0
1731070215.55,11232.7756627,11232.9491844,0.0
1731070216.05,11233.0229346,11233.4126802,0.0
1731070216.56,11233.1074634,11233.1131713,0.0
1731070217.05,11233.8006344,11233.6333484,0.0
1731070217.56,11233.5318198,11233.512822,0.0
1731070218.06,11234.0102112,11233.6596299,0.0
1731070218.56,11234.2624556,11233.9833747,0.0
1731070219.06,11234.3378391,11233.8085449,0.0
1731070219.56,11234.321098,11234.5988127,0.0
1731070220.06,11234.3024629,11234.4114092,0.0
1731070220.56,11234.6444813,11234.3101279,0.0
1731070221.06,11234.4768123,11234.3750922,0.0
1731070221.56,11234.8671846,11234.6346794,0.0
1731070222.06,11234.607261,11235.0908816,0.0
1731070222.56,11234.8304404,11235.2819662,0.0
1731070223.06,11235.2923604,11234.9866117,0.0
1731070223.56,11235.5918253,11235.748626,0.0
1731070224.06,11235.5893093,11235.8887366,0.0
1731070224.56,11235.4635367,11235.885307,0.0
1731070225.06,11235.8523118,11235.6898091,0.0
1731070225.56,11235.8749595,11236.1549594,0.0
1731070226.06,11235.8771384,11236.2576272,0.0
1731070226.56,11236.0334136,11236.3004468,0.0
1731070227.07,11236.2276717,11236.2144062,0.0
1731070227.57,11236.51162,11236.4331299,0.0
1731070228.07,11236.4982738,11236.9264703,0.0
1731070228.57,11236.8944923,11236.5530987,0.0
1731070229.07,11237.0180239,11237.4146554,0.0
1731070229.57,11237.4701669,11237.5114621,0.0
1731070230.07,11237.5293287,11237.3834372,0.0
1731070230.57,11237.8320099,11237.6550916,0.0
1731070231.07,11237.8831531,11237.5065933,0.0
1731070231.57,11238.000835,11237.6790102,0.0
1731070232.07,11237.7095817,11238.2685344,0.0
1731070232.57,11237.7654671,11238.2702745,0.0
1731070233.07,11238.4188017,11237.9174022,0.0
1731070233.57,11238.5490188,11238.3623571,0.0
1731070234.07,11238.4604522,11238.7132488,0.0
1731070234.57,11238.8934786,11238.897816,0.0
1731070235.07,11239.1720174,11239.1230776,0.0
1731070235.57,11239.1336978,11239.0657299,0.0
1731070236.07,11239.1065855,11239.0365559,0.0
1731070236.57,11239.687355,11239.1523728,0.0
1731070237.07,11239.4879914,11239.5522283,0.0
1731070237.57,11239.8685413,11239.3159735,0.0
1731070238.08,11239.9115422,11239.7342609,0.0
1731070238.58,11239.6404495,11239.8999273,0.0
1731070239.08,11240.275411,11240.119689,0.0
1731070239.58,11240.2030133,11239.8812373,0.0
1731070240.08,11240.21396,11240.5099535,0.0
1731070240.58,11240.6501477,11240.358741,0.0
1731070241.08,11240.9666881,11240.379802,0.0
1731070241.58,11241.0133666,11241.0578062,0.0
1731070242.08,11240.7129811,11241.0152761,0.0
1731070242.58,11240.887359,11240.8624212,0.0
1731070243.08,11241.2200695,11241.0674583,0.0
1731070243.58,11241.1808185,11241.5796439,0.0
1731070244.08,11241.5105203,11241.8923532,0.0
1731070244.58,11242.0834447,11241.671125,0.0
1731070245.08,11241.8589405,11241.5796564,0.0
1731070245.59,11242.2981616,11241.818069,0.0
1731070246.08,11241.9923685,11241.8208615,0.0
1731070246.58,11241.9810432,11242.213596,0.0
1731070247.08,11242.2935405,11242.2225701,0.0
1731070247.59,11242.8886347,11242.9332744,0.0
1731070248.09,11242.9244319,11242.446322,0.0
1731070248.59,11242.7878642,11242.5671802,0.0
1731070249.09,11243.158939,11242.898198,0.0
1731070249.59,11242.9640533,11243.5037114,0.0
1731070250.09,11243.6565926,11243.0210406,0.0
1731070250.59,11243.4954217,11243.1662723,0.0
1731070251.09,11243.6000386,11243.4668762,0.0
1731070251.59,11243.7610323,11243.8362911,0.0
1731070252.09,11244.0257468,11243.7347893,0.0
1731070252.59,11243.9678964,11243.9553858,0.0
1731070253.09,11244.0612297,11244.2190313,0.0
1731070253.59,11244.7172319,11244.7541485,0.0
1731070254.09,11244.263567,11244.7067205,0.0
1731070254.59,11244.9623007,11244.7935752,0.0
1731070255.09,11245.0749874,11244.980839,0.0
1731070255.59,11244.8241374,11244.9322268,0.0
1731070256.09,11244.9810552,11245.492895,0.0
1731070256.59,11245.2705662,11245.1166735,0.0
1731070257.1,11245.8464225,11245.7306236,0.0
1731070257.6,11245.4422615,11245.5093849,0.0
1731070258.1,11245.8965263,11245.4791138,0.0
1731070258.6,11246.1778641,11246.042477,0.0
1731070259.1,11246.2625984,11245.8148854,0.0
1731070259.6,11245.9757161,11246.400792,0.0
1731070260.1,11246.3843659,11246.4294476,0.0
1731070260.6,11246.2625636,11246.8011123,0.0
1731070261.1,11246.3055458,11246.4528792,0.0
1731070261.6,11246.4881363,11247.136494,0.0
1731070262.1,11246.6684705,11247.3478085,0.0
1731070262.6,11247.2293184,11246.8145854,0.0
1731070263.1,11247.2758182,11247.6113852,0.0
1731070263.6,11247.7997966,11247.5555287,0.0
1731070264.1,11247.7728647,11247.7135064,0.0
1731070264.6,11247.4923834,11247.6070191,0.0
1731070265.1,11247.8693553,11247.9935042,0.0
1731070265.6,11247.7384839,11247.6619906,0.0
1731070266.1,11248.4340391,11248.3306652,0.0
1731070266.6,11248.1132033,11248.1497927,0.0
1731070267.11,11248.4990088,11248.1172966,0.0
1731070267.61,11248.7007968,11248.3271807,0.0
1731070268.11,11248.942919,11248.7961836,0.0
1731070268.61,11248.5862685,11248.8894414,0.0
1731070269.11,11249.0958635,11249.2003329,0.0
1731070269.61,11249.5651325,11249.0997938,0.0
1731070270.11,11249.6582935,11249.2351294,0.0
1731070270.61,11249.8344497,11249.2350317,0.0
1731070271.11,11249.6143851,11249.6312443,0.0
1731070271.61,11249.8385433,11249.6889702,0.0
1731070272.11,11250.0509933,11249.9947433,0.0
1731070272.61,11250.2277076,11250.3402699,0.0
1731070273.11,11250.4509223,11250.0651993,0.0
1731070273.61,11250.4178209,11250.2287834,0.0
1731070274.11,11250.7891276,11250.5846767,0.0
1731070274.61,11251.0856025,11250.5143354,0.0
1731070275.11,11250.7611252,11250.6771577,0.0
1731070275.62,11251.2176185,11250.9898365,0.0
1731070276.11,11251.4035086,11251.5197482,0.0
1731070276.61,11251.1766265,11251.1573382,0.0
1731070277.12,11251.5915933,11251.6612462,0.0
1731070277.62,11251.8060409,11251.3387265,0.0
1731070278.12,11251.6823915,11251.6926934,0.0
1731070278.62,11251.7570384,11251.7488214,0.0
1731070279.12,11252.3634227,11251.7114176,0.0
1731070279.62,11252.486285,11252.2062734,0.0
1731070280.12,11252.380086,11252.0637408,0.0
1731070280.62,11252.2050676,11252.7525016,0.0
1731070281.12,11252.9274746,11252.4474922,0.0
1731070281.62,11252.7247687,11252.5368678,0.0
1731070282.12,11253.0837212,11253.1691714,0.0
1731070282.62,11253.0950837,11253.3312355,0.0
1731070283.12,11253.3839805,11253.5913171,0.0
1731070283.62,11253.3268229,11253.0721331,0.0
1731070284.12,11253.3182623,11253.3997862,0.0
1731070284.62,11253.9357889,11253.5579782,0.0
1731070285.12,11253.7553339,11254.0838384,0.0
1731070285.62,11253.7331487,11253.6940541,0.0
1731070286.12,11253.9839087,11253.8982556,0.0
1731070286.62,11254.630287,11254.3962437,0.0
1731070287.13,11254.7228477,11254.8455083,0.0
1731070287.62,11254.8651072,11254.8517993,0.0
1731070288.13,11254.8448815,11254.7604526,0.0
1731070288.63,11254.943927,11254.8455743,0.0
1731070289.13,11255.1699149,11255.0114948,0.0
1731070289.63,11254.9022242,11255.5757692,0.0
1731070290.13,11255.2687119,11255.0239072,0.0
1731070290.63,11255.4346998,11255.7425453,0.0
1731070291.13,11255.8530145,11255.6419441,0.0
1731070291.63,11256.0252788,11256.0000834,0.0
1731070292.13,11256.0736955,11255.9233204,0.0
1731070292.63,11255.7661212,11255.962303,0.0
1731070293.13,11256.4449077,11256.096002,0.0
1731070293.63,11256.7780592,11256.6352365,0.0
1731070294.13,11256.3912975,11256.5182738,0.0
1731070294.63,11256.5084391,11256.8133613,0.0
1731070295.13,11256.5140094,11256.7234102,0.0
1731070295.63,11256.9008766,11257.3550371,0.0
1731070296.13,11257.2054533,11257.4337702,0.0
1731070296.63,11257.2343332,11257.2172027,0.0
1731070297.13,11257.7706943,11257.5262881,0.0
1731070297.63,11257.8361527,11257.4914455,0.0
1731070298.13,11257.7692769,11257.9257404,0.0
1731070298.63,11258.108981,11258.1481044,0.0
1731070299.14,11258.2787001,11258.3595324,0.0
1731070299.64,11258.4401103,11257.8805088,0.0
1731070300.14,11258.5853811,11258.2339785,0.0
1731070300.64,11258.4367758,11258.344755,0.0
1731070301.14,11258.9176367,11258.5238234,0.0
1731070301.64,11258.6335672,11258.7020884,0.0
1731070302.14,11259.2204572,11258.9728792,0.0
1731070302.64,11258.9686294,11259.28955,0.0
1731070303.14,11259.3122261,11259.2716705,0.0
1731070303.64,11259.4511787,11259.4471927,0.0
1731070304.14,11259.4425867,11259.2993659,0.0
1731070304.64,11259.412338,11259.8321469,0.0
1731070305.14,11259.7559085,11259.5128761,0.0
1731070305.64,11259.9343138,11260.0209906,0.0
1731070306.14,11260.3009755,11260.3752821,0.0
1731070306.64,11260.0680101,11260.1084772,0.0
1731070307.14,11260.7838999,11260.1912627,0.0
1731070307.64,11260.4064241,11260.3417152,0.0
1731070308.14,11260.7445517,11260.904524,0.0
1731070308.64,11261.0593029,11260.571566,0.0
1731070309.14,11260.7856179,11261.4457365,0.0
1731070309.65,11260.8703089,11261.2561658,0.0
1731070310.15,11261.0623424,11261.2872928,0.0
1731070310.65,11261.2652483,11261.5698312,0.0
1731070311.15,11261.9249528,11261.8333603,0.0
1731070311.65,11261.6984524,11262.1178224,0.0
1731070312.15,11262.051411,11262.2542661,0.0
1731070312.65,11262.4350423,11261.9762938,0.0
1731070313.15,11262.3340557,11262.3120614,0.0
1731070313.65,11262.6631819,11262.1431209,0.0
1731070314.15,11262.3800346,11262.6519245,0.0
1731070314.65,11262.8246687,11262.42934,0.0
1731070315.15,11262.9271675,11263.0265584,0.0
1731070315.65,11262.8695701,11262.7511663,0.0
1731070316.15,11263.0464212,11262.8152719,0.0
1731070316.65,11263.335057,11263.0951392,0.0
1731070317.15,11263.6634915,11263.4480632,0.0
1731070317.65,11263.3769294,11263.5113298,0.0
1731070318.15,11264.0052039,11263.5028485,0.0
1731070318.65,11263.6713405,11263.6497758,0.0
1731070319.15,11263.9014017,11263.9586133,0.0
1731070319.65,11264.3188696,11264.0997526,0.0
1731070320.16,11264.5075143,11264.7357368,0.0
1731070320.66,11264.5798705,11264.2062958,0.0
1731070321.16,11264.6496449,11264.5661648,0.0
1731070321.66,11264.9062367,11264.8831721,0.0
1731070322.16,11264.7983997,11264.6227203,0.0
1731070322.66,11265.0054901,11265.3568506,0.0
1731070323.16,11265.2771571,11265.3307821,0.0
1731070323.66,11265.6257176,11265.476632,0.0
1731070324.16,11265.5808659,11265.2066936,0.0
1731070324.66,11266.0538095,11265.7194843,0.0
1731070325.16,11266.0189749,11265.9045052,0.0
1731070325.66,11265.9674402,11265.9089009,0.0
1731070326.16,11265.9436002,11265.8371143,0.0
1731070326.66,11266.4201764,11266.4047099,0.0
1731070327.16,11266.4806185,11266.5043395,0.0
1731070327.66,11266.3149331,11266.3799449,0.0
1731070328.16,11266.6497843,11266.6753124,0.0
1731070328.67,11266.9270121,11266.9514124,0.0
1731070329.17,11266.8998246,11267.0884279,0.0
1731070329.67,11267.4885776,11267.2698257,0.0
1731070330.17,11267.5838209,11267.4945003,0.0
1731070330.67,11267.3324064,11267.5278777,0.0
1731070331.17,11267.4301262,11267.3590725,0.0
1731070331.67,11267.8522815,11267.551474,0.0
1731070332.17,11267.6183941,11267.9376946,0.0
1731070332.67,11267.9372838,11267.8132791,0.0
1731070333.17,11268.2303482,11268.5375183,0.0
1731070333.67,11268.6197884,11268.5002438,0.0
1731070334.17,11268.5787409,11268.2986148,0.0
1731070334.67,11269.0644041,11268.4317667,0.0
1731070335.17,11268.5818674,11268.8433723,0.0
1731070335.67,11268.9128749,11269.1052311,0.0
1731070336.17,11269.5119337,11269.2871573,0.0
1731070336.67,11269.2059821,11269.2934345,0.0
1731070337.18,11269.5084497,11269.3723498,0.0
1731070337.68,11269.6644034,11269.3460926,0.0
1731070338.18,11270.039051,11269.4387263,0.0
1731070338.68,11270.2471882,11269.6636334,0.0
1731070339.18,11270.1429953,11269.7193302,0.0
1731070339.68,11270.0787425,11270.3655283,0.0
1731070340.18,11270.185844,11270.1231442,0.0
1731070340.68,11270.8813805,11270.213008,0.0
1731070341.18,11270.8543198,11270.6482643,0.0
1731070341.68,11271.0473229,11271.0532795,0.0
1731070342.18,11270.9918203,11270.6432753,0.0
1731070342.68,11271.2198968,11270.8636066,0.0
1731070343.18,11271.027413,11270.9435406,0.0
1731070343.68,11271.6118349,11271.5999426,0.0
1731070344.18,11271.6724337,11271.7347741,0.0
1731070344.69,11271.7657986,11271.4302744,0.0
1731070345.18,11272.1427551,11272.2289479,0.0
1731070345.68,11271.8070903,11272.0595869,0.0
1731070346.18,11272.5007753,11271.8668647,0.0
1731070346.68,11272.2023771,11272.2114255,0.0
1731070347.18,11272.6401192,11272.835217,0.0
1731070347.68,11272.7065932,11272.2734821,0.0
1731070348.18,11273.0364147,11272.899167,0.0
1731070348.69,11273.1879277,11272.9981237,0.0
1731070349.19,11273.0727032,11273.0947065,0.0
1731070349.69,11273.242023,11272.9853828,0.0
1731070350.19,11273.0205782,11273.6532146,0.0
1731070350.69,11273.2664697,11273.2789834,0.0
1731070351.19,11273.7986123,11273.445759,0.0
1731070351.69,11273.585362,11274.0149443,0.0
1731070352.19,11274.1815309,11273.8072169,0.0
1731070352.69,11273.8437425,11274.4496405,0.0
1731070353.19,11274.0762278,11274.2676781,0.0
1731070353.69,11274.2964806,11274.6429818,0.0
1731070354.19,11274.3482726,11274.8456659,0.0
1731070354.69,11274.6664015,11274.5376759,0.0
1731070355.19,11275.0439969,11275.2439578,0.0
1731070355.69,11274.6669113,11275.0804383,0.0
1731070356.19,11275.0636125,11275.0725566,0.0
1731070356.69,11275.2045269,11275.6926936,0.0
1731070357.19,11275.6462669,11275.2218825,0.0
1731070357.69,11275.4937093,11275.7026104,0.0
1731070358.2,11276.0957155,11276.1450569,0.0
1731070358.7,11275.5840996,11276.2873242,0.0
1731070359.2,11275.9847581,11275.8483813,0.0
1731070359.7,11276.593642,11275.9835584,0.0
1731070360.2,11276.6372863,11276.5608325,0.0
1731070360.7,11276.618252,11276.4395791,0.0
1731070361.2,11276.5302965,11276.5031289,0.0
1731070361.7,11276.8739278,11277.1502914,0.0
1731070362.2,11276.8720056,11276.878787,0.0
1731070362.7,11277.473171,11276.9246334,0.0
1731070363.2,11277.5925406,11276.9498431,0.0
1731070363.7,11277.2561674,11277.3202042,0.0
1731070364.21,11277.674907,11277.9300432,0.0
1731070364.71,11277.5926009,11277.6960733,0.0
1731070365.21,11277.8806709,11277.7682724,0.0
1731070365.71,11277.82615,11277.6733765,0.0
1731070366.2,11278.3563138,11278.2358531,0.0
1731070366.7,11278.3961713,11278.5858954,0.0
1731070367.21,11278.6751272,11278.8445906,0.0
1731070367.71,11278.8324274,11278.8259932,0.0
1731070368.21,11279.119372,11278.691314,0.0
1731070368.71,11279.0786255,11278.8063587,0.0
1731070369.21,11278.7530443,11279.4368952,0.0
1731070369.71,11278.9512005,11279.2587839,0.0
1731070370.21,11279.5188844,11279.6536447,0.0
1731070370.71,11279.2927523,11279.5370393,0.0
1731070371.21,11279.6971351,11279.919045,0.0
1731070371.71,11280.1285372,11279.9961433,0.0
1731070372.21,11279.8523515,11279.7465421,0.0
1731070372.71,11279.9548535,11279.9315068,0.0
1731070373.21,11280.2609171,11279.9975856,0.0
1731070373.71,11280.394225,11280.2100183,0.0
1731070374.21,11280.3236868,11280.4589744,0.0
1731070374.71,11281.0982795,11280.3564029,0.0
1731070375.21,11281.0586241,11280.9577277,0.0
1731070375.71,11280.7242788,11281.1135757,0.0
1731070376.22,11281.1849482,11280.8292649,0.0
1731070376.72,11281.5482818,11281.4112129,0.0
1731070377.22,11281.501953,11281.2598486,0.0
1731070377.72,11281.885093,11281.9596401,0.0
1731070378.22,11281.749345,11281.8284577,0.0
1731070378.72,11282.2651867,11282.1207826,0.0
1731070379.22,11282.1234622,11281.7436996,0.0
1731070379.72,11282.2220243,11282.5303753,0.0
1731070380.22,11282.2240192,11282.261968,0.0
1731070380.72,11282.1631838,11282.3981515,0.0
1731070381.22,11283.0398648,11282.7562363,0.0
1731070381.72,11282.9254323,11282.5440972,0.0
1731070382.22,11283.3096128,11282.6451108,0.0
1731070382.72,11282.773852,11283.2938794,0.0
1731070383.22,11283.0945896,11283.0247002,0.0
1731070383.72,11283.4448416,11283.4266866,0.0
1731070384.22,11283.5103478,11283.5364686,0.0
1731070384.72,11283.8718545,11283.7645548,0.0
1731070385.22,11283.5257407,11284.1998512,0.0
1731070385.73,11283.9978778,11283.7711796,0.0
1731070386.23,11284.3769679,11284.0468008,0.0
1731070386.73,11284.2042995,11284.6391565,0.0
1731070387.23,11284.4977706,11284.8440095,0.0
1731070387.73,11284.6280163,11284.4493064,0.0
1731070388.23,11285.1331513,11284.7957758,0.0
1731070388.73,11285.1522149,11284.6068959,0.0
1731070389.23,11285.244891,11285.4386411,0.0
1731070389.73,11285.3572648,11285.4487354,0.0
1731070390.23,11285.140142,11285.3202614,0.0
1731070390.73,11285.7558336,11285.8118708,0.0
1731070391.23,11285.4911944,11285.6962758,0.0
1731070391.73,11285.9481993,11285.456168,0.0
1731070392.23,11285.745849,11286.2771239,0.0
1731070392.73,11286.4901354,11286.0216359,0.0
1731070393.23,11286.0210213,11286.3168778,0.0
1731070393.73,11286.7890695,11286.7453382,0.0
1731070394.23,11286.3962034,11286.5978027,0.0
1731070394.73,11286.725244,11286.6969807,0.0
1731070395.23,11286.7907081,11286.9196092,0.0
1731070395.73,11286.8214338,11286.7699697,0.0
1731070396.23,11286.8642891,11286.9843483,0.0
1731070396.73,11287.277549,11287.5827165,0.0
1731070397.24,11287.8234274,11287.3537896,0.0
1731070397.74,11287.5804474,11287.868888,0.0
1731070398.24,11287.5132446,11287.8982883,0.0
1731070398.74,11288.2975819,11287.6066222,0.0
1731070399.24,11287.972505,11288.3098885,0.0
1731070399.74,11288.4497813,11288.3259843,0.0
1731070400.24,11288.5127356,11288.2837398,0.0
1731070400.74,11288.7276165,11288.4319438,0.0
1731070401.24,11288.3880992,11288.6205407,0.0
1731070401.74,11288.686285,11288.6775154,0.0
1731070402.24,11289.0645338,11288.8550046,0.0
1731070402.74,11288.7891016,11289.0314232,0.0
1731070403.24,11289.3116574,11289.1142214,0.0
1731070403.74,11289.423219,11289.2802713,0.0
1731070404.24,11289.9272863,11289.8302737,0.0
1731070404.74,11289.6025309,11289.5434941,0.0
1731070405.24,11289.8048602,11289.8952438,0.0
1731070405.75,11290.395344,11289.9363403,0.0
1731070406.24,11290.3305165,11290.2268583,0.0
1731070406.75,11290.1661116,11290.0729261,0.0
1731070407.25,11290.8378967,11290.5980048,0.0
1731070407.75,11290.8877404,11290.2954149,0.0
1731070408.25,11291.1274428,11291.0734832,0.0
1731070408.75,11290.6067812,11290.7859398,0.0
1731070409.25,11290.8049029,11290.7879099,0.0
1731070409.75,11291.0294024,11291.5063825,0.0
1731070410.25,11291.1237559,11291.3872738,0.0
1731070410.75,11291.5377782,11291.8410872,0.0
1731070411.25,11291.6337441,11291.4838996,0.0
1731070411.75,11292.1284136,11292.1120923,0.0
1731070412.25,11292.0403497,11291.8669165,0.0
1731070412.75,11292.3047988,11292.2659524,0.0
1731070413.25,11292.4391093,11292.2547627,0.0
1731070413.75,11292.5346149,11292.083903,0.0
1731070414.25,11292.333452,11292.376201,0.0
1731070414.75,11292.8727994,11292.4638314,0.0
1731070415.25,11292.5485389,11292.764404,0.0
1731070415.75,11292.7875686,11293.3334215,0.0
1731070416.25,11293.4080678,11293.2210748,0.0
1731070416.76,11293.1163255,11293.0261113,0.0
1731070417.26,11293.3166001,11293.4677673,0.0
1731070417.76,11293.6063051,11293.6232909,0.0
1731070418.26,11293.9981408,11293.8746529,0.0
1731070418.76,11293.6701915,11293.8007237,0.0
1731070419.26,11294.2101615,11294.2201253,0.0
1731070419.76,11294.0584839,11294.1197277,0.0
1731070420.26,11294.0699291,11294.5253289,0.0
1731070420.76,11294.6600287,11294.1566194,0.0
1731070421.26,11294.3765742,11294.9295707,0.0
1731070421.76,11294.9136673,11295.0318373,0.0
1731070422.26,11294.9330267,11294.6578094,0.0
1731070422.76,11295.3392242,11294.8977956,0.0
1731070423.26,11295.0060437,11295.3100703,0.0
1731070423.76,11295.6789312,11295.0554057,0.0
1731070424.26,11295.6658149,11295.7626283,0.0
1731070424.76,11295.7931373,11295.6504882,0.0
1731070425.26,11295.5467267,11295.6705914,0.0
1731070425.77,11295.9136172,11296.1774337,0.0
1731070426.27,11295.985738,11296.2007958,0.0
1731070426.77,11296.0297822,11296.533079,0.0
1731070427.27,11296.2244726,11296.5610623,0.0
1731070427.77,11296.9606263,11296.9734007,0.0
1731070428.27,11296.6606356,11296.7404918,0.0
1731070428.77,11296.7953386,11297.057935,0.0
1731070429.27,11297.1832099,11297.3196995,0.0
1731070429.77,11297.0483684,11297.5230166,0.0
1731070430.27,11297.3681166,11297.4721779,0.0
1731070430.77,11297.1505177,11297.1538559,0.0
1731070431.27,11297.7472231,11297.5384617,0.0
1731070431.77,11298.1207599,11297.9058332,0.0
1731070432.27,11298.2263528,11297.8035265,0.0
1731070432.78,11298.4035626,11298.0621148,0.0
1731070433.27,11298.2967241,11298.3030412,0.0
1731070433.77,11298.2743611,11298.6969301,0.0
1731070434.27,11298.8654248,11298.7218911,0.0
1731070434.78,11298.9987063,11298.9551376,0.0
1731070435.28,11298.7530925,11298.6859838,0.0
1731070435.78,11299.388613,11298.9375457,0.0
1731070436.28,11299.4812564,11299.3053288,0.0
1731070436.78,11298.9718461,11298.9717689,0.0
1731070437.28,11299.742249,11299.7429721,0.0
1731070437.78,11299.5543004,11299.9919187,0.0
1731070438.28,11300.036323,11299.8876737,0.0
1731070438.78,11300.0171004,11300.2334838,0.0
1731070439.28,11300.1650439,11300.0510066,0.0
1731070439.78,11300.2344108,11300.3395427,0.0
1731070440.28,11300.1645258,11300.5479648,0.0
1731070440.78,11300.5883475,11300.1602602,0.0
1731070441.28,11300.6635406,11300.3277463,0.0
1731070441.78,11300.5590458,11300.6988058,0.0
1731070442.28,11301.087098,11301.3461605,0.0
1731070442.78,11301.1380536,11301.4408091,0.0
1731070443.28,11300.9719614,11301.0720534,0.0
1731070443.78,11301.6777886,11301.7682897,0.0
1731070444.28,11301.2087911,11301.8756428,0.0
1731070444.78,11301.6585737,11301.6035972,0.0
1731070445.29,11302.2332163,11301.681007,0.0
1731070445.79,11301.8436161,11301.8422777,0.0
1731070446.29,11302.4619185,11302.0839115,0.0
1731070446.79,11302.3522748,11302.2679637,0.0
1731070447.29,11302.5422959,11302.3020721,0.0
1731070447.79,11302.2619601,11302.5392347,0.0
1731070448.29,11302.6156715,11302.4654475,0.0
1731070448.79,11302.752033,11302.9542163,0.0
1731070449.29,11302.7023197,11303.1358494,0.0
1731070449.79,11303.4042377,11303.5218806,0.0
1731070450.29,11303.5557802,11303.3320638,0.0
1731070450.79,11303.6518033,11303.8593529,0.0
1731070451.29,11303.8423794,11303.6623821,0.0
1731070451.79,11303.5425694,11303.4901568,0.0
1731070452.29,11304.2699394,11303.7650925,0.0
1731070452.79,11304.3764863,11304.2057185,0.0
1731070453.29,11304.2621606,11304.0510766,0.0
1731070453.79,11304.5850961,11304.6642506,0.0
1731070454.3,11304.4830908,11304.2395808,0.0
1731070454.8,11304.5269516,11304.815062,0.0
1731070455.3,11304.8317928,11304.7339557,0.0
1731070455.8,11305.1044869,11305.1735146,0.0
1731070456.3,11305.0796765,11304.9530507,0.0
1731070456.8,11305.4007324,11305.0316408,0.0
1731070457.3,11305.8235201,11305.4098499,0.0
1731070457.8,11305.3005371,11305.8138684,0.0
1731070458.3,11305.5767408,11305.9933272,0.0
1731070458.8,11305.6959308,11305.7097122,0.0
1731070459.3,11306.1172331,11306.3557185,0.0
1731070459.8,11306.4244949,11306.467664,0.0
1731070460.3,11306.2318515,11306.2511898,0.0
1731070460.8,11306.4394438,11306.6252713,0.0
1731070461.3,11307.0151527,11306.6461539,0.0
1731070461.8,11306.6399968,11306.7504696,0.0
1731070462.3,11306.790716,11306.99083,0.0
1731070462.8,11306.761144,11307.0195165,0.0
1731070463.3,11307.5311993,11307.573482,0.0
1731070463.8,11307.4823423,11307.7648904,0.0
1731070464.3,11307.8259325,11307.8578913,0.0
1731070464.81,11307.6742787,11307.4536191,0.0
1731070465.3,11307.7101525,11308.0597176,0.0
1731070465.81,11307.6860291,11308.089359,0.0
1731070466.31,11308.0526325,11308.1143465,0.0
1731070466.81,11308.4618904,11308.5507748,0.0
1731070467.31,11308.7877202,11308.3018297,0.0
1731070467.81,11308.5236692,11308.7284721,0.0
1731070468.31,11308.4670075,11308.5366604,0.0
1731070468.81,11309.2324886,11309.1459394,0.0
1731070469.31,11309.1241246,11309.149885,0.0
1731070469.81,11308.8890944,11309.1259993,0.0
1731070470.31,11309.3854974,11309.443029,0.0
1731070470.81,11309.8935275,11309.8284615,0.0
1731070471.31,11309.7891412,11309.8779324,0.0
1731070471.81,11309.8685404,11309.7981086,0.0
1731070472.31,11310.084749,11309.9812978,0.0
1731070472.81,11309.7528628,11309.9195406,0.0
1731070473.31,11310.2404032,11309.9111909,0.0
1731070473.81,11310.4291782,11310.4872339,0.0
1731070474.32,11310.7167902,11310.6700947,0.0
1731070474.82,11310.8432522,11310.6346157,0.0
1731070475.32,11310.9751211,11311.1279643,0.0
1731070475.84,11310.8501405,11310.8383217,0.0
1731070476.33,11311.0966672,11311.0552659,0.0
1731070476.83,11311.2350757,11311.6374233,0.0
1731070477.33,11311.4051418,11311.6422978,0.0
1731070477.83,11311.4474445,11311.9100835,0.0
1731070478.33,11311.6920691,11311.6934865,0.0
1731070478.83,11312.1793036,11311.7139438,0.0
1731070479.33,11312.1241381,11311.8223849,0.0
1731070479.83,11312.2076948,11312.039358,0.0
1731070480.33,11312.4470274,11312.2459902,0.0
1731070480.83,11312.5672954,11312.3286244,0.0
1731070481.33,11312.9841911,11312.4156676,0.0
1731070481.83,11312.9909149,11313.1783799,0.0
1731070482.33,11313.3449631,11313.1826081,0.0
1731070482.83,11312.9762336,11312.7564963,0.0
1731070483.33,11313.5635048,11313.3341487,0.0
1731070483.83,11313.7570134,11313.2620632,0.0
1731070484.33,11313.2849134,11313.4607474,0.0
1731070484.83,11313.5937159,11313.895648,0.0
1731070485.33,11313.8310055,11313.9494595,0.0
1731070485.84,11314.0978458,11313.7317464,0.0
1731070486.34,11314.485667,11314.1488495,0.0
1731070486.84,11313.9816246,11314.4217494,0.0
1731070487.34,11314.4080032,11314.6584308,0.0
1731070487.84,11314.5806101,11314.4315777,0.0
1731070488.34,11314.9768229,11314.6692511,0.0
1731070488.84,11315.0164753,11314.9410294,0.0
1731070489.34,11315.048199,11315.2752075,0.0
1731070489.84,11314.9730643,11315.139841,0.0
1731070490.34,11315.7193907,11315.6976285,0.0
1731070490.84,11315.5495109,11315.4859188,0.0
1731070491.34,11315.3579801,11315.8398216,0.0
1731070491.84,11315.7685583,11315.7606628,0.0
1731070492.34,11315.7264833,11316.2833278,0.0
1731070492.84,11315.994376,11316.3864673,0.0
1731070493.34,11316.0080048,11316.1237899,0.0
1731070493.84,11316.3812695,11316.3111015,0.0
1731070494.34,11316.3425272,11316.5072631,0.0
1731070494.84,11317.0285288,11317.041804,0.0
1731070495.34,11317.1336706,11317.1206701,0.0
1731070495.84,11317.3625907,11317.1063951,0.0
1731070496.34,11317.3804532,11317.1952844,0.0
1731070496.84,11317.1223163,11317.3101279,0.0
1731070497.35,11317.362112,11317.7768669,0.0
1731070497.85,11317.4980911,11317.7570197,0.0
1731070498.35,11317.5427381,11317.6504618,0.0
1731070498.85,11317.9419371,11318.0048835,0.0
1731070499.35,11318.2171705,11317.9148006,0.0
1731070499.85,11318.0443748,11318.1502961,0.0
1731070500.35,11318.0211244,11318.0296467,0.0
1731070500.85,11318.3449993,11318.3061958,0.0
1731070501.35,11318.9237698,11318.5957093,0.0
1731070501.85,11318.7267924,11319.0626698,0.0
1731070502.35,11319.1202649,11318.7408566,0.0
1731070502.85,11318.9400368,11318.8464382,0.0
1731070503.35,11319.2545191,11319.5248643,0.0
1731070503.85,11319.5661601,11319.2348219,0.0
1731070504.35,11319.7745942,11319.4144383,0.0
1731070504.85,11320.0181907,11319.3688848,0.0
1731070505.35,11319.5089747,11320.0933589,0.0
1731070505.85,11319.8524073,11320.3641934,0.0
1731070506.35,11319.8094667,11320.2155563,0.0
1731070506.85,11320.6995963,11320.2929721,0.0
1731070507.36,11320.8041083,11320.7105009,0.0
1731070507.86,11320.8010503,11320.3409002,0.0
1731070508.36,11321.0497375,11321.0681355,0.0
1731070508.86,11320.713526,11320.9603928,0.0
1731070509.36,11321.3717553,11320.820893,0.0
1731070509.86,11321.0869595,11321.0085728,0.0
1731070510.36,11321.010385,11321.570066,0.0
1731070510.86,11321.5773008,11321.3093084,0.0
1731070511.36,11321.8433728,11322.002129,0.0
1731070511.86,11321.6563614,11321.8000922,0.0
1731070512.36,11321.6085434,11322.145505,0.0
1731070512.86,11322.0095319,11321.9740944,0.0
1731070513.36,11322.1790599,11322.345006,0.0
1731070513.86,11322.2894473,11322.1161681,0.0
1731070514.36,11322.6177631,11322.8276187,0.0
1731070514.86,11322.7981036,11322.7015195,0.0
1731070515.36,11323.1353844,11322.8394349,0.0
1731070515.86,11323.3803021,11323.348189,0.0
1731070516.37,11323.163119,11322.9996812,0.0
1731070516.86,11323.0817047,11323.4635418,0.0
1731070517.37,11323.1782842,11323.5404702,0.0
1731070517.87,11323.2788626,11323.9417902,0.0
1731070518.37,11323.5845397,11323.9749877,0.0
1731070518.87,11324.0090384,11323.9058659,0.0
1731070519.37,11323.7763179,11323.973664,0.0
1731070519.87,11324.2307805,11323.9767863,0.0
1731070520.37,11324.2810522,11324.6159967,0.0
1731070520.87,11324.7826832,11324.2539198,0.0
1731070521.37,11324.8819157,11324.878607,0.0
1731070521.87,11324.7703594,11324.7974356,0.0
1731070522.37,11325.2465479,11325.1171941,0.0
1731070522.87,11324.7923536,11324.8932627,0.0
1731070523.37,11324.9616661,11325.5054783,0.0
1731070523.87,11325.4243828,11325.2166667,0.0
1731070524.37,11325.7945544,11325.2233,0.0
1731070524.87,11325.6786338,11325.9128457,0.0
1731070525.37,11325.7196315,11326.0164157,0.0
1731070525.87,11325.9489218,11326.230402,0.0
1731070526.37,11325.9696941,11326.3263881,0.0
1731070526.88,11326.6121591,11326.2404306,0.0
1731070527.37,11326.7117975,11326.7017922,0.0
1731070527.88,11326.4972433,11326.7127014,0.0
1731070528.38,11326.5204524,11327.0931254,0.0
1731070528.88,11326.5634051,11326.6078549,0.0
1731070529.38,11326.8317592,11327.002445,0.0
1731070529.88,11327.1856095,11327.3893238,0.0
1731070530.38,11327.1219339,11327.6572466,0.0
1731070530.88,11327.8626676,11327.6806016,0.0
1731070531.38,11327.9235799,11328.0423923,0.0
1731070531.88,11327.5716976,11327.9633057,0.0
1731070532.38,11327.7550775,11327.9327268,0.0
1731070532.88,11327.7670191,11328.452164,0.0
1731070533.38,11327.9562454,11328.35265,0.0
1731070533.88,11328.3072302,11328.6963269,0.0
1731070534.38,11328.7297937,11328.4986736,0.0
1731070534.88,11328.4328874,11328.3779506,0.0
1731070535.38,11328.6175305,11329.0205974,0.0
1731070535.88,11329.2242968,11328.9086293,0.0
1731070536.38,11328.9160856,11329.1988055,0.0
1731070536.88,11329.4756563,11329.4913575,0.0
1731070537.38,11329.1295411,11329.2490112,0.0
1731070537.88,11329.9538835,11329.2916503,0.0
1731070538.39,11330.0863624,11329.9112065,0.0
1731070538.89,11330.1879633,11329.7688848,0.0
1731070539.39,11329.766511,11330.2814359,0.0
1731070539.89,11330.4095015,11330.3837416,0.0
1731070540.39,11330.7218362,11330.705039,0.0
1731070540.89,11330.5019057,11330.5161638,0.0
1731070541.39,11330.3168566,11330.3347071,0.0
1731070541.89,11330.5033443,11330.6065513,0.0
1731070542.39,11330.6776581,11331.0179634,0.0
1731070542.89,11331.0869915,11331.3552289,0.0
1731070543.39,11331.4311421,11331.5123108,0.0
1731070543.89,11331.7266326,11331.5548961,0.0
1731070544.39,11331.8216713,11331.3416002,0.0
1731070544.89,11331.3757537,11331.9225467,0.0
1731070545.39,11331.66658,11332.0963989,0.0
1731070545.89,11331.8468908,11332.089124,0.0
1731070546.39,11332.2952881,11332.546188,0.0
1731070546.89,11331.9926568,11332.2409778,0.0
1731070547.4,11332.1719611,11332.3483016,0.0
1731070547.9,11332.2517655,11332.4967956,0.0
1731070548.4,11332.6897238,11332.8360056,0.0
1731070548.9,11332.9874286,11333.0599301,0.0
1731070549.4,11332.8764468,11332.9661989,0.0
1731070549.9,11332.8880865,11333.3834832,0.0
1731070550.4,11333.3462741,11333.3446169,0.0
1731070550.9,11333.676838,11333.3966231,0.0
1731070551.4,11333.9553714,11333.4390061,0.0
1731070551.9,11333.774021,11333.8590558,0.0
1731070552.4,11334.2414072,11334.2077584,0.0
1731070552.9,11333.8232636,11334.4141809,0.0
1731070553.4,11333.9983284,11334.3370565,0.0
1731070553.9,11334.3774341,11334.1245024,0.0
1731070554.41,11334.5109243,11334.8447481,0.0
1731070554.91,11334.7302431,11334.5171532,0.0
1731070555.41,11335.1045147,11334.7180809,0.0
1731070555.91,11334.7967458,11335.0669638,0.0
1731070556.41,11335.0715435,11334.8852226,0.0
1731070556.91,11335.616967,11335.3678246,0.0
1731070557.41,11335.1151702,11335.5361192,0.0
1731070557.91,11335.654477,11335.852802,0.0
1731070558.41,11335.6807327,11336.022658,0.0
1731070558.91,11335.8008181,11336.1114587,0.0
1731070559.41,11335.8995088,11336.2290008,0.0
1731070559.91,11336.0972237,11336.116536,0.0
1731070560.41,11336.551316,11336.0220676,0.0
1731070560.91,11336.5905649,11336.1994722,0.0
1731070561.41,11336.822335,11336.3764978,0.0
1731070561.91,11336.6833962,11337.1197965,0.0
1731070562.41,11336.6748702,11336.7366534,0.0
1731070562.92,11337.0213193,11337.4081977,0.0
1731070563.41,11337.1133953,11337.26985,0.0
1731070563.91,11337.642704,11337.6917357,0.0
1731070564.42,11337.8585873,11337.7547355,0.0
1731070564.92,11338.0902434,11338.0913386,0.0
1731070565.42,11337.7343245,11337.9180603,0.0
1731070565.92,11338.1973934,11337.9164877,0.0
1731070566.42,11338.2148597,11338.5049488,0.0
1731070566.92,11338.4444989,11338.2715992,0.0
1731070567.42,11338.3167129,11338.2583357,0.0
1731070567.92,11338.3675867,11338.9604311,0.0
1731070568.42,11338.8828413,11338.7886676,0.0
1731070568.92,11338.866241,11338.5883159,0.0
1731070569.42,11338.9480505,11339.4082145,0.0
1731070569.92,11339.1792952,11339.3857848,0.0
1731070570.42,11339.6444078,11339.4506403,0.0
1731070570.92,11339.3979023,11339.8178782,0.0
1731070571.42,11339.9748549,11339.5580674,0.0
1731070571.92,11339.6680317,11340.1012044,0.0
1731070572.42,11339.8468358,11339.9555606,0.0
1731070572.92,11339.8505418,11340.0595743,0.0
1731070573.42,11339.9755415,11339.9603885,0.0
1731070573.93,11340.2062496,11340.2993408,0.0
1731070574.43,11340.8649062,11340.9423109,0.0
1731070574.93,11340.8087046,11340.6022565,0.0
1731070575.43,11340.620952,11341.1881341,0.0
1731070575.94,11340.6622841,11341.2330108,0.0
1731070576.43,11341.0797005,11340.9517467,0.0
1731070576.93,11341.0928,11341.0423466,0.0
1731070577.43,11341.3724691,11341.4721249,0.0
1731070577.93,11341.8306079,11341.4167405,0.0
1731070578.43,11341.4598998,11341.7181886,0.0
1731070578.93,11341.5630834,11342.0471467,0.0
1731070579.43,11342.0015524,11342.1832049,0.0
1731070579.93,11342.2241371,11342.3720113,0.0
1731070580.43,11342.303412,11342.6839641,0.0
1731070580.93,11342.8434153,11342.8469077,0.0
1731070581.43,11343.0078221,11342.7008452,0.0
1731070581.93,11342.7295475,11342.7216515,0.0
1731070582.43,11342.6700108,11343.0513908,0.0
1731070582.93,11342.8288918,11343.0065581,0.0
1731070583.43,11343.4894159,11343.3838293,0.0
1731070583.94,11343.6817616,11343.1693781,0.0
1731070584.43,11343.3273869,11343.596195,0.0
1731070584.94,11343.8439058,11343.6419815,0.0
1731070585.44,11343.5646467,11344.1991836,0.0
1731070585.94,11343.6799483,11343.6989557,0.0
1731070586.44,11344.3364876,11344.2287577,0.0
1731070586.94,11344.4787594,11344.3780353,0.0
1731070587.44,11344.6404431,11344.2386393,0.0
1731070587.94,11344.8528401,11344.2587644,0.0
1731070588.44,11344.7014292,11344.5407728,0.0
1731070588.94,11345.1779514,11344.834095,0.0
1731070589.44,11345.2414451,11344.9700702,0.0
1731070589.94,11344.8827986,11345.1887755,0.0
1731070590.44,11345.5235705,11345.4688054,0.0
1731070590.94,11345.7450913,11345.6876893,0.0
1731070591.44,11345.7941968,11345.6708376,0.0
1731070591.94,11345.6783888,11345.5947853,0.0
1731070592.44,11346.3222255,11346.0618614,0.0
1731070592.94,11346.0151705,11346.4133832,0.0
1731070593.44,11346.3918961,11346.0521965,0.0
1731070593.94,11346.1945308,11346.2488307,0.0
1731070594.44,11346.4168329,11346.4316768,0.0
1731070594.94,11346.7420328,11346.6981851,0.0
1731070595.45,11346.6203981,11346.8733177,0.0
1731070595.95,11346.8079202,11347.3609885,0.0
1731070596.45,11347.1143389,11347.3351424,0.0
1731070596.95,11347.5079034,11347.6093025,0.0
1731070597.45,11347.769317,11347.2164906,0.0
1731070597.95,11347.5224505,11347.7119358,0.0
1731070598.45,11347.9417735,11348.0989979,0.0
1731070598.95,11347.9253278,11347.6272757,0.0
1731070599.45,11348.1222521,11348.4266751,0.0
1731070599.95,11347.8520775,11348.5754133,0.0
1731070600.45,11348.4509843,11348.4015766,0.0
1731070600.95,11348.3904904,11348.660555,0.0
1731070601.45,11349.0147597,11348.8853798,0.0
1731070601.95,11348.8411441,11348.4859177,0.0
1731070602.45,11349.3371013,11348.9535087,0.0
1731070602.95,11349.4720927,11348.8434505,0.0
1731070603.45,11349.6194043,11349.292817,0.0
1731070603.95,11349.3616836,11349.2181357,0.0
1731070604.45,11349.5081238,11349.4145564,0.0
1731070604.95,11349.355627,11349.6366792,0.0
1731070605.46,11350.1084102,11349.8749956,0.0
1731070605.96,11349.740525,11350.1971699,0.0
1731070606.46,11349.835187,11350.2467573,0.0
1731070606.96,11350.121784,11350.5161257,0.0
1731070607.46,11350.5601231,11350.3658362,0.0
1731070607.96,11350.4864506,11350.3662013,0.0
1731070608.46,11351.1327222,11350.6446912,0.0
1731070608.96,11351.24811,11350.8569305,0.0
1731070609.46,11351.2365955,11351.3333341,0.0
1731070609.96,11351.2498712,11351.1512328,0.0
1731070610.46,11351.1746224,11351.1406046,0.0
1731070610.96,11351.6069105,11351.3468692,0.0
1731070611.46,11351.3777548,11351.9733297,0.0
1731070611.96,11351.7166744,11351.506412,0.0
1731070612.46,11351.8931383,11352.0537222,0.0
1731070612.96,11352.0210585,11352.1862928,0.0
1731070613.46,11352.2014637,11352.5627096,0.0
1731070613.96,11352.7577316,11352.5487863,0.0
1731070614.47,11352.2277931,11352.6358629,0.0
1731070614.97,11352.3814185,11352.5938002,0.0
1731070615.47,11352.505515,11352.6611506,0.0
1731070615.97,11352.756003,11353.1399031,0.0
1731070616.47,11353.2302748,11353.1845735,0.0
1731070616.97,11353.0260098,11353.660641,0.0
1731070617.47,11353.387984,11353.6910171,0.0
1731070617.97,11353.8265177,11353.4883805,0.0
1731070618.47,11353.7830902,11353.6606256,0.0
1731070618.97,11353.7267605,11354.2196829,0.0
1731070619.47,11354.2295173,11354.214926,0.0
1731070619.97,11353.9855805,11354.0915174,0.0
1731070620.47,11354.0826701,11354.7464243,0.0
1731070620.97,11354.5142009,11354.4591672,0.0
1731070621.47,11354.3505815,11354.6419644,0.0
1731070621.97,11354.5738797,11354.7562263,0.0
1731070622.47,11354.8860096,11355.0298847,0.0
1731070622.97,11355.0716613,11354.8044355,0.0
1731070623.47,11355.6387077,11355.3922593,0.0
1731070623.97,11355.0980791,11355.3132799,0.0
1731070624.47,11355.7381764,11355.6357191,0.0
1731070624.98,11355.5031456,11355.5260806,0.0
1731070625.48,11355.6418143,11356.1314131,0.0
1731070625.98,11356.0943852,11355.8955613,0.0
1731070626.48,11356.2283295,11355.8498245,0.0
1731070626.98,11356.2019848,11356.6472781,0.0
1731070627.48,11356.2180852,11356.1825479,0.0
1731070627.98,11356.8470943,11356.9881665,0.0
1731070628.48,11356.6835542,11356.430787,0.0
1731070628.98,11357.0320826,11356.7420202,0.0
1731070629.48,11357.0398041,11357.3983291,0.0
1731070629.98,11356.9651108,11357.3011673,0.0
1731070630.48,11357.1294779,11357.3275035,0.0
1731070630.98,11357.5559262,11357.2122992,0.0
1731070631.48,11357.5935436,11357.6403734,0.0
1731070631.98,11357.8484083,11357.4920949,0.0
1731070632.48,11357.8442169,11357.7514704,0.0
1731070632.99,11358.1823357,11357.8481481,0.0
1731070633.48,11358.5698411,11357.9594456,0.0
1731070633.99,11358.1303204,11358.3610926,0.0
1731070634.49,11358.6153027,11358.2646855,0.0
1731070634.99,11358.462031,11358.8057152,0.0
1731070635.49,11358.9748607,11358.9497657,0.0
1731070635.99,11358.7367368,11359.2537157,0.0
1731070636.49,11359.0071291,11359.1755867,0.0
1731070636.99,11359.6800542,11359.4000042,0.0
1731070637.49,11359.5877399,11359.4331278,0.0
1731070637.99,11359.5546883,11359.6571377,0.0
1731070638.49,11360.0080229,11359.4385238,0.0
1731070638.99,11360.0245203,11359.868761,0.0
1731070639.49,11359.9002338,11359.9712537,0.0
1731070639.99,11360.1417015,11359.9324209,0.0
1731070640.49,11360.038504,11360.531372,0.0
1731070640.99,11360.46052,11360.1607305,0.0
1731070641.49,11360.8819257,11360.8502031,0.0
1731070641.99,11360.5528781,11360.725657,0.0
1731070642.49,11361.1102232,11361.3417296,0.0
1731070642.99,11360.9054753,11361.3665513,0.0
1731070643.49,11361.601569,11361.3047917,0.0
1731070643.99,11361.5195503,11361.5435459,0.0
1731070644.49,11361.6312283,11361.4824185,0.0
1731070644.99,11361.7426376,11361.5395019,0.0
1731070645.5,11361.677242,11361.7906307,0.0
1731070646.0,11362.1001049,11362.0763193,0.0
1731070646.5,11362.1830576,11362.1223298,0.0
1731070647.0,11362.260205,11362.6180879,0.0
1731070647.5,11362.3799314,11362.1954639,0.0
1731070648.0,11362.3131427,11362.486587,0.0
1731070648.5,11362.4658231,11362.7949153,0.0
1731070649.0,11363.1367204,11362.5625367,0.0
1731070649.5,11363.2929435,11362.7839266,0.0
1731070650.0,11363.4515032,11363.2849566,0.0
1731070650.5,11363.2961906,11363.6565974,0.0
1731070651.0,11363.7379433,11363.4641357,0.0
1731070651.5,11363.6219039,11363.3073135,0.0
1731070652.0,11364.1742232,11363.7779595,0.0
1731070652.5,11364.0089772,11364.0207513,0.0
1731070653.0,11364.312417,11364.1297227,0.0
1731070653.5,11364.6432491,11364.1149096,0.0
1731070654.0,11364.0639707,11364.3837175,0.0
1731070654.5,11364.8434625,11364.9218466,0.0
1731070655.0,11364.3686129,11364.8546575,0.0
1731070655.5,11365.1848226,11365.1112969,0.0
1731070656.0,11365.2106927,11364.8976702,0.0
1731070656.5,11365.0185066,11365.338846,0.0
1731070657.01,11365.6057272,11365.4042526,0.0
1731070657.51,11365.6704607,11365.6976948,0.0
1731070658.01,11365.3812582,11365.8629937,0.0
1731070658.51,11365.635386,11366.0133089,0.0
1731070659.01,11365.8841322,11365.8893736,0.0
1731070659.51,11365.8130279,11366.2215366,0.0
1731070660.01,11366.2954666,11366.1826518,0.0
1731070660.51,11366.1607206,11366.2665944,0.0
1731070661.01,11366.2303541,11366.8301404,0.0
1731070661.51,11366.8021971,11366.4479851,0.0
1731070662.01,11366.8770191,11366.7200858,0.0
1731070662.51,11367.1014149,11367.2480586,0.0
1731070663.01,11366.9269906,11366.8026244,0.0
1731070663.51,11367.3515652,11367.5716513,0.0
1731070664.01,11367.2782066,11367.3427634,0.0
1731070664.51,11367.757211,11367.5672306,0.0
1731070665.02,11367.3863135,11368.0692017,0.0
1731070665.51,11367.9715143,11367.8018187,0.0
1731070666.02,11367.6812871,11367.8506535,0.0
1731070666.52,11367.8772019,11368.2069832,0.0
1731070667.01,11368.5797173,11368.669225,0.0
1731070667.52,11368.745382,11368.3169839,0.0
1731070668.02,11368.761593,11368.834202,0.0
1731070668.52,11368.5407978,11368.9515592,0.0
1731070669.02,11368.8356201,11368.6406265,0.0
1731070669.52,11369.3975927,11368.7124473,0.0
1731070670.02,11369.4366609,11369.3207184,0.0
1731070670.52,11369.4374049,11369.3791897,0.0
1731070671.02,11369.3018188,11369.5270104,0.0
1731070671.52,11369.4558525,11369.6592103,0.0
1731070672.02,11370.069283,11369.9712069,0.0
1731070672.52,11369.7674219,11369.6503369,0.0
1731070673.02,11370.4978155,11370.4438019,0.0
1731070673.53,11370.0331821,11370.1321544,0.0
1731070674.02,11370.2159951,11370.1295576,0.0
1731070674.52,11370.6121437,11370.3177632,0.0
1731070675.02,11370.6657854,11371.0170815,0.0
1731070675.55,11371.2317903,11370.5850577,0.0
1731070676.03,11371.2860728,11370.8652046,0.0
1731070676.53,11371.4138227,11371.4058036,0.0
1731070677.03,11371.2517752,11371.1922867,0.0
1731070677.53,11371.5676241,11371.1378247,0.0
1731070678.04,11371.5104521,11371.342638,0.0
1731070678.54,11371.9474187,11371.941627,0.0
1731070679.04,11371.6163107,11371.9874134,0.0
1731070679.54,11371.9336322,11371.7452879,0.0
1731070680.04,11372.5394403,11372.0068971,0.0
1731070680.54,11372.240988,11372.1453617,0.0
1731070681.04,11372.3080417,11372.7039564,0.0
1731070681.54,11372.5912835,11372.411814,0.0
1731070682.04,11373.0059109,11373.1791066,0.0
1731070682.54,11373.0416189,11372.6473063,0.0
1731070683.04,11372.9465292,11372.8938012,0.0
1731070683.54,11373.3972928,11372.9250057,0.0
1731070684.04,11373.3069966,11373.7213012,0.0
1731070684.54,11373.5155163,11373.7901698,0.0
1731070685.04,11374.0784279,11373.6594431,0.0
1731070685.54,11374.0283527,11373.6279355,0.0
1731070686.05,11373.9253336,11374.1042867,0.0
1731070686.55,11374.2427822,11374.2914861,0.0
1731070687.05,11374.174055,11374.0358693,0.0
1731070687.55,11374.5691425,11374.1149749,0.0
1731070688.05,11374.7036153,11374.2571346,0.0
1731070688.55,11374.4636564,11374.8988218,0.0
1731070689.05,11374.7274029,11374.8869476,0.0
1731070689.55,11374.9771576,11374.9255932,0.0
1731070690.05,11375.2338099,11375.2243995,0.0
1731070690.55,11375.1465129,11375.5186413,0.0
1731070691.05,11375.1699852,11375.157769,0.0
1731070691.55,11375.9494429,11375.8973542,0.0
1731070692.05,11375.574767,11375.5549421,0.0
1731070692.55,11375.6260396,11376.2155336,0.0
1731070693.05,11376.4380026,11376.2842981,0.0
1731070693.56,11376.6385236,11376.2647124,0.0
1731070694.06,11376.5430405,11376.6823762,0.0
1731070694.56,11376.4113278,11376.7780445,0.0
1731070695.06,11376.5006619,11376.3764951,0.0
1731070695.56,11376.6979254,11376.9087129,0.0
1731070696.06,11377.0759951,11376.7662548,0.0
1731070696.56,11377.0671361,11377.1821256,0.0
1731070697.06,11377.5006538,11377.3837917,0.0
1731070697.56,11377.6875056,11377.2594332,0.0
1731070698.06,11377.8416391,11377.2691199,0.0
1731070698.56,11378.0709406,11378.0060785,0.0
1731070699.06,11378.1202664,11378.012581,0.0
1731070699.56,11377.7148608,11378.4479814,0.0
1731070700.06,11377.9292043,11378.1891411,0.0
1731070700.56,11378.3234564,11378.6123217,0.0
1731070701.06,11378.78559,11378.2669677,0.0
1731070701.56,11378.5960926,11378.8048416,0.0
1731070702.06,11378.752538,11379.1163658,0.0
1731070702.56,11378.8441199,11379.2149255,0.0
1731070703.06,11379.2824541,11378.7921155,0.0
1731070703.57,11379.2039282,11378.947179,0.0
1731070704.07,11379.7505543,11379.2346768,0.0
1731070704.57,11379.2370251,11379.9364887,0.0
1731070705.07,11379.7427171,11379.9257822,0.0
1731070705.57,11379.7816431,11380.0860344,0.0
1731070706.07,11379.8168808,11379.9473694,0.0
1731070706.57,11380.1040071,11380.1587515,0.0
1731070707.07,11380.2414173,11380.6653296,0.0
1731070707.57,11380.5737759,11380.3097482,0.0
1731070708.07,11380.7198221,11380.6323274,0.0
1731070708.57,11380.9165236,11380.5925789,0.0
1731070709.07,11381.1075176,11380.9463696,0.0
1731070709.57,11381.0619423,11380.8617911,0.0
1731070710.07,11381.5974824,11381.1856982,0.0
1731070710.57,11381.1026661,11381.6873867,0.0
1731070711.07,11381.4486032,11381.7230202,0.0
1731070711.57,11381.334644,11381.7394318,0.0
1731070712.07,11381.9306009,11381.5520368,0.0
1731070712.57,11381.9521417,11381.753444,0.0
1731070713.07,11382.2324195,11382.0928569,0.0
1731070713.57,11382.5955628,11382.5044598,0.0
1731070714.07,11382.1475955,11382.6533633,0.0
1731070714.58,11382.6892919,11382.7365558,0.0
1731070715.08,11382.5628215,11382.8692983,0.0
1731070715.58,11382.8251466,11382.6177119,0.0
1731070716.08,11382.8438779,11383.0246882,0.0
1731070716.58,11383.3320549,11382.9972656,0.0
1731070717.08,11383.0197554,11383.0294383,0.0
1731070717.58,11383.1548776,11383.6987605,0.0
1731070718.08,11383.6195484,11383.9614861,0.0
1731070718.58,11383.8201998,11384.0652406,0.0
1731070719.08,11383.5540502,11383.9908321,0.0
1731070719.58,11383.8239287,11383.8800025,0.0
1731070720.08,11384.4052274,11384.32298,0.0
1731070720.58,11384.5310166,11384.5814705,0.0
1731070721.08,11384.8692387,11384.3921405,0.0
1731070721.58,11384.9206221,11384.8105782,0.0
1731070722.08,11384.64891,11384.8876488,0.0
1731070722.58,11385.2277709,11385.1854915,0.0
1731070723.08,11385.4589014,11385.1210961,0.0
1731070723.58,11385.5182036,11385.1643318,0.0
1731070724.09,11385.4416333,11385.6105293,0.0
1731070724.59,11385.3177051,11385.8603474,0.0
1731070725.09,11385.5526934,11385.6674021,0.0
1731070725.59,11385.9718195,11385.9159478,0.0
1731070726.09,11386.3791723,11386.3252438,0.0
1731070726.59,11386.4712428,11386.0082279,0.0
1731070727.09,11386.4682024,11386.0146663,0.0
1731070727.59,11386.2852872,11386.2511737,0.0
1731070728.09,11386.6446477,11386.9401299,0.0
1731070728.59,11386.7173857,11386.7601244,0.0
1731070729.09,11386.9096882,11386.9262039,0.0
1731070729.59,11386.8988308,11386.9331199,0.0
1731070730.09,11386.8594584,11387.5150213,0.0
1731070730.59,11387.3023976,11387.4155742,0.0
1731070731.09,11387.431159,11387.7773785,0.0
1731070731.59,11387.4664841,11387.6797125,0.0
1731070732.09,11387.4931441,11387.6910887,0.0
1731070732.59,11388.0252524,11388.2110243,0.0
1731070733.09,11388.2218741,11388.2100066,0.0
1731070733.59,11388.3203437,11388.0887127,0.0
1731070734.09,11388.7349979,11388.2783907,0.0
1731070734.59,11388.3242451,11388.8282736,0.0
1731070735.09,11388.8927498,11388.5779855,0.0
1731070735.6,11388.7579409,11388.7104355,0.0
1731070736.1,11389.183233,11388.8109126,0.0
1731070736.6,11388.873379,11389.4865585,0.0
1731070737.1,11389.3895698,11389.587725,0.0
1731070737.6,11389.3968422,11389.7525309,0.0
1731070738.1,11389.4262635,11389.2696095,0.0
1731070738.6,11390.0633785,11389.5845117,0.0
1731070739.1,11390.2454024,11390.1222704,0.0
1731070739.6,11390.0214304,11390.3617131,0.0
1731070740.1,11390.4197323,11389.9687624,0.0
1731070740.6,11390.4230951,11390.7363804,0.0
1731070741.1,11390.7964488,11390.2233223,0.0
1731070741.6,11390.5811795,11390.4186859,0.0
1731070742.1,11391.0888486,11390.8476619,0.0
1731070742.6,11391.3423188,11390.8940445,0.0
1731070743.1,11391.0878871,11391.0658889,0.0
1731070743.6,11391.3556678,11391.4452493,0.0
1731070744.1,11391.6834123,11391.4343763,0.0
1731070744.61,11391.373304,11391.3203114,0.0
1731070745.11,11391.9584826,11391.9097967,0.0
1731070745.61,11391.813348,11391.9572312,0.0
1731070746.11,11392.3346841,11391.9633062,0.0
1731070746.61,11392.0771652,11392.4727243,0.0
1731070747.11,11392.2035685,11392.5227378,0.0
1731070747.61,11392.6815194,11392.5193102,0.0
1731070748.11,11392.8284143,11392.6223829,0.0
1731070748.61,11393.1327494,11393.1020942,0.0
1731070749.11,11393.277781,11392.7713269,0.0
1731070749.61,11393.4152531,11392.8315911,0.0
1731070750.11,11392.9187996,11393.1147833,0.0
1731070750.61,11393.0238269,11393.2063614,0.0
1731070751.11,11393.6152503,11393.1728054,0.0
1731070751.61,11393.5834159,11393.6330154,0.0
1731070752.11,11393.9014578,11393.4713554,0.0
1731070752.61,11394.2557745,11393.7097909,0.0
1731070753.11,11393.8373823,11393.8757137,0.0
1731070753.61,11394.6013742,11394.4505312,0.0
1731070754.11,11394.4034088,11394.2474439,0.0
1731070754.61,11394.6536433,11394.7993256,0.0
1731070755.12,11394.4084256,11395.0927945,0.0
1731070755.62,11394.7859232,11394.9178612,0.0
1731070756.12,11395.1068841,11395.3011545,0.0
1731070756.62,11394.8556624,11394.9528121,0.0
1731070757.12,11395.2251841,11395.2104743,0.0
1731070757.62,11395.3599354,11395.8469703,0.0
1731070758.12,11395.7371733,11395.6990565,0.0
1731070758.62,11395.7491615,11396.0256981,0.0
1731070759.12,11395.6104236,11395.5701268,0.0
1731070759.62,11396.0244783,11395.9761111,0.0
1731070760.12,11395.864747,11395.9758114,0.0
1731070760.62,11396.2506362,11396.4336502,0.0
1731070761.12,11396.4741977,11396.5300267,0.0
1731070761.62,11396.9027351,11396.4456798,0.0
1731070762.12,11396.5955449,11396.9656509,0.0
1731070762.62,11397.3047603,11396.9899285,0.0
1731070763.12,11397.3078057,11397.2213125,0.0
1731070763.62,11397.1615469,11397.2586701,0.0
1731070764.12,11397.6548805,11397.123758,0.0
1731070764.62,11397.9260545,11397.4796292,0.0
1731070765.13,11397.7434552,11397.5806182,0.0
1731070765.63,11398.0440424,11397.850522,0.0
1731070766.13,11398.3767875,11398.1590229,0.0
1731070766.63,11398.003968,11398.4870515,0.0
1731070767.13,11398.6626546,11398.2087105,0.0
1731070767.63,11398.784984,11398.5241355,0.0
1731070768.13,11398.6276605,11398.465738,0.0
1731070768.63,11398.7227749,11399.0759461,0.0
1731070769.13,11398.6615844,11398.7627962,0.0
1731070769.63,11399.0276922,11398.7578668,0.0
1731070770.13,11399.2931843,11399.240379,0.0
1731070770.63,11399.1984179,11399.7009833,0.0
1731070771.13,11399.500603,11399.4834626,0.0
1731070771.63,11399.6649315,11399.651693,0.0
1731070772.13,11400.0309751,11399.5278783,0.0
1731070772.63,11399.9321933,11400.2015741,0.0
1731070773.13,11400.3240333,11399.7885244,0.0
1731070773.63,11400.1991635,11400.6371425,0.0
1731070774.13,11400.3955926,11400.4173885,0.0
