Time,Bitrate,Jitter,Datagrams
1731068772.33,8.31,0.353,0.0
1731068772.83,8.32,0.248,0.0
1731068773.33,7.68,0.659,0.0
1731068773.83,8.32,0.330,0.0
1731068774.33,7.68,0.773,0.0
1731068774.83,7.68,0.647,0.0
1731068775.33,8.32,0.400,0.0
1731068775.83,7.68,0.925,0.0
1731068776.33,8.32,0.490,0.0
1731068776.83,8.32,0.901,0.0
1731068777.33,7.69,0.571,0.0
1731068777.83,8.32,0.472,0.0
1731068778.33,7.68,0.886,0.0
1731068778.83,8.32,0.433,0.0
1731068779.33,7.68,0.941,0.0
1731068779.83,8.32,0.695,0.0
1731068780.33,7.68,0.672,0.0
1731068780.83,7.68,0.528,0.0
1731068781.33,8.32,0.537,0.0
1731068781.83,8.32,1.058,0.0
1731068782.33,7.68,0.546,0.0
1731068782.83,8.32,0.453,0.0
1731068783.33,7.68,0.473,0.0
1731068783.83,8.32,0.505,0.0
1731068784.33,7.68,0.919,0.0
1731068784.83,8.32,0.593,0.0
1731068785.33,7.68,0.661,0.0
1731068785.83,8.32,0.423,0.0
1731068786.33,7.68,0.669,0.0
1731068786.83,8.32,0.634,0.0
1731068787.33,7.68,0.632,0.0
1731068787.83,8.32,0.554,0.0
1731068788.33,7.68,0.356,0.0
1731068788.83,7.69,0.632,0.0
1731068789.33,8.32,0.914,0.0
1731068789.83,8.32,1.100,0.0
1731068790.33,7.68,0.941,0.0
1731068790.83,8.32,0.457,0.0
1731068791.33,7.68,0.701,0.0
1731068791.83,8.32,0.608,0.0
1731068792.33,7.68,0.726,0.0
1731068792.83,8.32,0.704,0.0
1731068793.33,7.68,0.370,0.0
1731068793.83,8.32,0.719,0.0
1731068794.33,7.68,0.389,0.0
1731068794.83,8.32,1.045,0.0
1731068795.33,7.68,0.919,0.0
1731068795.83,8.31,0.492,0.0
1731068796.33,7.68,0.911,0.0
1731068796.83,8.32,0.440,0.0
1731068797.33,7.68,0.846,0.0
1731068797.83,7.68,0.511,0.0
1731068798.33,8.32,0.435,0.0
1731068798.83,8.32,0.814,0.0
1731068799.33,7.68,0.461,0.0
1731068799.83,8.32,0.939,0.0
1731068800.33,7.68,0.593,0.0
1731068800.83,8.32,0.499,0.0
1731068801.33,7.68,0.663,0.0
1731068801.83,8.32,0.577,0.0
1731068802.33,7.68,1.056,0.0
1731068802.83,8.32,0.626,0.0
1731068803.33,7.68,0.502,0.0
1731068803.83,8.32,0.419,0.0
1731068804.33,7.68,0.528,0.0
1731068804.83,8.32,1.123,0.0
1731068805.33,7.68,0.697,0.0
1731068805.83,8.32,0.661,0.0
1731068806.33,7.68,0.593,0.0
1731068806.83,8.32,0.604,0.0
1731068807.33,7.68,0.622,0.0
1731068807.83,8.32,0.596,0.0
1731068808.33,7.68,0.540,0.0
1731068808.83,8.32,0.529,0.0
1731068809.33,7.68,0.627,0.0
1731068809.83,8.30,0.736,0.0
1731068810.33,7.70,0.715,0.0
1731068810.83,8.32,0.648,0.0
1731068811.33,7.68,0.320,0.0
1731068811.83,8.32,0.611,0.0
1731068812.33,7.68,0.682,0.0
1731068812.83,8.32,0.685,0.0
1731068813.33,7.68,0.646,0.0
1731068813.83,8.32,0.360,0.0
1731068814.33,7.68,0.734,0.0
1731068814.83,7.66,0.394,0.0
1731068815.33,8.34,0.743,0.0
1731068815.83,7.69,0.734,0.0
1731068816.33,8.32,0.376,0.0
1731068816.83,8.32,0.719,0.0
1731068817.33,7.68,0.403,0.0
1731068817.83,8.32,0.783,0.0
1731068818.33,7.68,0.717,0.0
1731068818.83,8.32,0.473,0.0
1731068819.33,7.68,0.826,0.0
1731068819.83,8.32,0.497,0.0
1731068820.33,7.68,0.974,0.0
1731068820.83,8.33,0.485,0.0
1731068821.33,7.68,0.500,0.0
1731068821.83,8.32,1.094,0.0
1731068822.33,7.68,0.596,0.0
1731068822.83,7.68,1.092,0.0
1731068823.33,8.32,0.655,0.0
1731068823.83,8.32,0.509,0.0
1731068824.33,7.68,0.518,0.0
1731068824.83,8.32,0.756,0.0
1731068825.33,7.69,1.148,0.0
1731068825.83,8.32,0.537,0.0
1731068826.33,7.68,0.490,0.0
1731068826.83,8.32,0.394,0.0
1731068827.33,7.67,0.546,0.0
1731068827.83,7.68,0.784,0.0
1731068828.33,8.32,0.670,0.0
1731068828.83,8.32,0.612,0.0
1731068829.33,7.68,0.425,0.0
1731068829.83,8.32,0.580,0.0
1731068830.33,7.68,0.559,0.0
1731068830.83,8.32,0.622,0.0
1731068831.33,7.68,0.618,0.0
1731068831.83,7.68,0.319,0.0
1731068832.33,8.32,0.620,0.0
1731068832.83,8.32,0.565,0.0
1731068833.33,7.68,0.683,0.0
1731068833.83,8.31,0.647,0.0
1731068834.33,7.68,0.332,0.0
1731068834.83,8.32,0.770,0.0
1731068835.33,7.68,0.547,0.0
1731068835.83,8.32,0.715,0.0
1731068836.33,7.68,0.851,0.0
1731068836.83,8.32,0.433,0.0
1731068837.33,7.68,0.785,0.0
1731068837.83,8.32,0.491,0.0
1731068838.33,7.68,0.855,0.0
1731068838.83,8.32,0.825,0.0
1731068839.33,7.68,0.445,0.0
1731068839.83,8.32,0.885,0.0
1731068840.33,7.68,0.587,0.0
1731068840.83,8.32,0.911,0.0
1731068841.33,7.68,0.672,0.0
1731068841.83,8.32,0.595,0.0
1731068842.33,7.68,0.943,0.0
1731068842.83,8.32,0.444,0.0
1731068843.33,7.68,0.934,0.0
1731068843.83,8.32,0.458,0.0
1731068844.33,7.68,0.613,0.0
1731068844.83,7.68,0.425,0.0
1731068845.33,8.32,0.506,0.0
1731068845.83,8.32,1.084,0.0
1731068846.33,7.68,0.711,0.0
1731068846.83,8.32,0.537,0.0
1731068847.33,7.68,0.387,0.0
1731068847.83,8.32,0.601,0.0
1731068848.33,7.68,0.819,0.0
1731068848.83,8.32,0.698,0.0
1731068849.33,7.68,0.612,0.0
1731068849.83,8.32,0.435,0.0
1731068850.33,7.68,0.596,0.0
1731068850.83,8.32,1.049,0.0
1731068851.33,7.68,0.866,0.0
1731068851.83,8.32,0.740,0.0
1731068852.33,7.68,0.580,0.0
1731068852.83,8.32,0.669,0.0
1731068853.33,7.68,0.742,0.0
1731068853.83,8.33,0.809,0.0
1731068854.33,7.68,0.710,0.0
1731068854.83,8.31,0.401,0.0
1731068855.33,7.68,0.718,0.0
1731068855.83,8.32,0.632,0.0
1731068856.33,7.69,0.716,0.0
1731068856.83,8.32,0.687,0.0
1731068857.33,7.67,0.343,0.0
1731068857.83,8.32,0.715,0.0
1731068858.33,7.68,0.368,0.0
1731068858.83,8.32,0.965,0.0
1731068859.33,7.68,0.893,0.0
1731068859.83,8.32,0.432,0.0
1731068860.33,7.68,0.781,0.0
1731068860.83,8.32,0.449,0.0
1731068861.33,7.68,0.838,0.0
1731068861.83,7.68,0.542,0.0
1731068862.33,8.32,0.425,0.0
1731068862.83,8.32,0.821,0.0
1731068863.33,7.68,0.405,0.0
1731068863.83,8.32,1.087,0.0
1731068864.33,7.68,0.581,0.0
1731068864.83,8.32,0.537,0.0
1731068865.33,7.68,0.673,0.0
1731068865.83,8.32,0.466,0.0
1731068866.33,7.68,1.035,0.0
1731068866.83,8.32,0.632,0.0
1731068867.33,7.68,0.633,0.0
1731068867.83,8.32,0.415,0.0
1731068868.33,7.68,0.516,0.0
1731068868.83,8.32,1.081,0.0
1731068869.33,7.67,0.642,0.0
1731068869.83,8.32,0.582,0.0
1731068870.33,7.68,0.411,0.0
1731068870.83,8.32,0.540,0.0
1731068871.33,7.68,0.507,0.0
1731068871.83,8.32,0.586,0.0
1731068872.33,7.68,0.575,0.0
1731068872.83,8.32,0.437,0.0
1731068873.33,7.68,0.735,0.0
1731068873.83,7.68,0.449,0.07692307692307693
1731068874.33,7.68,0.658,0.0
1731068874.83,8.32,0.621,0.0
1731068875.33,7.69,0.324,0.0
1731068875.83,8.32,0.598,0.0
1731068876.33,7.68,0.591,0.0
1731068876.83,8.32,0.768,0.0
1731068877.33,7.68,0.766,0.0
1731068877.83,8.32,0.545,0.0
1731068878.33,7.68,0.764,0.0
1731068878.83,7.68,0.413,0.0
1731068879.33,8.32,0.769,0.0
1731068879.83,8.32,0.701,0.0
1731068880.33,7.68,0.375,0.0
1731068880.83,8.32,0.753,0.0
1731068881.33,7.68,0.492,0.0
1731068881.83,8.32,0.843,0.0
1731068882.33,7.69,0.874,0.0
1731068882.83,8.31,0.493,0.0
1731068883.33,7.68,0.831,0.0
1731068883.83,8.32,0.392,0.0
1731068884.33,7.68,0.870,0.0
1731068884.83,8.32,0.437,0.0
1731068885.33,7.68,0.438,0.0
1731068885.83,8.32,0.878,0.0
1731068886.33,7.68,0.542,0.0
1731068886.83,8.32,0.978,0.0
1731068887.33,7.68,0.556,0.0
1731068887.83,8.32,0.425,0.0
1731068888.33,7.68,0.366,0.0
1731068888.83,8.32,0.451,0.0
1731068889.33,7.68,1.007,0.0
1731068889.83,8.32,0.525,0.0
1731068890.33,7.68,0.463,0.0
1731068890.83,8.32,0.326,0.0
1731068891.33,7.68,0.588,0.0
1731068891.83,7.68,0.702,0.0
1731068892.33,8.33,0.680,0.0
1731068892.83,8.31,0.645,0.0
1731068893.33,7.68,0.479,0.0
1731068893.83,7.69,0.639,0.0
1731068894.33,8.31,0.541,0.0
1731068894.83,8.32,0.903,0.0
1731068895.33,7.68,0.763,0.0
1731068895.83,7.68,0.565,0.0
1731068896.33,8.32,0.781,0.0
1731068896.83,8.33,0.605,0.0
1731068897.33,7.67,0.671,0.0
1731068897.83,7.68,0.662,0.0
1731068898.33,8.32,0.323,0.0
1731068898.83,8.32,0.620,0.0
1731068899.33,7.68,0.510,0.0
1731068899.83,8.32,0.705,0.0
1731068900.33,7.68,0.744,0.0
1731068900.83,8.32,0.355,0.0
1731068901.33,7.68,0.742,0.0
1731068901.83,8.32,0.422,0.0
1731068902.33,7.68,0.811,0.0
1731068902.83,8.32,0.954,0.0
1731068903.33,7.68,0.456,0.0
1731068903.83,8.33,0.766,0.0
1731068904.33,7.68,0.588,0.0
1731068904.83,8.33,0.943,0.0
1731068905.33,7.67,0.697,0.0
1731068905.83,8.32,0.498,0.0
1731068906.33,7.68,0.897,0.0
1731068906.83,8.32,0.429,0.0
1731068907.33,7.67,0.915,0.0
1731068907.83,8.32,0.463,0.0
1731068908.33,7.68,0.420,0.0
1731068908.83,7.68,0.322,0.0
1731068909.33,8.32,0.454,0.0
1731068909.83,8.32,1.046,0.0
1731068910.33,7.68,0.574,0.0
1731068910.83,8.32,0.454,0.0
1731068911.33,7.68,0.630,0.0
1731068911.83,8.32,1.127,0.0
1731068912.33,7.68,1.120,0.0
1731068912.83,7.69,0.735,0.0
1731068913.33,8.31,0.673,0.0
1731068913.83,8.32,0.553,0.0
1731068914.33,7.68,0.624,0.0
1731068914.83,8.32,0.681,0.0
1731068915.33,7.68,0.674,0.0
1731068915.83,8.32,0.734,0.0
1731068916.33,7.68,0.422,0.0
1731068916.83,8.32,0.593,0.0
1731068917.33,7.68,0.800,0.0
1731068917.83,8.32,0.725,0.0
1731068918.33,7.68,0.685,0.0
1731068918.83,8.32,0.313,0.0
1731068919.33,7.68,0.613,0.0
1731068919.83,8.32,0.661,0.0
1731068920.33,7.69,0.736,0.0
1731068920.83,8.31,0.789,0.0
1731068921.33,7.68,0.480,0.0
1731068921.83,8.31,0.783,0.0
1731068922.33,7.68,0.395,0.0
1731068922.83,8.32,0.765,0.0
1731068923.33,7.68,0.631,0.0
1731068923.83,8.32,0.567,0.0
1731068924.33,7.68,0.866,0.0
1731068924.83,8.32,0.464,0.0
1731068925.33,7.68,0.918,0.0
1731068925.83,7.67,0.639,0.0
1731068926.33,8.33,0.537,0.0
1731068926.83,8.32,0.860,0.0
1731068927.33,7.68,0.544,0.0
1731068927.83,8.32,0.958,0.0
1731068928.33,7.68,0.683,0.0
1731068928.83,8.32,0.518,0.0
1731068929.33,7.68,0.647,0.0
1731068929.83,8.32,0.437,0.0
1731068930.33,7.68,0.999,0.0
1731068930.83,8.32,0.507,0.0
1731068931.33,7.68,0.583,0.0
1731068931.83,8.32,0.404,0.0
1731068932.33,7.68,0.567,0.0
1731068932.83,8.32,1.062,0.0
1731068933.33,7.68,0.526,0.0
1731068933.83,8.32,0.492,0.0
1731068934.33,7.68,0.420,0.0
1731068934.83,7.68,0.543,0.0
1731068935.33,8.31,0.705,0.0
1731068935.83,8.32,0.639,0.0
1731068936.33,7.69,0.679,0.0
1731068936.83,8.31,0.452,0.0
1731068937.33,7.69,0.605,0.0
1731068937.83,8.32,0.599,0.0
1731068938.33,7.68,0.655,0.0
1731068938.83,8.32,0.638,0.0
1731068939.33,7.68,0.343,0.0
1731068939.83,8.32,0.618,0.0
1731068940.33,7.68,0.604,0.0
1731068940.83,7.68,0.757,0.0
1731068941.33,8.32,0.771,0.0
1731068941.83,8.32,0.396,0.0
1731068942.33,7.69,0.712,0.0
1731068942.83,7.67,0.554,0.0
1731068943.33,8.32,0.794,0.0
1731068943.83,8.32,0.998,0.0
1731068944.33,7.68,0.678,0.0
1731068944.83,8.32,0.810,0.0
1731068945.33,7.68,0.902,0.0
1731068945.83,8.32,1.084,0.0
1731068946.33,7.68,0.748,0.0
1731068946.83,8.32,0.440,0.0
1731068947.33,7.68,0.845,0.0
1731068947.83,8.32,0.441,0.0
1731068948.33,7.68,1.053,0.0
1731068948.83,8.31,0.628,0.0
1731068949.33,7.69,0.522,0.0
1731068949.83,8.32,0.981,0.0
1731068950.33,7.68,0.585,0.0
1731068950.83,8.32,1.019,0.0
1731068951.33,7.68,0.607,0.0
1731068951.83,8.32,0.479,0.0
1731068952.33,7.68,0.421,0.0
1731068952.83,8.32,0.497,0.0
1731068953.33,7.68,1.114,0.0
1731068953.83,8.32,0.529,0.0
1731068954.33,7.68,0.496,0.0
1731068954.83,8.32,0.428,0.0
1731068955.33,7.68,0.567,0.0
1731068955.83,7.68,0.565,0.0
1731068956.33,8.31,0.804,0.0
1731068956.83,8.32,0.678,0.0
1731068957.33,7.68,0.668,0.0
1731068957.83,7.69,0.720,0.0
1731068958.33,8.32,0.618,0.0
1731068958.83,8.32,0.627,0.0
1731068959.33,7.68,0.762,0.0
1731068959.83,7.69,0.487,0.0
1731068960.33,8.32,0.654,0.0
1731068960.83,8.32,0.576,0.0
1731068961.33,7.68,0.663,0.0
1731068961.83,8.32,0.644,0.0
1731068962.33,7.69,0.329,0.0
1731068962.83,8.31,0.651,0.0
1731068963.33,7.68,0.505,0.0
1731068963.83,8.32,0.713,0.0
1731068964.33,7.68,0.740,0.0
1731068964.83,8.32,0.377,0.0
1731068965.33,7.68,0.818,0.0
1731068965.83,8.32,0.548,0.0
1731068966.33,7.68,0.874,0.0
1731068966.83,7.68,0.871,0.0
1731068967.33,8.33,0.522,0.0
1731068967.83,8.31,0.858,0.0
1731068968.33,7.68,0.929,0.0
1731068968.83,8.32,1.062,0.0
1731068969.33,7.68,0.770,0.0
1731068969.83,8.32,0.535,0.0
1731068970.33,7.68,1.109,0.0
1731068970.83,8.32,0.589,0.0
1731068971.33,7.69,1.007,0.0
1731068971.83,7.67,0.645,0.0
1731068972.33,8.32,0.534,0.0
1731068972.83,7.68,0.592,0.0
1731068973.33,8.32,0.596,0.0
1731068973.83,8.32,1.243,0.0
1731068974.33,7.68,0.637,0.0
1731068974.83,7.68,0.532,0.0
1731068975.33,8.31,0.455,0.0
1731068975.83,8.32,0.541,0.0
1731068976.33,7.68,1.024,0.0
1731068976.83,8.32,0.676,0.0
1731068977.33,7.68,0.591,0.0
1731068977.83,8.32,0.397,0.0
1731068978.33,7.68,0.641,0.0
1731068978.83,8.32,0.536,0.0
1731068979.33,7.68,0.588,0.0
1731068979.83,8.32,0.710,0.0
1731068980.33,7.68,0.413,0.0
1731068980.83,8.32,0.676,0.0
1731068981.33,7.68,0.602,0.0
1731068981.83,8.31,1.003,0.0
1731068982.33,7.68,0.819,0.0
1731068982.83,8.32,0.607,0.0
1731068983.33,7.68,0.847,0.0
1731068983.83,7.68,0.728,0.0
1731068984.33,8.32,0.800,0.0
1731068984.83,8.32,0.724,0.0
1731068985.33,7.67,0.361,0.0
1731068985.83,8.32,0.692,0.0
1731068986.33,7.68,0.428,0.0
1731068986.83,8.31,0.791,0.0
1731068987.33,7.68,0.761,0.0
1731068987.83,8.32,0.356,0.0
1731068988.33,7.68,0.810,0.0
1731068988.83,8.32,0.379,0.0
1731068989.33,7.68,0.836,0.0
1731068989.83,7.68,0.657,0.0
1731068990.33,8.33,0.589,0.0
1731068990.83,8.31,0.879,0.0
1731068991.33,7.68,0.468,0.0
1731068991.83,8.32,0.929,0.0
1731068992.33,7.68,0.559,0.0
1731068992.83,8.32,0.657,0.0
1731068993.33,7.68,0.754,0.0
1731068993.83,7.69,0.596,0.0
1731068994.33,8.31,1.054,0.0
1731068994.83,8.32,0.539,0.0
1731068995.33,7.68,0.482,0.0
1731068995.83,8.32,0.459,0.0
1731068996.33,7.68,0.660,0.0
1731068996.83,7.68,0.852,0.0
1731068997.33,8.32,0.542,0.0
1731068997.83,8.32,0.490,0.0
1731068998.33,7.68,0.410,0.0
1731068998.83,8.32,0.615,0.0
1731068999.33,7.68,0.669,0.0
1731068999.83,8.32,0.655,0.0
1731069000.33,7.68,0.632,0.0
1731069000.83,8.32,0.485,0.0
1731069001.33,7.68,0.713,0.0
1731069001.83,7.68,0.679,0.0
1731069002.33,8.31,0.696,0.0
1731069002.83,8.32,0.602,0.0
1731069003.33,7.68,0.406,0.0
1731069003.83,8.32,0.547,0.0
1731069004.33,7.68,0.688,0.0
1731069004.83,8.32,0.716,0.0
1731069005.33,7.68,0.703,0.0
1731069005.83,8.32,0.373,0.0
1731069006.33,7.68,0.886,0.0
1731069006.83,7.68,0.850,0.0
1731069007.33,8.32,1.146,0.0
1731069007.83,8.32,0.894,0.0
1731069008.33,7.68,0.505,0.0
1731069008.83,7.68,1.056,0.0
1731069009.33,8.32,0.586,0.0
1731069009.83,8.32,1.194,0.0
1731069010.33,7.68,0.809,0.0
1731069010.83,7.69,0.569,0.0
1731069011.33,8.32,0.900,0.0
1731069011.83,8.31,0.399,0.0
1731069012.33,7.68,0.860,0.0
1731069012.83,8.32,0.520,0.0
1731069013.33,7.68,0.460,0.0
1731069013.83,7.68,0.706,0.0
1731069014.33,8.32,1.850,0.0
1731069014.83,8.33,1.629,0.0
1731069015.33,7.68,0.866,0.0
1731069015.83,8.31,0.671,0.0
1731069016.33,7.68,0.465,0.0
1731069016.83,8.32,0.668,0.0
1731069017.33,7.68,1.166,0.0
1731069017.83,8.32,0.644,0.0
1731069018.33,7.68,0.527,0.0
1731069018.83,8.32,0.359,0.0
1731069019.33,7.69,0.532,0.0
1731069019.83,7.68,0.567,0.0
1731069020.33,8.32,0.613,0.0
1731069020.83,8.32,0.685,0.0
1731069021.33,7.68,0.489,0.0
1731069021.83,7.69,0.619,0.0
1731069022.33,8.31,0.541,0.0
1731069022.83,8.32,0.553,0.0
1731069023.33,7.68,0.634,0.0
1731069023.83,7.69,0.347,0.0
1731069024.33,8.31,0.603,0.0
1731069024.83,8.32,0.588,0.0
1731069025.33,7.68,0.728,0.0
1731069025.83,8.33,0.665,0.0
1731069026.33,7.67,0.421,0.0
1731069026.83,8.33,0.733,0.0
1731069027.33,7.68,0.740,0.0
1731069027.83,8.32,0.952,0.0
1731069028.33,7.68,0.832,0.0
1731069028.83,8.32,0.625,0.0
1731069029.33,7.68,0.845,0.0
1731069029.83,8.32,0.435,0.0
1731069030.33,7.69,0.857,0.0
1731069030.83,7.67,0.626,0.0
1731069031.33,8.32,0.680,0.0
1731069031.83,8.32,1.011,0.0
1731069032.33,7.68,0.491,0.0
1731069032.83,8.32,0.893,0.0
1731069033.33,7.68,0.464,0.0
1731069033.83,8.32,0.394,0.0
1731069034.33,7.68,0.906,0.0
1731069034.83,8.32,0.552,0.0
1731069035.33,7.68,1.120,0.0
1731069035.83,8.32,0.674,0.0
1731069036.33,7.68,0.955,0.0
1731069036.83,7.68,0.757,0.0
1731069037.33,8.32,0.701,0.0
1731069037.83,8.32,1.106,0.0
1731069038.33,7.68,0.646,0.0
1731069038.83,8.32,0.641,0.0
1731069039.33,7.68,0.439,0.0
1731069039.83,8.32,0.688,0.0
1731069040.33,7.68,0.945,0.0
1731069040.83,8.32,0.603,0.0
1731069041.33,7.68,0.645,0.0
1731069041.83,8.32,0.415,0.0
1731069042.33,7.68,0.560,0.0
1731069042.83,8.32,0.572,0.0
1731069043.33,7.68,0.609,0.0
1731069043.83,8.32,0.647,0.0
1731069044.33,7.68,0.395,0.0
1731069044.83,8.32,0.636,0.0
1731069045.33,7.68,0.612,0.0
1731069045.83,8.32,0.630,0.0
1731069046.33,7.67,0.658,0.0
1731069046.83,7.69,0.360,0.0
1731069047.33,8.33,0.691,0.0
1731069047.83,8.31,0.692,0.0
1731069048.33,7.68,0.783,0.0
1731069048.83,8.31,0.971,0.0
1731069049.33,7.68,0.473,0.0
1731069049.83,8.32,0.746,0.0
1731069050.33,7.68,0.425,0.0
1731069050.83,8.33,0.759,0.0
1731069051.33,7.68,0.711,0.0
1731069051.83,8.32,0.398,0.0
1731069052.33,7.68,0.836,0.0
1731069052.83,7.69,0.571,0.0
1731069053.33,8.31,1.002,0.0
1731069053.83,7.68,0.538,0.0
1731069054.33,8.32,0.488,0.0
1731069054.83,8.32,0.843,0.0
1731069055.33,7.68,0.572,0.0
1731069055.83,8.32,0.966,0.0
1731069056.33,7.68,0.515,0.0
1731069056.83,8.31,0.434,0.0
1731069057.33,7.68,0.761,0.0
1731069057.83,7.68,0.577,0.0
1731069058.33,8.32,1.083,0.0
1731069058.83,8.32,0.758,0.0
1731069059.33,7.68,0.591,0.0
1731069059.83,8.32,0.380,0.0
1731069060.33,7.68,0.500,0.0
1731069060.83,7.68,0.778,0.0
1731069061.33,8.32,0.527,0.0
1731069061.83,8.32,0.481,0.0
1731069062.33,7.68,0.422,0.0
1731069062.83,8.32,0.562,0.0
1731069063.33,7.68,0.646,0.0
1731069063.83,8.31,0.638,0.0
1731069064.33,7.69,1.151,0.0
1731069064.83,8.32,1.088,0.0
1731069065.33,7.68,1.040,0.0
1731069065.83,8.32,1.064,0.0
1731069066.33,7.68,0.952,0.0
1731069066.83,8.32,0.717,0.0
1731069067.33,7.68,0.462,0.0
1731069067.83,8.32,0.741,0.0
1731069068.33,7.68,0.708,0.0
1731069068.83,8.32,0.777,0.0
1731069069.33,7.63,0.677,0.0
1731069069.83,8.37,0.430,0.0
1731069070.33,7.68,0.746,0.0
1731069070.83,7.68,0.424,0.0
1731069071.33,8.30,0.792,0.0
1731069071.83,8.35,0.702,0.0
1731069072.33,7.68,0.357,0.0
1731069072.83,8.33,0.868,0.0
1731069073.33,7.68,0.456,0.0
1731069073.83,8.31,0.970,0.0
1731069074.33,7.68,0.673,0.0
1731069074.83,8.32,1.016,0.0
1731069075.33,7.68,1.104,0.0
1731069075.83,7.68,0.580,0.07692307692307693
1731069076.33,7.68,1.011,0.0
1731069076.83,8.32,0.549,0.0
1731069077.33,7.68,0.454,0.0
1731069077.83,8.32,1.032,0.0
1731069078.33,7.68,0.507,0.0
1731069078.83,8.32,0.946,0.0
1731069079.33,7.69,0.550,0.0
1731069079.83,8.31,0.469,0.0
1731069080.33,7.69,0.355,0.0
1731069080.83,8.32,0.445,0.0
1731069081.33,7.68,1.087,0.0
1731069081.83,8.32,0.520,0.0
1731069082.33,7.68,0.499,0.0
1731069082.83,8.32,0.392,0.0
1731069083.33,7.68,0.581,0.0
1731069083.83,7.68,0.617,0.0
1731069084.33,8.32,0.789,0.0
1731069084.83,8.31,0.648,0.0
1731069085.33,7.68,0.435,0.0
1731069085.83,8.32,0.598,0.0
1731069086.33,7.68,0.553,0.0
1731069086.83,8.33,0.598,0.0
1731069087.33,7.67,0.909,0.0
1731069087.83,7.68,0.533,0.0
1731069088.33,7.68,0.732,0.0
1731069088.83,8.32,0.624,0.07142857142857142
1731069089.33,7.68,1.036,0.0
1731069089.83,8.32,0.772,0.0
1731069090.33,7.68,0.401,0.0
1731069090.83,8.33,0.709,0.0
1731069091.33,7.67,0.662,0.0
1731069091.83,7.69,0.858,0.0
1731069092.33,8.31,0.720,0.0
1731069092.83,8.33,0.397,0.0
1731069093.33,7.68,0.748,0.0
1731069093.83,8.31,0.489,0.0
1731069094.33,7.68,0.825,0.0
1731069094.83,8.32,0.729,0.0
1731069095.33,7.68,0.499,0.0
1731069095.83,8.32,0.818,0.0
1731069096.33,7.68,0.407,0.0
1731069096.83,8.32,0.837,0.0
1731069097.33,7.68,0.681,0.0
1731069097.83,8.32,0.572,0.0
1731069098.33,7.68,0.973,0.0
1731069098.83,8.31,0.506,0.0
1731069099.33,7.68,0.991,0.0
1731069099.83,8.32,0.485,0.0
1731069100.33,7.68,0.448,0.0
1731069100.83,7.68,0.352,0.0
1731069101.33,8.32,0.510,0.0
1731069101.83,8.32,0.992,0.0
1731069102.33,7.68,0.530,0.0
1731069102.83,8.32,0.464,0.0
1731069103.33,7.68,0.370,0.0
1731069103.83,8.32,0.478,0.0
1731069104.33,7.68,0.857,0.0
1731069104.83,7.68,0.698,0.0
1731069105.33,8.32,0.877,0.0
1731069105.83,8.32,0.524,0.0
1731069106.33,7.68,0.875,0.0
1731069106.83,7.68,0.871,0.0
1731069107.33,8.32,0.726,0.0
1731069107.83,7.68,0.683,0.0
1731069108.33,8.32,0.676,0.0
1731069108.83,8.31,1.201,0.0
1731069109.33,7.68,0.850,0.0
1731069109.83,7.68,0.831,0.0
1731069110.33,7.68,0.700,0.0
1731069110.83,8.32,0.344,0.0
1731069111.33,7.68,0.713,0.0
1731069111.83,8.32,0.708,0.0
1731069112.33,7.68,0.763,0.0
1731069112.83,8.32,0.734,0.0
1731069113.33,7.68,0.431,0.0
1731069113.83,8.32,0.753,0.0
1731069114.33,7.68,0.539,0.0
1731069114.83,8.32,0.820,0.0
1731069115.33,7.68,0.828,0.0
1731069115.83,8.32,0.396,0.0
1731069116.33,7.68,0.897,0.0
1731069116.83,8.32,0.418,0.0
1731069117.33,7.69,0.816,0.0
1731069117.83,7.67,0.507,0.0
1731069118.33,8.32,0.421,0.0
1731069118.83,8.32,0.798,0.0
1731069119.33,7.68,0.441,0.0
1731069119.83,8.32,1.030,0.0
1731069120.33,7.68,0.551,0.0
1731069120.83,8.32,0.462,0.0
1731069121.33,7.68,0.666,0.0
1731069121.83,8.33,0.454,0.0
1731069122.33,7.68,1.016,0.0
1731069122.83,8.31,0.577,0.0
1731069123.33,7.68,0.527,0.0
1731069123.83,7.69,0.574,0.0
1731069124.33,8.32,0.627,0.0
1731069124.83,8.31,1.171,0.0
1731069125.33,7.68,0.859,0.0
1731069125.83,8.32,0.760,0.0
1731069126.33,7.68,0.497,0.0
1731069126.83,8.32,0.553,0.0
1731069127.33,7.68,0.550,0.0
1731069127.83,8.32,0.575,0.0
1731069128.33,7.68,0.543,0.0
1731069128.83,8.32,0.361,0.0
1731069129.33,7.68,0.550,0.0
1731069129.83,8.32,0.495,0.0
1731069130.33,7.68,0.852,0.0
1731069130.83,8.32,0.692,0.0
1731069131.33,7.68,0.380,0.0
1731069131.83,8.32,0.722,0.0
1731069132.33,7.68,0.638,0.0
1731069132.83,8.32,0.660,0.0
1731069133.33,7.68,0.652,0.0
1731069133.83,8.32,0.334,0.0
1731069134.33,7.69,0.675,0.0
1731069134.83,7.67,0.475,0.0
1731069135.33,8.32,0.764,0.0
1731069135.83,7.68,1.052,0.0
1731069136.33,8.32,0.580,0.0
1731069136.83,7.68,0.891,0.0
1731069137.33,8.32,0.526,0.0
1731069137.83,8.32,0.850,0.0
1731069138.33,7.68,0.606,0.0
1731069138.83,8.32,0.454,0.0
1731069139.33,7.68,0.821,0.0
1731069139.83,8.32,0.426,0.0
1731069140.33,7.69,0.912,0.0
1731069140.83,8.31,0.656,0.0
1731069141.33,7.68,0.707,0.0
1731069141.83,8.32,1.003,0.0
1731069142.33,7.68,0.595,0.0
1731069142.83,8.33,1.026,0.0
1731069143.33,7.68,0.568,0.0
1731069143.83,8.32,0.485,0.0
1731069144.33,7.68,0.424,0.0
1731069144.83,8.33,0.466,0.0
1731069145.33,7.67,1.067,0.0
1731069145.83,7.69,0.651,0.0
1731069146.33,8.31,0.706,0.0
1731069146.83,8.32,0.504,0.0
1731069147.33,7.68,0.600,0.0
1731069147.83,7.68,0.514,0.0
1731069148.33,8.33,0.648,0.0
1731069148.83,8.31,0.558,0.0
1731069149.33,7.68,0.423,0.0
1731069149.83,8.32,0.564,0.0
1731069150.33,7.69,0.551,0.0
1731069150.83,8.32,0.897,0.0
1731069151.33,7.68,0.740,0.0
1731069151.83,7.68,0.394,0.0
1731069152.33,8.32,0.645,0.0
1731069152.83,8.32,0.540,0.0
1731069153.33,7.68,0.646,0.0
1731069153.83,8.31,0.592,0.0
1731069154.33,7.69,0.376,0.0
1731069154.83,8.32,0.664,0.0
1731069155.33,7.66,0.681,0.0
1731069155.83,7.70,0.841,0.0
1731069156.33,8.32,1.036,0.0
1731069156.83,8.32,0.495,0.0
1731069157.33,7.68,0.817,0.0
1731069157.83,8.32,0.438,0.0
1731069158.33,7.68,1.040,0.0
1731069158.83,8.33,0.878,0.0
1731069159.33,7.68,0.527,0.0
1731069159.83,8.32,0.865,0.0
1731069160.33,7.68,0.562,0.0
1731069160.83,8.32,0.906,0.0
1731069161.33,7.68,0.570,0.0
1731069161.83,8.32,0.603,0.0
1731069162.33,7.68,0.934,0.0
1731069162.83,8.32,0.466,0.0
1731069163.33,7.68,0.974,0.0
1731069163.83,8.32,0.656,0.0
1731069164.33,7.68,0.517,0.0
1731069164.83,7.68,0.411,0.0
1731069165.33,8.32,0.566,0.0
1731069165.83,8.32,1.024,0.0
1731069166.33,7.68,0.567,0.0
1731069166.83,8.32,0.580,0.0
1731069167.33,7.68,0.461,0.0
1731069167.83,8.32,0.532,0.0
1731069168.33,7.69,0.882,0.0
1731069168.83,8.31,0.565,0.0
1731069169.33,7.68,0.568,0.0
1731069169.83,8.32,0.422,0.0
1731069170.33,7.68,0.582,0.0
1731069170.83,8.32,0.537,0.0
1731069171.33,7.68,0.903,0.0
1731069171.83,8.32,0.663,0.0
1731069172.33,7.68,0.473,0.0
1731069172.83,8.32,1.951,0.0
1731069173.33,7.68,1.245,0.0
1731069173.83,8.32,0.905,0.0
1731069174.33,7.68,0.712,0.0
1731069174.83,8.30,0.383,0.0
1731069175.33,7.70,0.659,0.0
1731069175.83,8.31,0.673,0.0
1731069176.33,7.68,0.793,0.0
1731069176.83,8.32,0.739,0.0
1731069177.33,7.68,0.387,0.0
1731069177.83,8.32,0.728,0.0
1731069178.33,7.68,0.470,0.0
1731069178.83,8.31,0.825,0.0
1731069179.33,7.68,0.766,0.0
1731069179.83,8.32,0.388,0.0
1731069180.33,7.68,0.875,0.0
1731069180.83,8.32,0.666,0.0
1731069181.33,7.68,1.272,0.0
1731069181.83,7.68,0.730,0.0
1731069182.33,8.32,0.623,0.0
1731069182.83,8.31,0.933,0.0
1731069183.33,7.68,0.505,0.0
1731069183.83,8.32,0.895,0.0
1731069184.33,7.68,0.656,0.0
1731069184.83,8.32,0.523,0.0
1731069185.33,7.68,0.668,0.0
1731069185.83,8.32,0.475,0.0
1731069186.33,7.68,1.000,0.0
1731069186.83,8.32,0.503,0.0
1731069187.33,7.68,0.498,0.0
1731069187.83,8.32,0.342,0.0
1731069188.33,7.68,0.537,0.0
1731069188.83,7.69,0.897,0.0
1731069189.33,8.31,0.630,0.0
1731069189.83,8.32,0.548,0.0
1731069190.33,7.68,0.530,0.0
1731069190.83,8.32,0.582,0.0
1731069191.33,7.68,0.547,0.0
1731069191.83,8.32,0.566,0.0
1731069192.33,7.68,0.604,0.0
1731069192.83,8.32,0.545,0.0
1731069193.33,7.68,0.623,0.0
1731069193.83,8.32,0.680,0.0
1731069194.33,7.68,0.698,0.0
1731069194.83,7.69,0.679,0.0
1731069195.33,8.32,0.367,0.0
1731069195.83,8.32,0.627,0.0
1731069196.33,7.68,0.627,0.0
1731069196.83,8.31,0.750,0.0
1731069197.33,7.69,0.724,0.0
1731069197.83,8.32,0.376,0.0
1731069198.33,7.68,0.710,0.0
1731069198.83,7.68,0.354,0.0
1731069199.33,8.32,0.731,0.0
1731069199.83,8.32,0.888,0.0
1731069200.33,7.68,0.544,0.0
1731069200.83,8.32,0.864,0.0
1731069201.33,7.68,0.435,0.0
1731069201.83,8.32,0.847,0.0
1731069202.33,7.68,0.632,0.0
1731069202.83,8.32,0.467,0.0
1731069203.33,7.68,0.868,0.0
1731069203.83,8.32,0.464,0.0
1731069204.33,7.68,1.057,0.0
1731069204.83,8.32,0.591,0.0
1731069205.33,7.67,0.474,0.0
1731069205.83,8.33,0.873,0.0
1731069206.33,7.66,0.454,0.0
1731069206.83,8.34,0.947,0.0
1731069207.33,7.69,0.563,0.0
1731069207.83,8.32,0.579,0.0
1731069208.33,7.68,0.460,0.0
1731069208.83,8.31,0.485,0.0
1731069209.33,7.69,1.104,0.0
1731069209.83,8.31,0.542,0.0
1731069210.33,7.69,0.496,0.0
1731069210.83,8.31,0.411,0.0
1731069211.33,7.68,0.548,0.0
1731069211.83,7.68,0.578,0.0
1731069212.33,8.32,0.729,0.0
1731069212.83,8.32,0.715,0.0
1731069213.33,7.68,0.555,0.0
1731069213.83,7.69,0.652,0.0
1731069214.33,8.32,0.637,0.0
1731069214.83,8.32,0.643,0.0
1731069215.33,7.68,0.610,0.0
1731069215.83,7.69,0.351,0.0
1731069216.33,8.31,0.623,0.0
1731069216.83,7.69,0.872,0.0
1731069217.33,8.31,0.779,0.0
1731069217.83,8.32,0.750,0.0
1731069218.33,7.68,0.370,0.0
1731069218.83,8.32,0.657,0.0
1731069219.33,7.69,0.585,0.0
1731069219.83,7.68,0.819,0.07692307692307693
1731069220.33,7.68,0.811,0.0
1731069220.83,8.32,0.384,0.0
1731069221.33,7.68,1.153,0.0
1731069221.83,8.32,0.685,0.0
1731069222.33,7.69,1.089,0.0
1731069222.83,8.31,1.144,0.0
1731069223.33,7.69,0.579,0.0
1731069223.83,8.31,1.065,0.0
1731069224.33,7.68,0.582,0.0
1731069224.83,8.33,0.919,0.0
1731069225.33,7.67,0.539,0.0
1731069225.83,8.32,0.443,0.0
1731069226.33,7.68,0.887,0.0
1731069226.83,8.32,0.426,0.0
1731069227.33,7.68,0.909,0.0
1731069227.83,8.32,0.538,0.0
1731069228.33,7.68,0.483,0.0
1731069228.83,7.68,0.362,0.0
1731069229.33,8.32,0.467,0.0
1731069229.83,8.32,0.984,0.0
1731069230.33,7.68,0.762,0.0
1731069230.83,8.32,0.591,0.0
1731069231.33,7.68,0.381,0.0
1731069231.83,8.32,0.561,0.0
1731069232.33,7.68,0.928,0.0
1731069232.83,8.32,0.803,0.0
1731069233.33,7.69,0.865,0.0
1731069233.83,8.32,0.552,0.0
1731069234.33,7.68,0.610,0.0
1731069234.83,8.31,0.704,0.0
1731069235.33,7.68,0.665,0.0
1731069235.83,7.68,0.754,0.0
1731069236.33,8.33,0.446,0.0
1731069236.83,8.31,0.636,0.0
1731069237.33,7.68,0.594,0.0
1731069237.83,8.33,0.627,0.0
1731069238.33,7.68,0.637,0.0
1731069238.83,8.32,0.385,0.0
1731069239.33,7.68,0.648,0.0
1731069239.83,8.32,0.740,0.0
1731069240.33,7.68,0.763,0.0
1731069240.83,8.32,0.655,0.0
1731069241.33,7.68,0.509,0.0
1731069241.83,8.33,0.730,0.0
1731069242.33,7.67,0.408,0.0
1731069242.83,8.32,1.062,0.0
1731069243.33,7.68,1.080,0.0
1731069243.83,8.32,0.489,0.0
1731069244.33,7.68,0.903,0.0
1731069244.83,8.32,0.493,0.0
1731069245.33,7.68,0.881,0.0
1731069245.83,7.67,0.572,0.0
1731069246.33,8.32,0.445,0.0
1731069246.83,8.32,0.927,0.0
1731069247.33,7.68,0.446,0.0
1731069247.83,8.32,0.909,0.0
1731069248.33,7.68,0.571,0.0
1731069248.83,8.32,0.573,0.0
1731069249.33,7.68,0.672,0.0
1731069249.83,8.32,0.500,0.0
1731069250.33,7.68,1.034,0.0
1731069250.83,8.32,0.547,0.0
1731069251.33,7.68,0.474,0.0
1731069251.83,8.32,0.390,0.0
1731069252.33,7.68,0.533,0.0
1731069252.83,8.32,1.255,0.0
1731069253.33,7.68,0.621,0.0
1731069253.83,8.32,0.521,0.0
1731069254.33,7.68,0.378,0.0
1731069254.83,8.32,0.552,0.0
1731069255.33,7.68,0.732,0.0
1731069255.83,8.31,0.657,0.0
1731069256.33,7.69,0.634,0.0
1731069256.83,7.69,0.421,0.0
1731069257.33,8.31,0.633,0.0
1731069257.83,8.32,0.774,0.0
1731069258.33,7.68,0.723,0.0
1731069258.83,8.32,0.629,0.0
1731069259.33,7.68,0.441,0.0
1731069259.83,8.32,0.663,0.0
1731069260.33,7.68,0.768,0.0
1731069260.83,8.32,0.723,0.0
1731069261.33,7.68,0.724,0.0
1731069261.83,8.32,0.381,0.0
1731069262.33,7.68,0.758,0.0
1731069262.83,7.68,0.394,0.0
1731069263.33,8.32,0.784,0.0
1731069263.83,8.32,0.742,0.0
1731069264.33,7.68,0.391,0.0
1731069264.83,8.32,0.859,0.0
1731069265.33,7.68,0.552,0.0
1731069265.83,8.32,0.956,0.0
1731069266.33,7.68,0.693,0.0
1731069266.83,8.32,0.423,0.0
1731069267.33,7.68,0.840,0.0
1731069267.83,8.33,0.471,0.0
1731069268.33,7.67,0.910,0.0
1731069268.83,8.32,0.474,0.0
1731069269.33,7.68,0.433,0.0
1731069269.83,8.32,0.876,0.0
1731069270.33,7.68,0.457,0.0
1731069270.83,7.68,0.984,0.0
1731069271.33,8.32,0.576,0.0
1731069271.83,8.32,0.563,0.0
1731069272.33,7.68,0.432,0.0
1731069272.83,7.67,11.579,0.07692307692307693
1731069273.33,7.68,6.211,0.0
1731069273.83,8.32,2.813,0.0
1731069274.33,7.68,1.549,0.0
1731069274.83,7.68,0.816,0.07692307692307693
1731069275.33,7.68,0.714,0.0
1731069275.83,7.68,0.602,0.0
1731069276.33,8.32,0.625,0.0
1731069276.83,8.32,0.545,0.0
1731069277.33,7.68,0.427,0.0
1731069277.83,8.32,0.592,0.0
1731069278.33,7.68,0.566,0.0
1731069278.83,8.32,0.826,0.0
1731069279.33,7.68,0.698,0.0
1731069279.83,7.68,0.482,0.0
1731069280.33,8.32,0.706,0.0
1731069280.83,8.32,0.649,0.0
1731069281.33,7.68,0.697,0.0
1731069281.83,8.32,0.777,0.0
1731069282.33,7.68,0.430,0.0
1731069282.83,8.32,0.767,0.0
1731069283.33,7.68,0.699,0.0
1731069283.83,8.32,0.828,0.0
1731069284.33,7.68,0.777,0.0
1731069284.83,8.32,0.412,0.0
1731069285.33,7.67,0.803,0.0
1731069285.83,8.32,0.468,0.0
1731069286.33,7.68,0.871,0.0
1731069286.83,7.68,0.714,0.0
1731069287.33,8.31,0.402,0.0
1731069287.83,8.32,0.782,0.0
1731069288.33,7.69,0.625,0.0
1731069288.83,8.31,0.922,0.0
1731069289.33,7.68,0.757,0.0
1731069289.83,8.32,0.797,0.0
1731069290.33,7.68,0.988,0.0
1731069290.83,8.32,0.582,0.0
1731069291.33,7.68,1.047,0.0
1731069291.83,8.32,0.538,0.0
1731069292.33,7.68,0.489,0.0
1731069292.83,7.67,0.394,0.0
1731069293.33,8.32,0.666,0.0
1731069293.83,8.32,1.260,0.0
1731069294.33,7.68,0.822,0.0
1731069294.83,8.31,0.735,0.0
1731069295.33,7.69,0.661,0.0
1731069295.83,8.32,0.599,0.0
1731069296.33,7.68,0.882,0.0
1731069296.83,7.69,0.778,0.0
1731069297.33,8.31,0.633,0.0
1731069297.83,8.32,0.450,0.0
1731069298.33,7.68,0.559,0.0
1731069298.83,8.32,0.444,0.0
1731069299.33,7.68,0.567,0.0
1731069299.83,8.32,0.536,0.0
1731069300.33,7.68,0.326,0.0
1731069300.83,8.32,0.628,0.0
1731069301.33,7.67,0.616,0.0
1731069301.83,8.32,0.664,0.0
1731069302.33,7.68,0.641,0.0
1731069302.83,8.32,0.413,0.0
1731069303.33,7.68,0.715,0.0
1731069303.83,7.68,0.612,0.0
1731069304.33,7.68,0.455,0.07692307692307693
1731069304.83,8.32,0.893,0.0
1731069305.33,7.68,0.656,0.0
1731069305.83,8.32,0.841,0.0
1731069306.33,7.68,0.442,0.0
1731069306.83,8.32,0.777,0.0
1731069307.33,7.68,0.791,0.0
1731069307.83,8.32,0.381,0.0
1731069308.33,7.68,0.827,0.0
1731069308.83,8.33,0.505,0.0
1731069309.33,7.67,0.875,0.0
1731069309.83,7.68,0.469,0.0
1731069310.33,8.32,0.380,0.0
1731069310.83,7.69,0.862,0.0
1731069311.33,8.32,0.702,0.0
1731069311.83,8.31,1.022,0.0
1731069312.33,7.68,0.598,0.0
1731069312.83,8.32,0.600,0.0
1731069313.33,7.68,0.688,0.0
1731069313.83,7.68,0.544,0.0
1731069314.33,8.32,1.144,0.0
1731069314.83,8.33,0.548,0.0
1731069315.33,7.67,0.702,0.0
1731069315.83,8.32,0.438,0.0
1731069316.33,7.68,0.703,0.0
1731069316.83,8.32,1.204,0.0
1731069317.33,7.68,0.711,0.0
1731069317.83,8.29,0.597,0.0
1731069318.33,7.70,0.446,0.0
1731069318.83,7.68,0.578,0.0
1731069319.33,8.32,0.559,0.0
1731069319.83,8.32,0.808,0.0
1731069320.33,7.69,0.775,0.0
1731069320.83,7.68,0.403,0.0
1731069321.33,8.32,0.597,0.0
1731069321.83,7.68,0.567,0.0
1731069322.33,8.32,0.647,0.0
1731069322.83,7.68,0.647,0.0
1731069323.33,8.32,0.593,0.0
1731069323.83,8.32,0.740,0.0
1731069324.33,7.68,0.673,0.0
1731069324.83,8.32,0.692,0.0
1731069325.33,7.68,0.663,0.0
1731069325.83,8.32,0.498,0.0
1731069326.33,7.67,0.830,0.0
1731069326.83,7.69,0.484,0.0
1731069327.33,8.32,0.793,0.0
1731069327.83,8.32,0.733,0.0
1731069328.33,7.68,0.414,0.0
1731069328.83,8.32,0.768,0.0
1731069329.33,7.68,0.397,0.0
1731069329.83,8.32,0.803,0.0
1731069330.33,7.68,0.665,0.0
1731069330.83,8.32,0.373,0.0
1731069331.33,7.68,0.800,0.0
1731069331.83,8.32,0.566,0.0
1731069332.33,7.68,1.125,0.0
1731069332.83,8.32,0.605,0.0
1731069333.33,7.69,0.628,0.0
1731069333.83,8.31,0.937,0.0
1731069334.33,7.69,0.498,0.0
1731069334.83,8.32,0.948,0.0
1731069335.33,7.67,0.663,0.0
1731069335.83,8.32,1.035,0.0
1731069336.33,7.68,0.646,0.0
1731069336.83,8.33,0.605,0.0
1731069337.33,7.68,1.209,0.0
1731069337.83,8.32,0.685,0.0
1731069338.33,7.68,0.551,0.0
1731069338.83,8.32,0.414,0.0
1731069339.33,7.67,0.754,0.0
1731069339.83,7.68,0.625,0.0
1731069340.33,8.32,0.596,0.0
1731069340.83,8.32,0.525,0.0
1731069341.33,7.68,0.637,0.0
1731069341.83,8.32,0.723,0.0
1731069342.33,7.68,0.611,0.0
1731069342.83,8.32,0.757,0.0
1731069343.33,7.68,0.654,0.0
1731069343.83,7.68,0.343,0.0
1731069344.33,8.32,0.620,0.0
1731069344.83,8.32,0.711,0.0
1731069345.33,7.68,0.749,0.0
1731069345.83,8.32,0.686,0.0
1731069346.33,7.69,0.446,0.0
1731069346.83,8.32,0.868,0.0
1731069347.33,7.68,0.802,0.0
1731069347.83,8.32,1.024,0.0
1731069348.33,7.68,0.847,0.0
1731069348.83,8.32,0.403,0.0
1731069349.33,7.68,0.881,0.0
1731069349.83,8.32,0.434,0.0
1731069350.33,7.69,0.829,0.0
1731069350.83,8.31,0.892,0.0
1731069351.33,7.68,0.464,0.0
1731069351.83,8.32,0.807,0.0
1731069352.33,7.68,0.456,0.0
1731069352.83,8.32,1.030,0.0
1731069353.33,7.68,0.641,0.0
1731069353.83,8.33,0.627,0.0
1731069354.33,7.68,0.986,0.0
1731069354.83,8.32,0.460,0.0
1731069355.33,7.68,0.945,0.0
1731069355.83,8.32,0.493,0.0
1731069356.33,7.68,0.519,0.0
1731069356.83,7.68,0.451,0.0
1731069357.33,8.33,0.514,0.0
1731069357.83,8.31,1.001,0.0
1731069358.33,7.68,0.511,0.0
1731069358.83,8.32,0.479,0.0
1731069359.33,7.69,0.398,0.0
1731069359.83,8.32,0.526,0.0
1731069360.33,7.68,1.036,0.0
1731069360.83,8.32,0.640,0.0
1731069361.33,7.68,0.570,0.0
1731069361.83,8.32,0.490,0.0
1731069362.33,7.69,0.583,0.0
1731069362.83,8.32,0.627,0.0
1731069363.33,7.68,0.626,0.0
1731069363.83,8.32,0.542,0.0
1731069364.33,7.68,0.351,0.0
1731069364.83,7.69,0.616,0.0
1731069365.33,8.32,0.712,0.0
1731069365.83,8.31,0.746,0.0
1731069366.33,7.68,0.711,0.0
1731069366.83,8.32,0.325,0.0
1731069367.33,7.68,0.646,0.0
1731069367.83,7.68,0.549,0.0
1731069368.33,8.32,0.754,0.0
1731069368.83,7.04,0.801,0.08333333333333333
1731069369.33,8.32,0.558,0.0
1731069369.83,8.31,1.014,0.0
1731069370.33,7.68,0.486,0.0
1731069370.83,8.32,0.771,0.0
1731069371.33,7.68,0.740,0.0
1731069371.83,8.32,0.490,0.0
1731069372.33,7.69,0.860,0.0
1731069372.83,7.66,0.422,0.0
1731069373.33,7.69,8.283,0.07692307692307693
1731069373.83,7.68,3.942,0.0
1731069374.33,8.32,1.971,0.0
1731069374.83,8.32,1.698,0.0
1731069375.33,7.68,0.896,0.0
1731069375.83,8.32,1.084,0.0
1731069376.33,7.68,0.660,0.0
1731069376.83,8.32,0.545,0.0
1731069377.33,7.68,0.727,0.0
1731069377.83,7.68,0.530,0.0
1731069378.33,8.32,1.075,0.0
1731069378.83,8.32,0.536,0.0
1731069379.33,7.68,0.597,0.0
1731069379.83,8.32,0.427,0.0
1731069380.33,7.68,0.513,0.0
1731069380.83,8.32,1.086,0.0
1731069381.33,7.68,0.612,0.0
1731069381.83,8.32,0.493,0.0
1731069382.33,7.68,0.391,0.0
1731069382.83,8.32,0.560,0.0
1731069383.33,7.68,0.510,0.0
1731069383.83,8.32,0.595,0.0
1731069384.33,7.68,0.629,0.0
1731069384.83,7.69,0.403,0.0
1731069385.33,8.31,0.592,0.0
1731069385.83,8.32,0.578,0.0
1731069386.33,7.68,0.656,0.0
1731069386.83,8.32,0.610,0.0
1731069387.33,7.68,0.407,0.0
1731069387.83,8.33,0.629,0.0
1731069388.33,7.67,0.576,0.0
1731069388.83,8.32,0.682,0.0
1731069389.33,7.68,0.680,0.0
1731069389.83,7.69,0.420,0.0
1731069390.33,8.32,0.801,0.0
1731069390.83,7.68,0.438,0.0
1731069391.33,8.32,0.757,0.0
1731069391.83,8.31,0.794,0.0
1731069392.33,7.68,0.419,0.0
1731069392.83,7.68,0.855,0.0
1731069393.33,8.32,0.443,0.0
1731069393.83,8.32,1.053,0.0
1731069394.33,7.68,0.729,0.0
1731069394.83,7.67,0.456,0.0
1731069395.33,8.32,0.886,0.0
1731069395.83,8.32,0.467,0.0
1731069396.33,7.68,0.910,0.0
1731069396.83,7.68,0.582,0.0
1731069397.33,8.31,0.602,0.0
1731069397.83,8.32,1.112,0.0
1731069398.33,7.68,0.557,0.0
1731069398.83,8.32,0.968,0.0
1731069399.33,7.68,0.537,0.0
1731069399.83,8.32,0.480,0.0
1731069400.33,7.68,0.345,0.0
1731069400.83,8.32,0.442,0.0
1731069401.33,7.68,1.118,0.0
1731069401.83,8.32,0.560,0.0
1731069402.33,7.68,0.718,0.0
1731069402.83,8.31,0.531,0.0
1731069403.33,7.68,0.856,0.0
1731069403.83,7.68,0.708,0.0
1731069404.33,7.68,0.675,0.07692307692307693
1731069404.83,7.68,0.634,0.0
1731069405.33,8.32,0.455,0.0
1731069405.83,8.32,0.689,0.0
1731069406.33,7.68,0.674,0.0
1731069406.83,8.32,0.646,0.0
1731069407.33,7.67,0.735,0.0
1731069407.83,7.68,0.569,0.0
1731069408.33,8.32,0.853,0.0
1731069408.83,8.33,0.712,0.0
1731069409.33,7.67,0.778,0.0
1731069409.83,8.32,0.690,0.0
1731069410.33,7.68,0.475,0.0
1731069410.83,8.32,0.716,0.0
1731069411.33,7.68,0.530,0.0
1731069411.83,8.32,0.731,0.0
1731069412.33,7.68,0.734,0.0
1731069412.83,8.32,0.373,0.0
1731069413.33,7.69,0.820,0.0
1731069413.83,8.32,0.497,0.0
1731069414.33,7.68,0.843,0.0
1731069414.83,7.69,0.733,0.0
1731069415.33,8.31,0.738,0.0
1731069415.83,8.32,0.923,0.0
1731069416.33,7.69,1.262,0.0
1731069416.83,8.31,1.389,0.0
1731069417.33,7.68,0.771,0.0
1731069417.83,8.32,0.547,0.0
1731069418.33,7.69,0.971,0.0
1731069418.83,8.31,0.555,0.0
1731069419.33,7.69,1.040,0.0
1731069419.83,8.32,0.720,0.0
1731069420.33,7.68,0.615,0.0
1731069420.83,7.68,0.399,0.0
1731069421.33,8.32,0.481,0.0
1731069421.83,8.33,0.986,0.0
1731069422.33,7.68,0.582,0.0
1731069422.83,8.32,0.505,0.0
1731069423.33,7.68,0.639,0.0
1731069423.83,8.32,0.719,0.0
1731069424.33,7.68,1.120,0.0
1731069424.83,8.32,0.703,0.0
1731069425.33,7.68,0.676,0.0
1731069425.83,8.32,0.620,0.0
1731069426.33,7.68,0.654,0.0
1731069426.83,8.32,0.534,0.0
1731069427.33,7.68,0.590,0.0
1731069427.83,8.32,0.567,0.0
1731069428.33,7.69,0.405,0.0
1731069428.83,8.31,0.603,0.0
1731069429.33,7.68,0.614,0.0
1731069429.83,8.32,0.644,0.0
1731069430.33,7.69,0.617,0.0
1731069430.83,8.32,0.298,0.0
1731069431.33,7.68,0.687,0.0
1731069431.83,8.32,0.685,0.0
1731069432.33,7.68,0.779,0.0
1731069432.83,8.32,0.845,0.0
1731069433.33,7.69,0.554,0.0
1731069433.83,8.31,0.833,0.0
1731069434.33,7.68,0.592,0.0
1731069434.83,8.32,0.821,0.0
1731069435.33,7.68,0.832,0.0
1731069435.83,8.32,0.387,0.0
1731069436.33,7.68,0.766,0.0
1731069436.83,8.32,0.422,0.0
1731069437.33,7.68,0.898,0.0
1731069437.83,7.68,0.638,0.0
1731069438.33,8.32,0.474,0.0
1731069438.83,8.32,0.909,0.0
1731069439.33,7.68,0.460,0.0
1731069439.83,8.32,0.917,0.0
1731069440.33,7.68,0.510,0.0
1731069440.83,8.32,0.432,0.0
1731069441.33,7.68,0.715,0.0
1731069441.83,7.68,0.537,0.0
1731069442.33,8.32,1.050,0.0
1731069442.83,7.68,0.575,0.0
1731069443.33,8.32,0.622,0.0
1731069443.83,8.32,0.691,0.0
1731069444.33,7.68,0.718,0.0
1731069444.83,8.32,1.237,0.0
1731069445.33,7.68,0.675,0.0
1731069445.83,8.32,0.667,0.0
1731069446.33,7.68,0.493,0.0
1731069446.83,8.32,0.561,0.0
1731069447.33,7.69,0.513,0.0
1731069447.83,8.32,0.610,0.0
1731069448.33,7.68,1.209,0.0
1731069448.83,8.32,0.772,0.0
1731069449.33,7.68,0.716,0.0
1731069449.83,8.32,0.601,0.0
1731069450.33,7.68,0.715,0.0
1731069450.83,7.68,0.782,0.0
1731069451.33,8.32,0.406,0.0
1731069451.83,8.32,0.640,0.0
1731069452.33,7.67,1.013,0.0
1731069452.83,8.33,1.800,0.0
1731069453.33,7.68,1.184,0.0
1731069453.83,8.32,0.683,0.0
1731069454.33,7.68,0.823,0.0
1731069454.83,7.68,0.410,0.0
1731069455.33,8.32,0.781,0.0
1731069455.83,8.32,0.808,0.0
1731069456.33,7.68,0.516,0.0
1731069456.83,7.68,0.876,0.0
1731069457.33,8.32,0.425,0.0
1731069457.83,8.32,0.898,0.0
1731069458.33,7.69,0.712,0.0
1731069458.83,7.68,0.585,0.0
1731069459.33,8.32,0.943,0.0
1731069459.83,8.32,0.428,0.0
1731069460.33,7.68,0.898,0.0
1731069460.83,7.69,0.465,0.0
1731069461.33,8.32,0.414,0.0
1731069461.83,8.31,0.858,0.0
1731069462.33,7.68,0.459,0.0
1731069462.83,8.32,0.935,0.0
1731069463.33,7.68,0.520,0.0
1731069463.83,8.32,0.619,0.0
1731069464.33,7.68,0.461,0.0
1731069464.83,8.32,0.531,0.0
1731069465.33,7.68,1.155,0.0
1731069465.83,8.32,1.038,0.0
1731069466.33,7.68,0.753,0.0
1731069466.83,7.69,0.594,0.0
1731069467.33,8.31,0.622,0.0
1731069467.83,7.68,0.717,0.0
1731069468.33,8.32,0.610,0.0
1731069468.83,7.68,0.585,0.0
1731069469.33,8.32,0.448,0.0
1731069469.83,8.31,0.560,0.0
1731069470.33,7.68,0.557,0.0
1731069470.83,7.69,0.646,0.0
1731069471.33,8.31,0.599,0.0
1731069471.83,7.69,0.431,0.0
1731069472.33,8.32,0.645,0.0
1731069472.83,8.32,0.617,0.0
1731069473.33,7.68,0.663,0.0
1731069473.83,8.32,0.590,0.0
1731069474.33,7.68,0.362,0.0
1731069474.83,8.32,0.673,0.0
1731069475.33,7.68,0.502,0.0
1731069475.83,8.32,0.802,0.0
1731069476.33,7.68,0.870,0.0
1731069476.83,8.32,0.491,0.0
1731069477.33,7.68,0.800,0.0
1731069477.83,8.32,0.453,0.0
1731069478.33,7.67,0.786,0.0
1731069478.83,8.33,0.726,0.0
1731069479.33,7.68,0.435,0.0
1731069479.83,8.32,0.774,0.0
1731069480.33,7.68,0.391,0.0
1731069480.83,8.32,0.821,0.0
1731069481.33,7.68,0.486,0.0
1731069481.83,8.32,0.503,0.0
1731069482.33,7.68,0.917,0.0
1731069482.83,8.32,0.555,0.0
1731069483.33,7.68,0.976,0.0
1731069483.83,8.32,0.841,0.0
1731069484.33,7.68,0.747,0.0
1731069484.83,7.68,0.547,0.0
1731069485.33,8.33,0.615,0.0
1731069485.83,8.31,1.172,0.0
1731069486.33,7.68,0.749,0.0
1731069486.83,8.32,0.794,0.0
1731069487.33,7.68,0.493,0.0
1731069487.83,8.32,0.680,0.0
1731069488.33,7.68,0.952,0.0
1731069488.83,8.32,0.610,0.0
1731069489.33,6.40,1.523,0.0
1731069489.83,9.61,6.511,0.0
1731069490.33,7.68,3.377,0.0
1731069490.83,8.32,2.758,0.0
1731069491.33,7.67,1.640,0.0
1731069491.83,8.32,1.284,0.0
1731069492.33,7.68,0.695,0.0
1731069492.83,8.32,0.900,0.0
1731069493.33,7.68,0.689,0.0
1731069493.83,8.32,0.712,0.0
1731069494.33,7.68,0.868,0.0
1731069494.83,8.33,0.621,0.0
1731069495.33,7.68,0.914,0.0
1731069495.83,7.68,0.596,0.0
1731069496.33,8.32,0.741,0.0
1731069496.83,8.32,0.805,0.0
1731069497.33,7.68,0.763,0.0
1731069497.83,7.68,0.999,0.0
1731069498.33,8.31,0.546,0.0
1731069498.83,8.32,0.851,0.0
1731069499.33,7.68,0.847,0.0
1731069499.83,8.32,0.419,0.0
1731069500.33,7.68,0.771,0.0
1731069500.83,8.32,0.541,0.0
1731069501.33,7.68,0.888,0.0
1731069501.83,7.68,0.526,0.0
1731069502.33,8.32,0.557,0.0
1731069502.83,8.32,0.935,0.0
1731069503.33,7.68,0.768,0.0
1731069503.83,8.32,1.070,0.0
1731069504.33,7.68,0.629,0.0
1731069504.83,8.32,0.491,0.0
1731069505.33,7.68,0.639,0.0
1731069505.83,8.33,0.481,0.0
1731069506.33,7.67,0.946,0.0
1731069506.83,8.33,0.765,0.0
1731069507.33,7.67,0.749,0.0
1731069507.83,8.32,0.529,0.0
1731069508.33,7.68,0.577,0.0
1731069508.83,8.32,1.082,0.0
1731069509.33,7.68,0.558,0.0
1731069509.83,8.32,0.505,0.0
1731069510.33,7.68,0.413,0.0
1731069510.83,8.32,0.522,0.0
1731069511.33,7.68,0.567,0.0
1731069511.83,8.33,0.624,0.0
1731069512.33,7.67,0.647,0.0
1731069512.83,8.33,0.623,0.0
1731069513.33,7.68,0.659,0.0
1731069513.83,8.32,0.649,0.0
1731069514.33,7.68,0.666,0.0
1731069514.83,8.32,0.873,0.0
1731069515.33,7.68,1.439,0.0
1731069515.83,8.32,1.098,0.0
1731069516.33,7.68,0.862,0.0
1731069516.83,7.69,1.000,0.0
1731069517.33,8.31,0.776,0.0
1731069517.83,7.67,0.577,0.0
1731069518.33,8.34,3.326,0.0
1731069518.83,7.68,1.719,0.0
1731069519.33,8.32,1.447,0.0
1731069519.83,8.32,1.112,0.0
1731069520.33,7.69,0.535,0.0
1731069520.83,8.31,0.828,0.0
1731069521.33,7.68,0.559,0.0
1731069521.83,8.32,0.843,0.0
1731069522.33,7.68,0.767,0.0
1731069522.83,8.32,0.710,0.0
1731069523.33,7.68,1.009,0.0
1731069523.83,8.32,0.511,0.0
1731069524.33,7.68,0.918,0.0
1731069524.83,8.32,0.468,0.0
1731069525.33,7.68,0.451,0.0
1731069525.83,8.33,0.898,0.0
1731069526.33,7.67,0.464,0.0
1731069526.83,8.32,4.319,0.0
1731069527.33,7.68,2.038,0.0
1731069527.83,7.68,1.509,0.0
1731069528.33,8.32,1.120,0.0
1731069528.83,8.31,0.793,0.0
1731069529.33,7.68,1.053,0.0
1731069529.83,8.32,0.929,0.0
1731069530.33,7.68,1.272,0.0
1731069530.83,8.32,0.678,0.0
1731069531.33,7.68,0.652,0.0
1731069531.83,7.68,0.594,0.0
1731069532.33,8.32,0.624,0.0
1731069532.83,8.32,0.529,0.0
1731069533.33,7.68,0.581,0.0
1731069533.83,8.32,0.632,0.0
1731069534.33,7.68,0.565,0.0
1731069534.83,8.32,0.602,0.0
1731069535.33,7.68,0.608,0.0
1731069535.83,6.36,12.425,0.09090909090909091
1731069536.33,8.37,12.101,0.07142857142857142
1731069536.83,8.32,5.544,0.0
1731069537.33,7.68,2.963,0.0
1731069537.83,8.32,1.652,0.0
1731069538.33,7.04,0.862,0.08333333333333333
1731069538.83,7.68,0.950,0.0
1731069539.33,8.33,0.664,0.0
1731069539.83,7.67,0.894,0.0
1731069540.33,8.32,0.829,0.0
1731069540.83,8.33,1.084,0.0
1731069541.33,7.67,1.115,0.0
1731069541.83,8.32,0.794,0.0
1731069542.33,7.68,1.026,0.0
1731069542.83,7.68,0.973,0.0
1731069543.33,8.32,0.978,0.0
1731069543.83,8.32,1.162,0.0
1731069544.33,7.68,0.568,0.0
1731069544.83,8.32,0.886,0.0
1731069545.33,7.68,0.550,0.0
1731069545.83,8.32,0.454,0.0
1731069546.33,7.68,0.901,0.0
1731069546.83,8.32,0.501,0.0
1731069547.33,7.68,0.988,0.0
1731069547.83,8.32,0.710,0.0
1731069548.33,7.69,0.663,0.0
1731069548.83,7.67,0.593,0.0
1731069549.33,8.33,0.503,0.0
1731069549.83,8.32,1.103,0.0
1731069550.33,7.68,0.658,0.0
1731069550.83,8.32,0.553,0.0
1731069551.33,7.68,0.498,0.0
1731069551.83,8.32,0.649,0.0
1731069552.33,7.68,1.135,0.0
1731069552.83,7.68,0.900,0.0
1731069553.33,8.32,1.351,0.0
1731069553.83,7.68,0.763,0.0
1731069554.33,8.32,0.696,0.0
1731069554.83,8.32,0.639,0.0
1731069555.33,7.68,0.677,0.0
1731069555.83,8.32,0.705,0.0
1731069556.33,7.68,0.488,0.0
1731069556.83,8.32,0.682,0.0
1731069557.33,7.68,0.675,0.0
1731069557.83,8.32,0.716,0.0
1731069558.33,7.68,0.880,0.0
1731069558.83,8.32,0.457,0.0
1731069559.33,7.66,0.783,0.0
1731069559.83,8.34,0.697,0.0
1731069560.33,7.67,0.733,0.0
1731069560.83,7.66,0.776,0.0
1731069561.33,8.34,0.808,0.0
1731069561.83,8.32,1.419,0.0
1731069562.33,7.68,0.660,0.0
1731069562.83,8.32,0.894,0.0
1731069563.33,7.68,0.791,0.0
1731069563.83,7.69,0.499,0.0
1731069564.33,7.67,0.959,0.0
1731069564.83,7.69,0.737,0.0
1731069565.33,8.32,1.002,0.0
1731069565.83,7.68,0.631,0.0
1731069566.33,8.32,0.515,0.0
1731069566.83,7.68,1.079,0.0
1731069567.33,8.32,0.548,0.0
1731069567.83,8.32,0.962,0.0
1731069568.33,7.69,0.655,0.0
1731069568.83,8.31,0.552,0.0
1731069569.33,7.68,0.832,0.0
1731069569.83,7.69,0.747,0.0
1731069570.33,8.32,1.274,0.0
1731069570.83,8.32,0.694,0.0
1731069571.33,7.68,0.562,0.0
1731069571.83,8.32,0.485,0.0
1731069572.33,7.68,0.562,0.0
1731069572.83,8.32,1.126,0.0
1731069573.33,7.68,0.705,0.0
1731069573.83,8.32,0.561,0.0
1731069574.33,7.68,0.461,0.0
1731069574.83,8.32,0.653,0.0
1731069575.33,7.68,0.686,0.0
1731069575.83,8.33,0.553,0.0
1731069576.33,7.67,0.689,0.0
1731069576.83,8.32,0.463,0.0
1731069577.33,7.68,0.577,0.0
1731069577.83,8.32,0.543,0.0
1731069578.33,7.68,0.634,0.0
1731069578.83,8.32,0.734,0.0
1731069579.33,7.67,0.491,0.0
1731069579.83,8.32,0.666,0.0
1731069580.33,7.68,0.682,0.0
1731069580.83,7.68,0.727,0.0
1731069581.33,8.31,0.666,0.0
1731069581.83,8.32,0.642,0.0
1731069582.33,7.68,0.853,0.0
1731069582.83,7.68,0.668,0.0
1731069583.33,8.32,0.889,0.0
1731069583.83,8.32,0.977,0.0
1731069584.33,7.68,0.475,0.0
1731069584.83,8.32,0.729,0.0
1731069585.33,7.68,0.422,0.0
1731069585.83,8.32,0.960,0.0
1731069586.33,7.69,0.726,0.0
1731069586.83,8.32,0.547,0.0
1731069587.33,7.66,1.067,0.0
1731069587.83,8.34,1.316,0.0
1731069588.33,7.68,1.427,0.0
1731069588.83,8.32,0.663,0.0
1731069589.33,7.68,0.899,0.0
1731069589.83,7.67,0.866,0.0
1731069590.33,8.32,0.536,0.0
1731069590.83,8.31,1.037,0.0
1731069591.33,7.68,0.570,0.0
1731069591.83,8.32,0.544,0.0
1731069592.33,7.04,0.942,0.0
1731069592.83,7.68,7.266,0.14285714285714285
1731069593.33,7.69,4.315,0.0
1731069593.83,8.32,2.174,0.0
1731069594.33,7.68,1.284,0.0
1731069594.83,8.32,0.684,0.0
1731069595.33,7.68,0.892,0.0
1731069595.83,7.68,0.713,0.0
1731069596.33,8.32,0.629,0.0
1731069596.83,8.32,0.513,0.0
1731069597.33,7.68,0.400,0.0
1731069597.83,8.32,0.529,0.0
1731069598.33,7.68,0.661,0.0
1731069598.83,8.32,0.646,0.0
1731069599.33,7.68,0.762,0.0
1731069599.83,7.68,0.510,0.0
1731069600.33,8.32,0.687,0.0
1731069600.83,8.32,0.756,0.0
1731069601.33,7.68,0.760,0.0
1731069601.83,8.32,0.686,0.0
1731069602.33,7.68,0.623,0.0
1731069602.83,8.32,0.851,0.0
1731069603.33,7.68,0.597,0.0
1731069603.83,8.32,0.841,0.0
1731069604.33,7.68,0.727,0.0
1731069604.83,8.32,0.347,0.0
1731069605.33,7.68,3.538,0.0
1731069605.83,8.32,1.795,0.0
1731069606.33,7.68,1.551,0.0
1731069606.83,8.32,1.367,0.0
1731069607.33,7.68,0.680,0.0
1731069607.83,8.32,0.889,0.0
1731069608.33,7.04,0.598,0.08333333333333333
1731069608.83,8.29,0.909,0.0
1731069609.33,7.71,0.487,0.0
1731069609.83,8.32,0.409,0.0
1731069610.33,7.68,0.862,0.0
1731069610.83,8.32,0.621,0.0
1731069611.33,7.68,1.091,0.0
1731069611.83,8.32,0.777,0.0
1731069612.33,7.68,0.725,0.0
1731069612.83,7.68,0.511,0.0
1731069613.33,8.32,0.639,0.0
1731069613.83,8.32,1.066,0.0
1731069614.33,7.68,0.715,0.0
1731069614.83,8.32,0.529,0.0
1731069615.33,7.68,0.542,0.0
1731069615.83,8.32,0.643,0.0
1731069616.33,7.68,0.889,0.0
1731069616.83,8.32,0.578,0.0
1731069617.33,7.68,0.519,0.0
1731069617.83,8.32,0.367,0.0
1731069618.33,7.68,0.633,0.0
1731069618.83,8.32,0.516,0.0
1731069619.33,7.68,0.848,0.0
1731069619.83,8.32,0.655,0.0
1731069620.33,7.68,0.704,0.0
1731069620.83,8.32,0.818,0.0
1731069621.33,7.69,0.784,0.0
1731069621.83,8.31,0.788,0.0
1731069622.33,7.68,0.738,0.0
1731069622.83,8.32,0.504,0.0
1731069623.33,7.68,0.887,0.0
1731069623.83,8.32,0.724,0.0
1731069624.33,7.67,0.709,0.0
1731069624.83,8.33,0.624,0.0
1731069625.33,7.68,0.317,0.0
1731069625.83,8.32,0.672,0.0
1731069626.33,7.68,0.328,0.0
1731069626.83,8.31,0.692,0.0
1731069627.33,7.68,0.707,0.0
1731069627.83,8.32,0.750,0.0
1731069628.33,7.68,0.922,0.0
1731069628.83,8.33,0.451,0.0
1731069629.33,7.68,0.865,0.0
1731069629.83,7.67,0.693,0.0
1731069630.33,8.32,0.580,0.0
1731069630.83,7.68,1.000,0.0
1731069631.33,8.32,0.540,0.0
1731069631.83,7.68,1.075,0.0
1731069632.33,8.32,0.773,0.0
1731069632.83,8.32,0.644,0.0
1731069633.33,7.68,1.873,0.0
1731069633.83,8.32,1.418,0.0
1731069634.33,7.68,1.460,0.0
1731069634.83,8.31,0.720,0.0
1731069635.33,7.69,0.678,0.0
1731069635.83,7.67,0.543,0.0
1731069636.33,8.32,0.548,0.0
1731069636.83,8.32,1.187,0.0
1731069637.33,7.68,0.583,0.0
1731069637.83,8.32,0.583,0.0
1731069638.33,7.68,0.441,0.0
1731069638.83,8.32,0.528,0.0
1731069639.33,7.68,0.672,0.0
1731069639.83,8.32,0.678,0.0
1731069640.33,7.67,0.780,0.0
1731069640.83,8.34,0.492,0.0
1731069641.33,7.68,0.964,0.0
1731069641.83,8.32,0.785,0.0
1731069642.33,7.68,0.871,0.0
1731069642.83,8.32,0.729,0.0
1731069643.33,7.68,0.533,0.0
1731069643.83,8.32,0.736,0.0
1731069644.33,7.68,1.026,0.0
1731069644.83,8.32,1.055,0.0
1731069645.33,7.68,0.869,0.0
1731069645.83,8.32,0.449,0.0
1731069646.33,7.68,0.742,0.0
1731069646.83,7.68,0.400,0.0
1731069647.33,8.32,0.769,0.0
1731069647.83,8.32,0.700,0.0
1731069648.33,7.68,0.404,0.0
1731069648.83,8.33,0.763,0.0
1731069649.33,7.68,0.411,0.0
1731069649.83,8.32,0.825,0.0
1731069650.33,7.69,0.694,0.0
1731069650.83,8.31,0.413,0.0
1731069651.33,7.68,0.852,0.0
1731069651.83,8.32,0.478,0.0
1731069652.33,7.68,0.931,0.0
1731069652.83,8.32,0.457,0.0
1731069653.33,7.68,0.484,0.0
1731069653.83,8.31,0.898,0.0
1731069654.33,7.69,0.487,0.0
1731069654.83,8.32,0.933,0.0
1731069655.33,7.68,0.657,0.0
1731069655.83,8.32,0.552,0.0
1731069656.33,7.67,0.549,0.0
1731069656.83,8.33,0.859,0.0
1731069657.33,7.68,1.241,0.0
1731069657.83,8.32,0.643,0.0
1731069658.33,7.67,0.570,0.0
1731069658.83,8.32,0.482,0.0
1731069659.33,7.69,0.562,0.0
1731069659.83,7.67,0.628,0.0
1731069660.33,8.32,0.598,0.0
1731069660.83,8.32,0.551,0.0
1731069661.33,7.68,1.134,0.0
1731069661.83,8.32,0.851,0.0
1731069662.33,7.68,0.807,0.0
1731069662.83,7.68,0.770,0.0
1731069663.33,8.32,0.696,0.0
1731069663.83,7.68,0.357,0.0
1731069664.33,8.32,0.898,0.0
1731069664.83,8.32,0.700,0.0
1731069665.33,7.68,0.738,0.0
1731069665.83,8.32,0.664,0.0
1731069666.33,7.68,0.496,0.0
1731069666.83,8.32,0.725,0.0
1731069667.33,7.68,0.588,0.0
1731069667.83,8.32,0.728,0.0
1731069668.33,7.68,0.678,0.0
1731069668.83,8.32,0.386,0.0
1731069669.33,7.68,0.703,0.0
1731069669.83,8.32,0.344,0.0
1731069670.33,7.68,0.841,0.0
1731069670.83,8.32,0.834,0.0
1731069671.33,7.68,0.439,0.0
1731069671.83,8.32,0.817,0.0
1731069672.33,7.69,0.439,0.0
1731069672.83,8.31,0.824,0.0
1731069673.33,7.68,0.715,0.0
1731069673.83,8.32,0.486,0.0
1731069674.33,7.68,1.019,0.0
1731069674.83,8.33,0.508,0.0
1731069675.33,7.68,1.044,0.0
1731069675.83,8.32,0.708,0.0
1731069676.33,7.68,0.555,0.0
1731069676.83,7.68,0.530,0.0
1731069677.33,8.32,0.544,0.0
1731069677.83,8.32,1.013,0.0
1731069678.33,7.68,0.864,0.0
1731069678.83,8.32,0.616,0.0
1731069679.33,7.68,0.468,0.0
1731069679.83,8.32,0.585,0.0
1731069680.33,7.67,1.084,0.0
1731069680.83,8.32,0.658,0.0
1731069681.33,7.68,0.549,0.0
1731069681.83,8.32,0.406,0.0
1731069682.33,7.68,0.537,0.0
1731069682.83,8.32,0.594,0.0
1731069683.33,7.68,0.900,0.0
1731069683.83,8.32,0.723,0.0
1731069684.33,7.68,0.430,0.0
1731069684.83,8.32,0.573,0.0
1731069685.33,7.68,0.900,0.0
1731069685.83,8.33,0.909,0.0
1731069686.33,7.68,0.847,0.0
1731069686.83,8.32,0.411,0.0
1731069687.33,7.67,0.817,0.0
1731069687.83,8.32,0.800,0.0
1731069688.33,7.68,0.795,0.0
1731069688.83,8.32,0.701,0.0
1731069689.33,7.69,0.390,0.0
1731069689.83,7.68,0.898,0.0
1731069690.33,8.32,0.549,0.0
1731069690.83,8.31,0.845,0.0
1731069691.33,7.68,0.806,0.0
1731069691.83,8.32,0.413,0.0
1731069692.33,7.68,0.807,0.0
1731069692.83,8.32,0.558,0.0
1731069693.33,7.68,0.921,0.0
1731069693.83,7.67,0.484,0.0
1731069694.33,8.34,0.385,0.0
1731069694.83,8.32,0.769,0.0
1731069695.33,7.68,0.447,0.0
1731069695.83,7.68,1.067,0.0
1731069696.33,8.32,0.675,0.0
1731069696.83,8.32,0.502,0.0
1731069697.33,7.68,1.002,0.0
1731069697.83,8.32,0.602,0.0
1731069698.33,7.68,1.094,0.0
1731069698.83,8.32,0.553,0.0
1731069699.33,7.68,0.481,0.0
1731069699.83,8.32,0.521,0.0
1731069700.33,7.68,0.630,0.0
1731069700.83,8.32,1.182,0.0
1731069701.33,7.68,0.666,0.0
1731069701.83,8.32,0.583,0.0
1731069702.33,7.68,0.335,0.0
1731069702.83,7.69,0.690,0.0
1731069703.33,8.31,0.607,0.0
1731069703.83,7.69,0.810,0.0
1731069704.33,8.31,0.710,0.0
1731069704.83,8.32,0.578,0.0
1731069705.33,7.68,0.647,0.0
1731069705.83,8.32,0.601,0.0
1731069706.33,7.68,0.785,0.0
1731069706.83,8.32,0.730,0.0
1731069707.33,7.68,0.669,0.0
1731069707.83,8.32,0.750,0.0
1731069708.33,7.68,0.743,0.0
1731069708.83,8.32,0.750,0.0
1731069709.33,7.68,0.645,0.0
1731069709.83,7.69,0.369,0.0
1731069710.33,8.31,0.705,0.0
1731069710.83,7.68,0.455,0.0
1731069711.33,8.32,0.822,0.0
1731069711.83,8.32,0.686,0.0
1731069712.33,7.68,0.532,0.0
1731069712.83,8.32,0.948,0.0
1731069713.33,7.68,0.628,0.0
1731069713.83,8.31,0.896,0.0
1731069714.33,7.69,0.732,0.0
1731069714.83,7.68,0.562,0.0
1731069715.33,8.32,1.019,0.0
1731069715.83,7.68,0.705,0.0
1731069716.33,8.32,1.274,0.0
1731069716.83,8.32,0.652,0.0
1731069717.33,7.68,0.602,0.0
1731069717.83,8.32,0.967,0.0
1731069718.33,7.68,0.632,0.0
1731069718.83,8.32,1.032,0.0
1731069719.33,7.68,0.519,0.0
1731069719.83,8.32,0.435,0.0
1731069720.33,7.67,0.343,0.0
1731069720.83,8.30,0.452,0.0
1731069721.33,7.70,1.046,0.0
1731069721.83,8.32,0.589,0.0
1731069722.33,7.68,0.542,0.0
1731069722.83,8.32,0.390,0.0
1731069723.33,7.68,0.570,0.0
1731069723.83,7.68,0.553,0.0
1731069724.33,8.32,0.611,0.0
1731069724.83,8.32,0.682,0.0
1731069725.33,7.67,0.407,0.0
1731069725.83,8.32,0.675,0.0
1731069726.33,7.68,0.630,0.0
1731069726.83,8.32,0.757,0.0
1731069727.33,7.68,0.749,0.0
1731069727.83,7.68,0.487,0.0
1731069728.33,8.32,0.713,0.0
1731069728.83,8.32,0.872,0.0
1731069729.33,7.68,0.846,0.0
1731069729.83,8.32,0.787,0.0
1731069730.33,7.68,0.410,0.0
1731069730.83,8.31,0.673,0.0
1731069731.33,7.69,0.542,0.0
1731069731.83,8.32,0.637,0.0
1731069732.33,7.68,0.661,0.0
1731069732.83,8.32,0.370,0.0
1731069733.33,7.68,0.751,0.0
1731069733.83,8.32,1.343,0.0
1731069734.33,7.67,1.601,0.0
1731069734.83,8.32,1.053,0.0
1731069735.33,7.68,0.749,0.0
1731069735.83,7.69,1.134,0.0
1731069736.33,8.29,0.656,0.0
1731069736.83,7.70,1.026,0.0
1731069737.33,8.32,0.731,0.0
1731069737.83,8.32,0.727,0.0
1731069738.33,7.68,1.040,0.0
1731069738.83,8.32,0.682,0.0
1731069739.33,7.68,1.049,0.0
1731069739.83,8.32,0.521,0.0
1731069740.33,7.68,0.566,0.0
1731069740.83,7.68,0.388,0.0
1731069741.33,8.32,0.519,0.0
1731069741.83,8.32,1.032,0.0
1731069742.33,7.68,0.584,0.0
1731069742.83,8.32,0.545,0.0
1731069743.33,7.68,0.522,0.0
1731069743.83,8.32,0.543,0.0
1731069744.33,7.68,0.820,0.0
1731069744.83,8.32,0.561,0.0
1731069745.33,7.68,0.537,0.0
1731069745.83,8.31,0.529,0.0
1731069746.33,7.68,0.647,0.0
1731069746.83,8.32,0.722,0.0
1731069747.33,7.68,0.831,0.0
1731069747.83,8.32,0.773,0.0
1731069748.33,7.68,0.604,0.0
1731069748.83,8.32,0.690,0.0
1731069749.33,7.68,0.724,0.0
1731069749.83,8.32,0.752,0.0
1731069750.33,7.68,0.700,0.0
1731069750.83,7.68,0.556,0.0
1731069751.33,8.32,0.735,0.0
1731069751.83,8.32,0.680,0.0
1731069752.33,7.68,0.780,0.0
1731069752.83,8.32,0.719,0.0
1731069753.33,7.69,0.372,0.0
1731069753.83,8.31,0.854,0.0
1731069754.33,7.68,0.455,0.0
1731069754.83,8.32,1.057,0.0
1731069755.33,7.68,0.864,0.0
1731069755.83,8.32,0.438,0.0
1731069756.33,7.69,0.848,0.0
1731069756.83,8.31,0.493,0.0
1731069757.33,7.68,0.874,0.0
1731069757.83,7.68,0.612,0.0
1731069758.33,8.32,0.475,0.0
1731069758.83,8.32,1.179,0.0
1731069759.33,7.68,0.818,0.0
1731069759.83,8.32,1.050,0.0
1731069760.33,7.67,0.577,0.0
1731069760.83,8.32,0.458,0.0
1731069761.33,7.68,0.643,0.0
1731069761.83,7.69,0.457,0.0
1731069762.33,8.31,1.013,0.0
1731069762.83,8.33,0.514,0.0
1731069763.33,7.68,0.474,0.0
1731069763.83,8.31,0.342,0.0
1731069764.33,7.68,0.475,0.0
1731069764.83,8.33,1.037,0.0
1731069765.33,7.67,0.504,0.0
1731069765.83,7.68,0.733,0.0
1731069766.33,8.32,0.841,0.0
1731069766.83,7.68,0.751,0.0
1731069767.33,8.32,0.846,0.0
1731069767.83,8.32,0.735,0.0
1731069768.33,7.69,0.741,0.0
1731069768.83,8.31,0.510,0.0
1731069769.33,7.68,0.620,0.0
1731069769.83,8.32,0.661,0.0
1731069770.33,7.69,0.672,0.0
1731069770.83,8.31,0.611,0.0
1731069771.33,7.68,0.328,0.0
1731069771.83,8.32,0.741,0.0
