Time,Bitrate,Jitter,Datagrams,Delay
1731068776.81,19.8,0.359,0.0,1.37
1731068777.31,19.8,0.402,0.0,0.867
1731068777.81,20.5,0.412,0.0,1.57
1731068778.31,19.9,0.411,0.0,1.04
1731068778.81,19.8,0.308,0.0,0.926
1731068779.31,19.8,0.451,0.0,1.06
1731068779.81,20.5,0.433,0.0,6.04
1731068780.31,19.8,0.379,0.0,1.13
1731068780.81,19.9,0.366,0.0,1.88
1731068781.31,19.8,0.452,0.0,2.73
1731068781.81,20.5,0.415,0.0,2.23
1731068782.31,19.9,0.44,0.0,2.2
1731068782.81,19.8,0.434,0.0,3.79
1731068783.31,19.9,0.681,0.0,0.882
1731068783.81,20.5,0.486,0.0,0.669
1731068784.31,19.8,0.649,0.0,0.961
1731068784.81,19.8,0.508,0.0,1.63
1731068785.31,19.8,0.661,0.0,2.58
1731068785.81,20.5,0.663,0.0,1.07
1731068786.31,19.8,0.613,0.0,0.926
1731068786.81,19.8,0.445,0.0,1.55
1731068787.31,19.2,0.351,0.032,1.53
1731068787.81,20.5,0.43,0.0,1.01
1731068788.31,19.9,0.388,0.0,0.866
1731068788.81,19.8,0.864,0.0,0.714
1731068789.31,19.8,0.546,0.0,0.704
1731068789.81,20.5,0.473,0.0,0.795
1731068790.31,19.8,0.477,0.0,0.895
1731068790.81,19.8,0.522,0.0,0.857
1731068791.31,19.8,0.491,0.0,1.03
1731068791.81,20.5,0.557,0.0,1.28
1731068792.31,19.8,0.651,0.0,0.754
1731068792.81,19.9,0.613,0.0,5.0
1731068793.31,19.8,0.665,0.0,1.34
1731068793.81,20.5,0.652,0.0,0.927
1731068794.31,19.8,0.719,0.0,0.854
1731068794.81,19.8,0.645,0.0,1.03
1731068795.31,19.8,0.568,0.0,1.29
1731068795.81,19.9,0.269,0.0,0.838
1731068796.31,20.5,0.287,0.0,0.996
1731068796.81,19.8,0.257,0.0,1.09
1731068797.31,19.8,0.277,0.0,0.936
1731068797.81,20.5,0.676,0.0,1.65
1731068798.31,19.8,0.589,0.0,0.82
1731068798.81,19.8,0.335,0.0,1.65
1731068799.31,19.8,0.29,0.0,7.17
1731068799.81,20.5,0.551,0.0,0.961
1731068800.31,19.8,0.363,0.0,0.868
1731068800.81,19.8,0.32,0.0,1.03
1731068801.31,19.8,0.36,0.0,1.35
1731068801.81,20.5,0.384,0.0,0.769
1731068802.31,19.8,0.443,0.0,1.0
1731068802.81,19.8,0.441,0.0,1.35
1731068803.31,19.8,0.48,0.0,0.778
1731068803.81,19.8,0.424,0.0,1.05
1731068804.31,20.5,0.621,0.0,5.69
1731068804.81,19.9,0.663,0.0,0.778
1731068805.31,19.8,0.522,0.0,0.809
1731068805.81,20.5,0.574,0.0,0.965
1731068806.31,19.8,0.566,0.0,1.54
1731068806.81,19.8,0.554,0.0,0.845
1731068807.31,18.6,0.442,0.065,0.745
1731068807.81,20.5,0.637,0.0,1.03
1731068808.31,19.8,0.467,0.0,1.5
1731068808.81,19.8,0.604,0.0,0.937
1731068809.31,19.8,0.45,0.0,0.888
1731068809.81,19.8,0.622,0.0,0.954
1731068810.31,20.5,0.616,0.0,1.02
1731068810.81,19.8,0.589,0.0,1.3
1731068811.31,19.8,0.455,0.0,7.37
1731068811.81,20.5,0.666,0.0,0.88
1731068812.31,19.8,0.539,0.0,1.07
1731068812.81,19.8,0.525,0.0,1.4
1731068813.31,19.8,0.592,0.0,0.896
1731068813.81,20.5,0.64,0.0,1.03
1731068814.31,19.8,0.688,0.0,1.47
1731068814.81,19.8,0.64,0.0,0.862
1731068815.31,19.8,0.612,0.0,1.1
1731068815.81,20.5,0.715,0.0,0.79
1731068816.31,19.8,0.665,0.0,1.52
1731068816.81,19.8,0.585,0.0,2.21
1731068817.31,19.8,0.534,0.0,3.14
1731068817.81,20.5,0.45,0.0,1.23
1731068818.31,19.8,0.306,0.0,1.05
1731068818.81,19.8,0.25,0.0,2.56
1731068819.31,19.8,0.315,0.0,1.08
1731068819.81,20.5,0.406,0.0,1.16
1731068820.31,19.8,0.449,0.0,0.911
1731068820.81,19.8,0.762,0.0,0.868
1731068821.31,19.9,0.371,0.0,0.825
1731068821.81,19.8,0.401,0.0,0.792
1731068822.31,20.5,0.388,0.0,1.09
1731068822.81,19.8,0.553,0.0,1.31
1731068823.31,19.8,0.418,0.0,0.714
1731068823.81,20.5,0.377,0.0,5.14
1731068824.31,19.8,0.448,0.0,1.09
1731068824.81,19.9,0.456,0.0,0.946
1731068825.31,19.8,0.563,0.0,0.743
1731068825.81,20.5,0.487,0.0,1.19
1731068826.31,19.8,0.436,0.0,0.985
1731068826.81,19.8,0.498,0.0,0.857
1731068827.31,19.8,0.74,0.0,1.02
1731068827.81,19.9,0.671,0.0,1.49
1731068828.31,20.5,0.731,0.0,0.914
1731068828.81,19.8,0.614,0.0,1.91
1731068829.31,19.8,0.638,0.0,0.844
1731068829.81,19.8,0.413,0.0,1.24
1731068830.31,20.5,0.515,0.0,1.0
1731068830.81,19.8,0.43,0.0,1.34
1731068831.31,19.9,0.462,0.0,0.85
1731068831.81,19.8,0.418,0.0,1.02
1731068832.31,20.5,0.45,0.0,0.967
1731068832.81,19.8,0.462,0.0,1.16
1731068833.31,19.9,0.454,0.0,0.961
1731068833.81,20.5,0.737,0.0,1.46
1731068834.31,19.8,0.544,0.0,0.744
1731068834.81,19.8,0.533,0.0,0.997
1731068835.31,19.9,0.676,0.0,3.61
1731068835.81,20.5,0.625,0.0,0.818
1731068836.31,19.9,0.615,0.0,1.12
1731068836.81,19.8,0.701,0.0,1.05
1731068837.31,19.9,0.818,0.0,1.14
1731068837.81,20.5,0.736,0.0,1.06
1731068838.31,19.9,0.525,0.0,0.889
1731068838.81,19.8,0.371,0.0,0.86
1731068839.31,19.8,0.274,0.0,0.794
1731068839.81,20.5,0.274,0.0,0.772
1731068840.31,19.8,0.364,0.0,1.04
1731068840.81,19.8,0.455,0.0,7.57
1731068841.31,19.8,0.397,0.0,0.87
1731068841.81,20.5,0.31,0.0,0.759
1731068842.31,19.8,0.36,0.0,1.03
1731068842.81,19.9,0.329,0.0,1.32
1731068843.31,19.8,0.364,0.0,0.826
1731068843.81,20.5,0.392,0.0,0.868
1731068844.31,19.8,0.419,0.0,1.01
1731068844.81,19.8,0.569,0.0,0.996
1731068845.31,19.8,0.46,0.0,1.05
1731068845.81,20.5,0.425,0.0,1.04
1731068846.31,19.8,0.601,0.0,1.0
1731068846.81,19.8,0.581,0.0,3.88
1731068847.31,19.8,0.569,0.0,1.35
1731068847.81,20.5,0.549,0.0,1.03
1731068848.31,19.8,0.529,0.0,0.935
1731068848.81,19.8,0.559,0.0,0.942
1731068849.31,19.8,0.76,0.0,1.0
1731068849.81,20.5,0.593,0.0,0.83
1731068850.31,19.8,0.601,0.0,0.938
1731068850.81,19.8,0.658,0.0,1.44
1731068851.31,19.9,0.444,0.0,0.766
1731068851.81,20.5,0.521,0.0,4.96
1731068852.31,19.8,0.402,0.0,1.18
1731068852.81,19.8,0.708,0.0,0.917
1731068853.31,19.8,0.502,0.0,1.12
1731068853.81,20.5,0.587,0.0,1.75
1731068854.31,19.8,0.573,0.0,0.871
1731068854.81,19.9,0.496,0.0,1.02
1731068855.31,19.8,0.566,0.0,1.39
1731068855.81,20.5,0.603,0.0,0.746
1731068856.31,19.8,0.709,0.0,0.905
1731068856.81,19.8,0.692,0.0,0.827
1731068857.31,19.8,0.607,0.0,0.999
1731068857.81,20.5,0.741,0.0,1.52
1731068858.31,19.8,0.824,0.0,0.868
1731068858.81,19.8,0.766,0.0,0.778
1731068859.31,19.8,0.577,0.0,0.765
1731068859.81,19.8,0.29,0.0,1.08
1731068860.31,20.5,0.485,0.0,1.25
1731068860.81,19.9,0.514,0.0,0.962
1731068861.31,19.8,0.474,0.0,0.873
1731068861.81,20.5,0.823,0.0,1.13
1731068862.31,19.8,0.429,0.0,1.35
1731068862.81,19.8,0.304,0.0,0.952
1731068863.31,19.8,0.51,0.0,0.963
1731068863.81,20.5,0.558,0.0,3.1
1731068864.31,19.8,0.456,0.0,0.875
1731068864.81,19.8,0.47,0.0,0.955
1731068865.31,19.8,0.377,0.0,0.774
1731068865.81,20.5,0.434,0.0,1.98
1731068866.31,19.8,0.454,0.0,1.62
1731068866.81,19.8,0.593,0.0,0.996
1731068867.31,19.9,0.703,0.0,0.92
1731068867.81,20.5,0.475,0.0,1.24
1731068868.31,19.8,0.489,0.0,1.57
1731068868.81,19.8,0.469,0.0,0.89
1731068869.31,19.8,0.692,0.0,1.17
1731068869.81,20.5,0.56,0.0,1.07
1731068870.31,19.8,0.582,0.0,1.76
1731068870.81,19.8,0.662,0.0,0.978
1731068871.31,19.8,0.55,0.0,1.14
1731068871.81,19.9,0.487,0.0,1.01
1731068872.31,20.5,0.491,0.0,1.11
1731068872.81,19.8,0.473,0.0,1.3
1731068873.31,19.8,0.436,0.0,1.46
1731068873.81,20.5,0.547,0.0,1.05
1731068874.31,19.8,0.457,0.0,1.06
1731068874.81,19.8,0.694,0.0,0.872
1731068875.31,19.8,0.551,0.0,0.987
1731068875.81,20.5,0.538,0.0,1.44
1731068876.31,19.2,0.5,0.032,0.801
1731068876.81,19.8,0.508,0.0,0.805
1731068877.31,19.8,0.698,0.0,0.901
1731068877.81,20.5,0.588,0.0,1.7
1731068878.31,19.8,0.656,0.0,0.885
1731068878.81,19.8,0.66,0.0,5.39
1731068879.31,19.9,0.63,0.0,1.75
1731068879.81,20.5,0.688,0.0,0.995
1731068880.31,19.8,0.659,0.0,1.08
1731068880.81,19.8,0.454,0.0,1.05
1731068881.31,19.8,0.556,0.0,0.895
1731068881.81,20.5,0.477,0.0,1.13
1731068882.31,19.9,0.39,0.0,1.43
1731068882.81,19.8,0.314,0.0,0.681
1731068883.31,19.8,0.334,0.0,3.92
1731068883.81,20.5,0.633,0.0,1.63
1731068884.31,19.8,0.402,0.0,0.887
1731068884.81,19.8,0.394,0.0,0.954
1731068885.31,19.8,0.59,0.0,1.2
1731068885.81,19.8,0.569,0.0,0.815
1731068886.31,20.5,0.568,0.0,1.08
1731068886.81,19.9,0.414,0.0,1.41
1731068887.31,19.8,0.355,0.0,0.984
1731068887.81,20.5,0.612,0.0,0.868
1731068888.31,19.8,0.449,0.0,1.27
1731068888.81,19.8,0.665,0.0,3.9
1731068889.31,19.8,0.443,0.0,0.918
1731068889.81,20.5,0.435,0.0,0.873
1731068890.31,19.8,0.42,0.0,0.794
1731068890.81,19.8,0.435,0.0,1.21
1731068891.31,19.8,0.565,0.0,1.68
1731068891.81,20.5,0.559,0.0,1.56
1731068892.31,19.8,0.58,0.0,0.958
1731068892.81,19.8,0.748,0.0,1.49
1731068893.31,19.9,0.502,0.0,1.07
1731068893.81,19.9,0.407,0.0,0.769
1731068894.31,20.5,0.456,0.0,1.32
1731068894.81,19.8,0.517,0.0,2.38
1731068895.31,19.8,0.439,0.0,5.005
1731068895.81,20.5,0.448,0.0,7.63
1731068896.31,19.8,0.675,0.0,0.951
1731068896.81,19.8,0.559,0.0,1.91
1731068897.31,19.8,0.641,0.0,3.64
1731068897.81,20.5,0.523,0.0,1.38
1731068898.31,19.8,0.59,0.0,0.846
1731068898.81,19.8,0.606,0.0,0.81
1731068899.31,19.8,0.577,0.0,0.774
1731068899.81,20.5,0.553,0.0,1.14
1731068900.31,19.8,0.553,0.0,1.73
1731068900.81,19.8,0.623,0.0,1.99
1731068901.31,19.8,0.692,0.0,1.2
1731068901.81,20.5,0.667,0.0,1.0
1731068902.31,19.9,0.514,0.0,0.975
1731068902.81,19.8,0.362,0.0,1.07
1731068903.31,19.8,0.542,0.0,0.946
1731068903.81,20.5,0.353,0.0,0.777
1731068904.31,19.8,0.388,0.0,1.04
1731068904.81,19.9,0.59,0.0,1.43
1731068905.31,19.8,0.449,0.0,0.861
1731068905.81,20.5,0.823,0.0,4.91
1731068906.31,19.8,0.639,0.0,0.782
1731068906.81,19.8,0.496,0.0,4.88
1731068907.31,19.8,0.443,0.0,0.908
1731068907.81,20.5,0.403,0.0,0.834
1731068908.31,19.8,0.491,0.0,1.19
1731068908.81,19.8,0.518,0.0,1.11
1731068909.31,19.8,0.524,0.0,0.797
1731068909.81,20.5,0.403,0.0,1.17
1731068910.31,19.8,0.645,0.0,1.08
1731068910.81,19.8,0.806,0.0,0.774
1731068911.31,19.8,0.48,0.0,0.999
1731068911.81,20.5,0.76,0.0,1.42
1731068912.31,19.8,0.78,0.0,0.825
1731068912.81,19.8,0.551,0.0,0.995
1731068913.31,19.8,0.525,0.0,1.22
1731068913.81,20.5,0.543,0.0,1.06
1731068914.31,19.9,0.654,0.0,1.14
1731068914.81,19.8,0.572,0.0,0.94
1731068915.31,19.8,0.48,0.0,0.897
1731068915.81,20.5,0.556,0.0,0.813
1731068916.31,19.8,0.413,0.0,1.01
1731068916.81,19.8,0.428,0.0,2.99
1731068917.31,19.8,0.476,0.0,0.825
1731068917.81,20.5,0.509,0.0,1.06
1731068918.31,19.8,0.499,0.0,1.37
1731068918.81,19.8,0.511,0.0,0.795
1731068919.31,19.8,0.808,0.0,0.992
1731068919.81,20.5,0.627,0.0,1.31
1731068920.31,19.8,0.728,0.0,0.767
1731068920.81,19.8,0.691,0.0,0.877
1731068921.31,19.8,0.675,0.0,0.905
1731068921.81,20.5,0.597,0.0,1.06
1731068922.31,19.8,0.821,0.0,7.9
1731068922.81,19.9,0.735,0.0,0.849
1731068923.31,19.8,0.473,0.0,0.917
1731068923.81,19.8,0.301,0.0,1.06
1731068924.31,20.5,0.27,0.0,0.855
1731068924.81,19.8,0.364,0.0,0.877
1731068925.31,19.8,0.417,0.0,2.08
1731068925.81,19.8,0.487,0.031,0.989
1731068926.31,19.8,0.332,0.0,0.979
1731068926.81,19.9,0.431,0.0,0.831
1731068927.31,19.8,0.453,0.0,0.705
1731068927.81,19.8,0.49,0.0,0.964
1731068928.31,20.5,0.41,0.0,1.48
1731068928.81,19.8,0.497,0.0,1.94
1731068929.31,19.8,0.383,0.0,0.962
1731068929.81,20.5,0.607,0.0,0.881
1731068930.31,19.8,0.549,0.0,0.872
1731068930.81,19.8,0.528,0.0,1.17
1731068931.31,19.8,0.547,0.0,1.7
1731068931.81,20.5,0.562,0.0,1.42
1731068932.31,19.8,0.517,0.0,1.34
1731068932.81,19.9,0.649,0.0,1.21
1731068933.31,19.8,0.753,0.0,2.74
1731068933.81,20.5,0.576,0.0,9.16
1731068934.31,19.8,0.507,0.0,1.77
1731068934.81,19.8,0.608,0.0,3.29
1731068935.31,19.8,0.702,0.0,3.07
1731068935.81,20.5,0.659,0.0,2.27
1731068936.31,19.8,0.456,0.0,2.7
1731068936.81,19.8,0.434,0.0,3.36
1731068937.31,19.8,0.431,0.0,2.39
1731068937.81,20.5,0.48,0.0,1.63
1731068938.31,19.2,0.493,0.032,6.29
1731068938.81,19.8,0.436,0.0,2.35
1731068939.31,19.8,0.538,0.0,2.27
1731068939.81,19.9,0.557,0.0,0.798
1731068940.31,19.8,0.501,0.031,1.32
1731068940.81,19.8,0.529,0.0,1.63
1731068941.31,19.8,0.674,0.0,1.51
1731068941.81,20.5,0.515,0.0,0.961
1731068942.31,19.8,0.644,0.0,1.31
1731068942.81,19.8,0.699,0.0,0.855
1731068943.31,19.8,0.663,0.0,1.3
1731068943.81,20.5,0.607,0.0,3.41
1731068944.31,19.8,0.676,0.0,0.91
1731068944.81,19.8,0.545,0.0,0.782
1731068945.31,19.8,0.373,0.0,0.851
1731068945.81,20.5,0.306,0.0,1.09
1731068946.31,19.8,0.367,0.0,0.966
1731068946.81,19.8,0.316,0.0,0.832
1731068947.31,19.8,0.379,0.0,1.49
1731068947.81,20.5,0.384,0.0,1.21
1731068948.31,19.9,0.626,0.0,0.781
1731068948.81,19.8,0.405,0.0,1.06
1731068949.31,19.8,0.308,0.0,1.51
1731068949.81,20.5,0.422,0.0,7.01
1731068950.31,19.8,0.453,0.0,0.848
1731068950.81,19.8,0.479,0.0,1.29
1731068951.31,19.9,0.426,0.0,1.25
1731068951.81,20.5,0.374,0.0,0.913
1731068952.31,19.8,0.597,0.0,0.709
1731068952.81,19.8,0.481,0.0,0.989
1731068953.31,19.8,0.494,0.0,1.43
1731068953.81,20.5,0.447,0.0,0.756
1731068954.31,19.8,0.484,0.0,1.25
1731068954.81,19.8,0.482,0.0,1.34
1731068955.31,19.8,0.51,0.0,2.29
1731068955.81,20.5,0.633,0.0,0.916
1731068956.31,19.8,0.567,0.0,3.86
1731068956.81,19.8,0.629,0.0,0.925
1731068957.31,19.8,0.495,0.0,0.872
1731068957.81,19.8,0.373,0.0,0.877
1731068958.31,20.5,0.442,0.0,1.12
1731068958.81,19.8,0.478,0.0,1.25
1731068959.31,19.8,0.481,0.0,0.895
1731068959.81,19.8,0.495,0.0,1.03
1731068960.31,20.5,0.436,0.0,1.19
1731068960.81,19.9,0.434,0.0,0.848
1731068961.31,19.8,0.452,0.0,4.93
1731068961.81,19.8,0.488,0.0,1.25
1731068962.31,20.5,0.676,0.0,1.74
1731068962.81,19.8,0.547,0.0,0.913
1731068963.31,19.8,0.625,0.0,0.904
1731068963.81,20.5,0.558,0.0,0.986
1731068964.31,19.8,0.618,0.0,1.24
1731068964.81,19.8,0.812,0.0,0.752
1731068965.31,19.9,0.762,0.0,1.15
1731068965.81,20.5,0.822,0.0,2.68
1731068966.31,19.8,0.446,0.0,2.72
1731068966.81,19.8,0.366,0.0,3.77
1731068967.31,19.8,0.355,0.0,1.34
1731068967.81,20.5,0.266,0.0,1.49
1731068968.31,19.9,0.25,0.0,1.65
1731068968.81,19.8,0.455,0.0,0.727
1731068969.31,19.8,0.417,0.0,0.823
1731068969.81,20.5,0.448,0.0,0.778
1731068970.31,19.8,0.433,0.0,0.81
1731068970.81,19.8,0.416,0.0,1.07
1731068971.31,19.8,0.365,0.0,0.891
1731068971.81,20.5,0.469,0.0,1.26
1731068972.31,19.9,0.411,0.0,1.8
1731068972.81,19.8,0.47,0.0,1.06
1731068973.31,19.8,0.57,0.0,1.09
1731068973.81,20.5,0.469,0.0,0.937
1731068974.31,19.8,0.628,0.0,1.41
1731068974.81,19.9,0.546,0.0,1.03
1731068975.31,19.8,0.671,0.0,6.17
1731068975.81,20.5,0.606,0.0,1.14
1731068976.31,19.8,0.623,0.0,1.03
1731068976.81,19.8,0.558,0.0,0.964
1731068977.31,19.9,0.698,0.0,1.45
1731068977.81,20.5,0.561,0.0,1.05
1731068978.31,19.9,0.602,0.0,0.988
1731068978.81,19.8,0.538,0.0,1.21
1731068979.31,19.8,0.516,0.0,0.943
1731068979.81,20.5,0.517,0.0,6.64
1731068980.31,19.9,0.511,0.0,0.802
1731068980.81,19.8,0.438,0.0,0.999
1731068981.31,19.8,0.5,0.0,1.14
1731068981.81,20.5,0.662,0.0,1.22
1731068982.31,19.8,0.447,0.0,0.938
1731068982.81,19.9,0.546,0.0,1.33
1731068983.31,19.8,0.53,0.0,0.849
1731068983.81,19.9,0.614,0.0,1.06
1731068984.31,20.5,0.552,0.0,1.41
1731068984.81,19.8,0.543,0.0,1.96
1731068985.31,19.8,0.583,0.0,2.51
1731068985.81,20.5,0.674,0.0,1.19
1731068986.31,19.9,0.745,0.0,1.31
1731068986.81,19.8,0.696,0.0,1.43
1731068987.31,19.8,0.636,0.0,1.0
1731068987.81,19.8,0.312,0.0,0.731
1731068988.31,20.5,0.296,0.0,1.3
1731068988.81,19.8,0.255,0.0,1.65
1731068989.31,19.9,0.435,0.0,1.0
1731068989.81,19.8,0.379,0.0,0.822
1731068990.31,20.4,0.285,0.0,0.728
1731068990.81,19.9,0.317,0.0,0.808
1731068991.31,19.8,0.393,0.0,1.09
1731068991.81,20.5,0.382,0.0,1.05
1731068992.31,19.8,0.391,0.0,0.892
1731068992.81,19.2,0.343,0.032,6.84
1731068993.31,19.8,0.414,0.0,0.729
1731068993.81,20.5,0.363,0.0,5.47
1731068994.31,19.8,0.356,0.0,1.77
1731068994.81,19.8,0.392,0.0,0.919
1731068995.31,19.9,0.378,0.0,0.859
1731068995.81,20.5,0.38,0.0,0.974
1731068996.31,19.9,0.493,0.0,1.02
1731068996.81,19.8,0.497,0.0,0.889
1731068997.31,19.8,0.623,0.0,0.91
1731068997.81,20.5,0.799,0.0,1.4
1731068998.31,19.8,0.535,0.0,0.793
1731068998.81,19.8,0.64,0.0,0.746
1731068999.31,19.8,0.776,0.0,0.873
1731068999.81,20.5,0.641,0.0,1.39
1731069000.31,19.9,0.654,0.0,6.8
1731069000.81,19.8,0.5,0.0,0.887
1731069001.31,19.8,0.426,0.0,1.19
1731069001.81,20.5,0.624,0.0,1.51
1731069002.31,19.8,0.511,0.0,0.697
1731069002.81,19.9,0.448,0.0,0.994
1731069003.31,19.8,0.457,0.0,1.38
1731069003.81,20.5,0.494,0.0,1.17
1731069004.31,19.9,0.839,0.0,1.49
1731069004.81,19.2,0.717,0.032,5.67
1731069005.31,19.8,0.563,0.0,0.914
1731069005.81,20.5,0.558,0.0,1.05
1731069006.31,19.8,0.638,0.0,1.56
1731069006.81,19.2,1.195,0.032,0.891
1731069007.31,19.8,0.835,0.0,0.923
1731069007.81,19.8,1.07,0.0,0.858
1731069008.31,20.5,0.957,0.0,0.897
1731069008.81,19.8,1.245,0.0,1.41
1731069009.31,19.8,0.556,0.0,1.16
1731069009.81,20.5,0.452,0.0,1.57
1731069010.31,19.8,0.592,0.0,1.42
1731069010.81,19.8,0.438,0.0,8.74
1731069011.31,19.8,0.466,0.0,1.11
1731069011.81,20.5,0.54,0.0,0.81
1731069012.31,19.8,0.597,0.0,0.849
1731069012.81,19.8,0.501,0.0,1.19
1731069013.31,19.8,0.362,0.0,1.03
1731069013.81,19.9,0.445,0.0,1.07
1731069014.31,20.5,1.575,0.0,0.944
1731069014.81,19.8,0.608,0.0,0.832
1731069015.31,19.8,0.383,0.0,0.93
1731069015.81,20.5,0.493,0.0,1.46
1731069016.31,19.2,0.551,0.032,2.04
1731069016.81,19.9,0.465,0.0,0.997
1731069017.31,19.8,0.624,0.0,0.815
1731069017.81,20.5,0.544,0.0,1.23
1731069018.31,19.8,0.53,0.0,1.52
1731069018.81,19.8,0.551,0.0,0.898
1731069019.31,19.8,0.549,0.0,1.05
1731069019.81,20.5,0.537,0.0,1.49
1731069020.31,19.8,0.562,0.0,1.07
1731069020.81,19.8,1.291,0.0,0.867
1731069021.31,19.8,0.628,0.0,1.04
1731069021.81,19.8,0.401,0.0,1.06
1731069022.31,20.5,0.509,0.0,0.916
1731069022.81,19.8,0.544,0.0,7.29
1731069023.31,19.8,0.685,0.0,1.01
1731069023.81,20.5,0.457,0.0,0.881
1731069024.31,19.8,0.536,0.0,0.848
1731069024.81,19.8,0.449,0.0,0.777
1731069025.31,19.8,0.629,0.0,0.957
1731069025.81,20.5,0.509,0.0,1.41
1731069026.31,19.8,0.567,0.0,1.83
1731069026.81,19.9,0.573,0.0,0.951
1731069027.31,19.8,0.608,0.0,1.05
1731069027.81,20.5,0.589,0.0,0.867
1731069028.31,19.8,0.597,0.0,0.883
1731069028.81,19.9,0.645,0.0,1.81
1731069029.31,19.8,0.663,0.0,0.732
1731069029.81,20.5,0.763,0.0,1.49
1731069030.31,19.8,0.83,0.0,1.16
1731069030.81,19.8,0.367,0.0,0.928
1731069031.31,19.8,0.491,0.0,1.03
1731069031.81,20.5,0.354,0.0,0.869
1731069032.31,19.8,0.263,0.0,0.923
1731069032.81,19.8,0.347,0.0,0.953
1731069033.31,19.9,0.389,0.0,3.0
1731069033.81,20.5,0.313,0.0,0.909
1731069034.31,19.8,0.52,0.0,1.05
1731069034.81,19.8,0.448,0.0,0.846
1731069035.31,19.8,0.365,0.0,0.848
1731069035.81,19.9,0.379,0.0,0.794
1731069036.31,20.5,0.385,0.0,0.713
1731069036.81,19.8,0.379,0.0,1.23
1731069037.31,19.9,0.465,0.0,1.42
1731069037.81,20.5,0.529,0.0,0.863
1731069038.31,19.8,0.565,0.0,1.09
1731069038.81,19.8,0.439,0.0,1.46
1731069039.31,19.8,0.6,0.0,7.18
1731069039.81,20.5,0.594,0.0,0.804
1731069040.31,19.8,0.599,0.0,2.45
1731069040.81,19.9,0.643,0.0,3.38
1731069041.31,19.8,0.729,0.0,2.21
1731069041.81,20.5,0.571,0.0,0.862
1731069042.31,19.8,0.565,0.0,0.796
1731069042.81,19.8,0.514,0.0,1.01
1731069043.31,19.9,0.352,0.0,1.15
1731069043.81,20.5,0.395,0.0,0.885
1731069044.31,19.8,0.569,0.0,1.31
1731069044.81,19.8,0.436,0.0,1.45
1731069045.31,19.8,0.436,0.0,2.06
1731069045.81,19.8,0.53,0.0,0.926
1731069046.31,20.5,0.442,0.0,0.838
1731069046.81,19.8,0.567,0.0,1.08
1731069047.31,19.8,0.555,0.0,1.76
1731069047.81,20.5,0.474,0.0,0.712
1731069048.31,19.8,0.526,0.0,0.871
1731069048.81,19.8,0.732,0.0,0.821
1731069049.31,19.8,0.62,0.0,1.06
1731069049.81,20.5,0.605,0.0,1.2
1731069050.31,19.8,0.659,0.0,0.922
1731069050.81,19.8,0.86,0.0,1.09
1731069051.31,19.8,0.548,0.0,0.924
1731069051.81,19.8,0.255,0.0,0.893
1731069052.31,20.5,0.282,0.0,0.862
1731069052.81,19.9,0.318,0.0,4.93
1731069053.31,19.8,0.301,0.0,1.13
1731069053.81,20.5,0.321,0.0,0.936
1731069054.31,19.9,0.252,0.0,1.07
1731069054.81,19.8,0.276,0.0,0.831
1731069055.31,19.8,0.376,0.0,0.936
1731069055.81,20.5,0.371,0.0,1.04
1731069056.31,19.8,0.349,0.0,1.3
1731069056.81,19.8,0.338,0.0,0.72
1731069057.31,19.9,0.481,0.0,1.08
1731069057.81,20.5,0.463,0.0,0.969
1731069058.31,19.8,0.576,0.0,1.03
1731069058.81,19.8,0.43,0.0,1.1
1731069059.31,19.8,0.435,0.0,6.74
1731069059.81,19.8,0.456,0.031,0.82
1731069060.31,19.8,0.561,0.0,1.53
1731069060.81,19.8,0.514,0.0,6.63
1731069061.31,19.8,0.505,0.0,0.884
1731069061.81,20.5,0.562,0.0,1.29
1731069062.31,19.8,0.516,0.0,1.9
1731069062.81,19.8,0.619,0.0,1.09
1731069063.31,19.8,0.696,0.0,1.81
1731069063.81,19.8,0.891,0.0,1.58
1731069064.31,20.5,1.378,0.0,1.42
1731069064.81,19.8,0.934,0.0,2.72
1731069065.31,19.8,0.703,0.0,6.87
1731069065.81,20.5,1.148,0.0,3.09
1731069066.31,19.8,0.547,0.0,4.09
1731069066.81,19.8,0.529,0.0,1.29
1731069067.31,19.8,0.497,0.0,0.833
1731069067.81,20.5,0.533,0.0,3.07
1731069068.31,19.8,0.62,0.0,3.21
1731069068.81,19.9,0.64,0.0,1.88
1731069069.31,19.8,1.084,0.0,1.54
1731069069.81,20.5,0.692,0.0,1.96
1731069070.31,19.9,0.637,0.0,7.58
1731069070.81,19.8,0.655,0.0,0.882
1731069071.31,19.8,0.683,0.0,0.968
1731069071.81,20.5,0.655,0.0,0.819
1731069072.31,19.8,0.738,0.0,0.988
1731069072.81,19.8,0.551,0.0,1.41
1731069073.31,19.8,0.283,0.0,0.851
1731069073.81,20.4,0.363,0.0,0.867
1731069074.31,19.9,0.488,0.0,1.06
1731069074.81,19.8,0.351,0.0,1.49
1731069075.31,19.9,0.436,0.0,2.04
1731069075.81,20.5,0.581,0.0,0.876
1731069076.31,19.8,0.434,0.0,0.738
1731069076.81,19.8,0.351,0.0,1.42
1731069077.31,19.8,0.287,0.0,1.92
1731069077.81,19.8,0.379,0.0,1.43
1731069078.31,20.5,0.451,0.0,1.47
1731069078.81,19.8,0.477,0.0,1.28
1731069079.31,19.8,0.351,0.0,0.984
1731069079.81,20.5,0.362,0.0,1.14
1731069080.31,19.8,0.484,0.0,0.985
1731069080.81,19.8,0.457,0.0,0.956
1731069081.31,19.8,0.476,0.0,0.976
1731069081.81,19.8,0.694,0.0,0.915
1731069082.31,20.5,0.474,0.0,9.39
1731069082.81,19.8,0.458,0.0,2.49
1731069083.31,19.8,0.697,0.0,3.62
1731069083.81,20.5,0.823,0.0,2.61
1731069084.31,19.8,0.545,0.0,2.54
1731069084.81,19.8,0.582,0.0,2.27
1731069085.31,19.8,0.794,0.0,2.55
1731069085.81,19.8,0.55,0.0,2.72
1731069086.31,20.5,0.766,0.0,4.09
1731069086.81,19.8,0.447,0.0,8.65
1731069087.31,19.9,0.491,0.0,0.837
1731069087.81,20.5,0.73,0.0,1.45
1731069088.31,19.8,0.629,0.0,6.61
1731069088.81,19.8,0.475,0.0,1.13
1731069089.31,19.8,0.708,0.0,1.6
1731069089.81,20.5,0.582,0.0,1.3
1731069090.31,19.8,0.573,0.0,0.905
1731069090.81,19.8,0.577,0.0,1.29
1731069091.31,19.8,0.905,0.0,1.59
1731069091.81,20.5,0.617,0.0,0.961
1731069092.31,19.8,0.571,0.0,1.25
1731069092.81,19.8,0.703,0.0,3.64
1731069093.31,19.8,0.872,0.0,0.963
1731069093.81,20.5,0.826,0.0,0.865
1731069094.31,19.9,0.542,0.0,0.885
1731069094.81,19.8,0.434,0.0,0.898
1731069095.31,19.8,0.565,0.0,0.8
1731069095.81,20.5,0.388,0.0,0.988
1731069096.31,19.8,0.491,0.0,1.16
1731069096.81,19.8,0.49,0.0,0.9
1731069097.31,19.8,0.729,0.0,1.13
1731069097.81,20.5,0.332,0.0,0.922
1731069098.31,19.8,0.361,0.0,0.866
1731069098.81,19.8,0.381,0.0,1.45
1731069099.31,19.9,0.451,0.0,1.05
1731069099.81,20.5,0.341,0.0,7.56
1731069100.31,19.8,0.542,0.0,0.855
1731069100.81,19.8,0.677,0.0,0.732
1731069101.31,19.8,0.64,0.0,0.994
1731069101.81,20.5,0.472,0.0,1.46
1731069102.31,19.8,0.662,0.0,0.803
1731069102.81,19.8,0.476,0.0,0.82
1731069103.31,19.9,0.681,0.0,1.04
1731069103.81,20.5,0.49,0.0,1.03
1731069104.31,19.2,0.506,0.032,0.844
1731069104.81,19.8,0.544,0.0,0.736
1731069105.31,19.8,0.562,0.0,0.85
1731069105.81,20.5,0.625,0.0,1.07
1731069106.31,19.8,0.555,0.0,1.85
1731069106.81,19.8,0.678,0.0,2.19
1731069107.31,19.8,0.461,0.0,3.18
1731069107.81,20.5,0.724,0.0,3.74
1731069108.31,19.8,0.43,0.0,3.16
1731069108.81,19.8,1.213,0.0,11.7
1731069109.31,19.8,0.755,0.0,2.44
1731069109.81,20.5,0.698,0.0,1.06
1731069110.31,19.8,0.593,0.0,1.49
1731069110.81,19.8,0.513,0.0,1.77
1731069111.31,19.2,0.664,0.032,1.68
1731069111.81,19.9,0.539,0.0,0.765
1731069112.31,20.5,0.595,0.0,5.48
1731069112.81,19.8,0.735,0.0,1.64
1731069113.31,19.8,0.666,0.0,0.98
1731069113.81,20.5,0.707,0.0,0.863
1731069114.31,19.8,0.741,0.0,1.25
1731069114.81,19.8,0.668,0.0,1.11
1731069115.31,19.8,0.642,0.0,0.895
1731069115.81,19.9,0.512,0.0,1.29
1731069116.31,20.5,0.3,0.0,0.708
1731069116.81,19.8,0.4,0.0,1.39
1731069117.31,19.8,0.352,0.0,1.63
1731069117.81,20.5,0.419,0.0,1.33
1731069118.31,19.8,0.352,0.0,1.03
1731069118.81,19.9,0.447,0.0,1.12
1731069119.31,19.8,0.338,0.0,1.68
1731069119.81,19.8,0.537,0.0,1.23
1731069120.31,20.5,0.341,0.0,0.859
1731069120.81,19.8,0.326,0.0,1.03
1731069121.31,19.8,0.35,0.0,1.38
1731069121.81,19.8,0.509,0.0,0.856
1731069122.31,20.5,0.489,0.0,0.877
1731069122.81,19.8,0.389,0.0,0.643
1731069123.31,19.9,0.668,0.0,0.848
1731069123.81,20.5,0.523,0.0,0.791
1731069124.31,19.8,0.662,0.0,0.808
1731069124.81,19.8,0.546,0.0,0.825
1731069125.31,19.8,0.51,0.0,0.647
1731069125.81,20.5,0.909,0.0,1.25
1731069126.31,19.8,0.732,0.0,1.42
1731069126.81,19.8,0.591,0.0,1.16
1731069127.31,19.8,0.599,0.0,1.32
1731069127.81,20.5,0.758,0.0,5.03
1731069128.31,19.8,0.529,0.0,1.11
1731069128.81,19.8,0.387,0.0,1.1
1731069129.31,19.8,0.466,0.0,0.912
1731069129.81,20.5,0.504,0.0,1.07
1731069130.31,19.8,0.458,0.0,0.846
1731069130.81,19.8,0.63,0.0,1.02
1731069131.31,19.8,0.573,0.0,1.38
1731069131.81,20.5,0.708,0.0,0.73
1731069132.31,19.8,0.649,0.0,1.21
1731069132.81,19.8,0.595,0.0,1.84
1731069133.31,19.8,0.662,0.0,7.62
1731069133.81,20.5,0.607,0.0,1.17
1731069134.31,19.9,0.566,0.0,0.871
1731069134.81,19.8,0.769,0.0,1.16
1731069135.31,19.8,0.716,0.0,1.34
1731069135.81,20.5,0.766,0.0,1.54
1731069136.31,19.2,0.675,0.032,1.34
1731069136.81,19.9,0.507,0.0,1.56
1731069137.31,19.8,0.403,0.0,1.49
1731069137.81,20.5,0.386,0.0,4.97
1731069138.31,19.8,0.336,0.0,1.22
1731069138.81,19.8,0.805,0.0,1.11
1731069139.31,19.8,0.431,0.0,2.24
1731069139.81,20.5,0.431,0.0,0.968
1731069140.31,19.8,0.391,0.0,1.17
1731069140.81,19.9,0.441,0.0,0.846
1731069141.31,19.8,0.376,0.0,0.966
1731069141.81,20.5,0.347,0.0,1.13
1731069142.31,19.8,0.377,0.0,1.11
1731069142.81,19.8,0.374,0.0,7.13
1731069143.31,19.8,0.551,0.0,1.08
1731069143.81,20.5,0.361,0.0,0.863
1731069144.31,19.8,0.423,0.0,0.858
1731069144.81,19.9,0.505,0.0,0.853
1731069145.31,19.8,0.695,0.0,0.647
1731069145.81,20.5,0.863,0.0,2.39
1731069146.31,19.8,0.873,0.0,1.63
1731069146.81,19.8,0.612,0.0,1.87
1731069147.31,19.8,0.592,0.0,0.869
1731069147.81,20.5,0.683,0.0,0.771
1731069148.31,19.8,0.556,0.0,4.5
1731069148.81,19.8,0.574,0.0,0.869
1731069149.31,19.8,0.736,0.0,0.905
1731069149.81,19.8,0.4,0.0,1.48
1731069150.31,20.5,0.391,0.0,1.35
1731069150.81,19.8,0.479,0.0,0.836
1731069151.31,19.8,0.78,0.0,1.09
1731069151.81,19.9,0.568,0.0,6.94
1731069152.31,20.5,0.606,0.0,1.4
1731069152.81,19.8,0.731,0.0,2.33
1731069153.31,19.8,0.519,0.0,1.39
1731069153.81,20.5,0.568,0.0,2.71
1731069154.31,19.8,0.521,0.0,1.93
1731069154.81,19.8,0.831,0.0,0.825
1731069155.31,19.8,0.63,0.0,0.99
1731069155.81,20.5,0.806,0.0,1.35
1731069156.31,19.8,0.615,0.0,0.746
1731069156.81,19.8,0.842,0.0,1.14
1731069157.31,19.8,0.716,0.0,3.52
1731069157.81,20.5,0.702,0.0,0.826
1731069158.31,19.8,0.504,0.0,0.928
1731069158.81,19.8,0.483,0.0,1.38
1731069159.31,19.8,0.43,0.0,0.773
1731069159.81,20.5,0.327,0.0,1.19
1731069160.31,19.9,0.345,0.0,1.6
1731069160.81,19.8,0.683,0.0,0.824
1731069161.31,19.8,0.491,0.0,1.11
1731069161.81,20.5,0.429,0.0,1.36
1731069162.31,19.8,0.347,0.0,7.33
1731069162.81,19.9,0.541,0.0,0.896
1731069163.31,19.8,0.787,0.0,0.831
1731069163.81,20.5,0.422,0.0,0.965
1731069164.31,19.8,0.364,0.0,1.16
1731069164.81,19.8,0.56,0.0,0.903
1731069165.31,19.8,0.445,0.0,1.08
1731069165.81,20.5,0.427,0.0,1.2
1731069166.31,19.8,0.507,0.0,0.932
1731069166.81,19.8,0.451,0.0,0.796
1731069167.31,19.8,0.586,0.0,1.52
1731069167.81,20.5,0.654,0.0,1.4
1731069168.31,19.8,0.563,0.0,1.93
1731069168.81,19.8,0.576,0.0,0.839
1731069169.31,19.8,0.733,0.0,1.11
1731069169.81,20.5,1.047,0.0,1.53
1731069170.31,19.9,0.752,0.0,1.2
1731069170.81,19.8,0.505,0.0,1.45
1731069171.31,19.8,0.387,0.0,1.67
1731069171.81,20.5,0.562,0.0,1.26
1731069172.31,19.9,0.553,0.0,1.95
1731069172.81,19.8,0.873,0.0,1.73
1731069173.31,19.8,0.601,0.0,1.33
1731069173.81,20.4,0.646,0.0,8.89
1731069174.31,19.9,0.59,0.0,1.4
1731069174.81,19.8,0.765,0.0,1.14
1731069175.31,19.8,0.594,0.0,0.927
1731069175.81,20.5,0.618,0.0,0.782
1731069176.31,19.8,0.674,0.0,1.98
1731069176.81,19.8,0.573,0.0,3.97
1731069177.31,19.8,0.676,0.0,2.88
1731069177.81,20.5,1.014,0.0,3.17
1731069178.31,19.8,0.706,0.0,0.907
1731069178.81,19.8,0.774,0.0,0.85
1731069179.31,19.8,0.666,0.0,1.1
1731069179.81,19.8,0.419,0.0,1.36
1731069180.31,20.5,0.354,0.0,0.779
1731069180.81,19.8,0.482,0.0,2.05
1731069181.31,19.8,0.345,0.0,1.06
1731069181.81,20.5,0.381,0.0,1.05
1731069182.31,19.8,0.411,0.0,0.899
1731069182.81,19.8,0.286,0.0,0.999
1731069183.31,19.8,0.316,0.0,0.999
1731069183.81,20.5,0.411,0.0,0.834
1731069184.31,19.8,0.293,0.0,0.996
1731069184.81,19.8,0.34,0.0,2.87
1731069185.31,19.8,0.474,0.0,0.827
1731069185.81,20.5,0.443,0.0,0.787
1731069186.31,19.8,0.553,0.0,1.08
1731069186.81,19.8,0.396,0.0,1.3
1731069187.31,19.8,0.44,0.0,0.834
1731069187.81,20.5,0.438,0.0,1.16
1731069188.31,19.8,0.645,0.0,1.16
1731069188.81,19.8,0.696,0.0,0.913
1731069189.31,19.8,0.658,0.0,0.82
1731069189.81,20.5,0.511,0.0,1.1
1731069190.31,19.8,0.54,0.0,1.43
1731069190.81,19.8,0.7,0.0,7.29
1731069191.31,19.8,0.889,0.0,0.996
1731069191.81,20.5,0.617,0.0,0.775
1731069192.31,19.8,0.654,0.0,1.06
1731069192.81,19.8,0.388,0.0,1.07
1731069193.31,19.8,0.41,0.0,0.817
1731069193.81,20.5,0.488,0.0,1.0
1731069194.31,19.8,0.419,0.0,1.41
1731069194.81,19.8,0.422,0.0,0.855
1731069195.31,19.8,0.536,0.0,0.912
1731069195.81,20.5,0.652,0.0,0.824
1731069196.31,19.8,0.536,0.0,1.04
1731069196.81,19.8,0.469,0.0,1.29
1731069197.31,19.8,0.563,0.0,2.1
1731069197.81,20.5,0.558,0.0,0.852
1731069198.31,19.8,0.603,0.0,0.77
1731069198.81,19.8,0.546,0.0,0.789
1731069199.31,19.8,0.605,0.0,0.808
1731069199.81,20.5,0.616,0.0,1.05
1731069200.31,19.8,0.795,0.0,1.35
1731069200.81,19.8,0.5,0.0,0.755
1731069201.31,19.8,0.275,0.0,1.69
1731069201.81,20.5,0.456,0.0,0.838
1731069202.31,19.8,0.371,0.0,0.766
1731069202.81,19.8,0.62,0.0,3.33
1731069203.31,19.8,0.381,0.0,1.25
1731069203.81,20.5,0.351,0.0,0.7
1731069204.31,19.8,0.333,0.0,0.98
1731069204.81,19.2,0.481,0.032,1.21
1731069205.31,19.8,0.392,0.0,0.782
1731069205.81,20.5,0.321,0.0,5.97
1731069206.31,19.8,0.395,0.0,0.883
1731069206.81,19.8,0.421,0.0,4.93
1731069207.31,19.2,0.275,0.032,1.23
1731069207.81,20.5,0.461,0.0,0.922
1731069208.31,19.8,0.45,0.0,0.868
1731069208.81,19.8,1.167,0.0,0.794
1731069209.31,19.8,0.533,0.0,1.06
1731069209.81,20.5,0.646,0.0,1.39
1731069210.31,19.8,0.496,0.0,0.869
1731069210.81,19.8,0.455,0.0,0.998
1731069211.31,19.8,0.549,0.0,1.37
1731069211.81,20.5,0.641,0.0,0.867
1731069212.31,19.8,0.615,0.0,0.849
1731069212.81,19.8,0.821,0.0,1.01
1731069213.31,19.8,0.711,0.0,1.39
1731069213.81,19.8,0.407,0.0,0.781
1731069214.31,20.5,0.457,0.0,1.11
1731069214.81,19.8,0.555,0.0,1.59
1731069215.31,19.8,0.489,0.0,0.748
1731069215.81,19.8,0.696,0.031,1.01
1731069216.31,19.8,0.628,0.0,1.29
1731069216.81,19.8,0.632,0.0,0.797
1731069217.31,19.8,0.551,0.0,1.34
1731069217.81,20.5,0.594,0.0,2.9
1731069218.31,19.8,0.588,0.0,0.82
1731069218.81,19.8,0.686,0.0,1.01
1731069219.31,19.8,0.629,0.0,1.44
1731069219.81,20.5,0.656,0.0,1.06
1731069220.31,19.8,0.621,0.0,1.36
1731069220.81,19.2,1.052,0.032,0.838
1731069221.31,19.8,0.842,0.0,1.71
1731069221.81,20.5,0.748,0.0,1.11
1731069222.31,19.8,1.119,0.0,0.842
1731069222.81,19.8,0.367,0.0,0.952
1731069223.31,19.8,0.371,0.0,1.13
1731069223.81,20.5,0.319,0.0,7.14
1731069224.31,19.8,0.243,0.0,0.833
1731069224.81,19.8,0.317,0.0,0.977
1731069225.31,19.8,0.368,0.0,1.48
1731069225.81,20.5,0.328,0.0,0.76
1731069226.31,19.8,0.415,0.0,0.798
1731069226.81,19.8,0.437,0.0,0.97
1731069227.31,19.8,0.669,0.0,0.872
1731069227.81,20.5,0.501,0.0,0.775
1731069228.31,19.8,0.461,0.0,0.781
1731069228.81,19.8,0.41,0.0,0.803
1731069229.31,19.8,0.425,0.0,1.24
1731069229.81,20.5,0.438,0.0,1.24
1731069230.31,19.8,0.746,0.0,0.836
1731069230.81,19.8,0.453,0.0,1.1
1731069231.31,19.8,0.716,0.0,1.6
1731069231.81,20.5,0.698,0.0,2.48
1731069232.31,19.8,0.694,0.0,1.16
1731069232.81,19.8,0.521,0.0,1.1
1731069233.31,19.8,0.583,0.0,1.25
1731069233.81,20.5,0.514,0.0,1.03
1731069234.31,19.8,0.595,0.0,1.1
1731069234.81,19.8,0.626,0.0,0.959
1731069235.31,19.8,0.696,0.0,0.871
1731069235.81,20.5,0.426,0.0,1.05
1731069236.31,19.8,0.547,0.0,1.09
1731069236.81,19.8,0.461,0.0,0.966
1731069237.31,19.8,0.662,0.0,7.63
1731069237.81,20.5,0.63,0.0,0.907
1731069238.31,19.8,0.74,0.0,0.963
1731069238.81,19.8,0.618,0.0,1.12
1731069239.31,19.8,0.788,0.0,0.826
1731069239.81,20.5,0.687,0.0,0.996
1731069240.31,19.8,0.518,0.0,1.09
1731069240.81,19.8,0.677,0.0,0.911
1731069241.31,19.8,0.753,0.0,0.924
1731069241.81,20.5,0.714,0.0,0.866
1731069242.31,19.8,0.61,0.0,0.859
1731069242.81,19.8,0.65,0.0,2.27
1731069243.31,19.8,0.455,0.0,1.12
1731069243.81,19.8,0.329,0.0,0.826
1731069244.31,19.8,0.273,0.031,0.77
1731069244.81,19.8,0.407,0.0,1.02
1731069245.31,19.8,0.308,0.0,1.1
1731069245.81,20.5,0.529,0.0,0.721
1731069246.31,19.8,0.445,0.0,0.718
1731069246.81,19.8,0.422,0.0,0.991
1731069247.31,19.8,0.411,0.0,1.48
1731069247.81,19.8,0.35,0.0,0.825
1731069248.31,20.5,0.394,0.0,1.18
1731069248.81,19.8,0.553,0.0,2.97
1731069249.31,19.8,0.435,0.0,0.811
1731069249.81,19.8,0.578,0.0,0.954
1731069250.31,20.5,0.503,0.0,1.08
1731069250.81,19.8,0.476,0.0,0.991
1731069251.31,19.8,0.521,0.0,0.882
1731069251.81,20.5,0.675,0.0,0.799
1731069252.31,19.8,0.559,0.0,1.01
1731069252.81,19.8,0.501,0.0,1.48
1731069253.31,19.8,0.507,0.0,1.0
1731069253.81,19.8,0.525,0.0,0.974
1731069254.31,20.5,0.593,0.0,0.733
1731069254.81,19.8,0.626,0.0,1.08
1731069255.31,19.8,0.626,0.0,1.89
1731069255.81,20.5,0.64,0.0,8.12
1731069256.31,19.8,0.462,0.0,1.21
1731069256.81,19.8,0.386,0.0,0.956
1731069257.31,19.8,0.456,0.0,1.21
1731069257.81,20.5,0.63,0.0,1.7
1731069258.31,19.8,0.522,0.0,1.32
1731069258.81,19.8,0.45,0.0,1.28
1731069259.31,19.8,0.644,0.0,0.865
1731069259.81,20.5,0.527,0.0,0.965
1731069260.31,19.8,0.541,0.0,1.37
1731069260.81,19.8,0.647,0.0,1.87
1731069261.31,19.8,0.522,0.0,0.866
1731069261.81,19.8,0.567,0.0,1.07
1731069262.31,20.5,0.588,0.0,1.39
1731069262.81,19.8,0.586,0.0,0.825
1731069263.31,19.8,0.689,0.0,0.844
1731069263.81,20.5,0.61,0.0,0.794
1731069264.31,19.8,0.642,0.0,0.907
1731069264.81,19.8,0.62,0.0,1.02
1731069265.31,19.8,0.333,0.0,1.31
1731069265.81,20.5,0.342,0.0,0.674
1731069266.31,19.8,0.372,0.0,1.03
1731069266.81,19.8,0.54,0.0,1.33
1731069267.31,19.2,0.568,0.032,1.03
1731069267.81,20.5,0.402,0.0,6.77
1731069268.31,19.8,0.376,0.0,0.916
1731069268.81,19.8,0.526,0.0,0.872
1731069269.31,19.8,0.514,0.0,1.89
1731069269.81,19.8,0.393,0.0,1.42
1731069270.31,20.5,0.305,0.0,1.11
1731069270.81,19.8,0.47,0.0,0.896
1731069271.31,19.8,0.444,0.0,1.31
1731069271.81,19.8,0.427,0.0,1.35
1731069272.31,20.5,0.603,0.0,3.72
1731069272.81,18.6,4.184,0.065,1.09
1731069273.31,19.8,1.036,0.0,32.2
1731069273.81,20.5,0.745,0.0,1.84
1731069274.31,19.8,0.616,0.0,1.25
1731069274.81,19.8,0.681,0.0,1.1
1731069275.31,19.8,0.52,0.0,1.31
1731069275.81,20.5,0.539,0.0,1.14
1731069276.31,19.8,0.604,0.0,0.996
1731069276.81,19.8,0.582,0.0,3.46
1731069277.31,19.8,0.562,0.0,7.86
1731069277.81,19.2,0.396,0.032,1.35
1731069278.31,20.5,0.423,0.0,1.19
1731069278.81,19.8,0.46,0.0,1.08
1731069279.31,19.8,0.431,0.0,0.83
1731069279.81,20.5,0.51,0.0,0.824
1731069280.31,19.8,0.635,0.0,0.839
1731069280.81,19.8,0.653,0.0,1.01
1731069281.31,19.8,0.678,0.0,1.34
1731069281.81,20.5,0.531,0.0,0.959
1731069282.31,19.8,0.553,0.0,0.995
1731069282.81,19.8,0.804,0.0,1.02
1731069283.31,19.8,0.762,0.0,0.903
1731069283.81,20.5,0.708,0.0,0.942
1731069284.31,19.8,0.813,0.0,0.954
1731069284.81,19.8,0.662,0.0,1.27
1731069285.31,19.8,0.751,0.0,0.823
1731069285.81,20.5,0.799,0.0,1.46
1731069286.31,19.8,0.655,0.0,0.892
1731069286.81,19.8,0.344,0.0,3.15
1731069287.31,19.8,0.317,0.0,1.06
1731069287.81,20.5,0.387,0.0,0.921
1731069288.31,19.8,0.451,0.0,0.91
1731069288.81,19.8,0.438,0.0,0.848
1731069289.31,19.8,0.478,0.0,1.02
1731069289.81,20.5,0.404,0.0,1.04
1731069290.31,19.8,0.39,0.0,2.47
1731069290.81,19.8,0.479,0.0,0.84
1731069291.31,19.8,0.379,0.0,1.25
1731069291.81,20.5,0.301,0.0,1.31
1731069292.31,19.8,0.482,0.0,0.876
1731069292.81,19.8,0.521,0.0,1.79
1731069293.31,19.8,0.528,0.0,0.847
1731069293.81,20.5,0.531,0.0,1.0
1731069294.31,19.8,0.425,0.0,1.17
1731069294.81,19.8,0.434,0.0,1.05
1731069295.31,19.8,0.524,0.0,1.05
1731069295.81,20.5,0.507,0.0,0.793
1731069296.31,19.8,0.545,0.0,0.951
1731069296.81,19.8,0.645,0.0,1.39
1731069297.31,19.8,0.786,0.0,0.979
1731069297.81,19.8,0.598,0.031,8.42
1731069298.31,19.8,0.543,0.0,2.63
1731069298.81,19.8,0.457,0.0,2.64
1731069299.31,19.8,0.554,0.0,3.06
1731069299.81,20.5,0.435,0.0,3.52
1731069300.31,19.8,0.405,0.0,2.64
1731069300.81,19.8,0.411,0.0,1.26
1731069301.31,19.8,0.519,0.0,1.11
1731069301.81,20.5,0.611,0.0,0.845
1731069302.31,19.8,0.466,0.0,0.909
1731069302.81,19.8,0.695,0.0,1.35
1731069303.31,19.8,0.626,0.0,2.35
1731069303.81,20.5,0.519,0.0,1.78
1731069304.31,19.8,0.715,0.0,1.83
1731069304.81,19.8,0.6,0.0,1.74
1731069305.31,19.8,0.577,0.0,1.98
1731069305.81,20.5,0.853,0.0,1.95
1731069306.31,19.8,0.678,0.0,2.01
1731069306.81,19.8,0.82,0.0,1.51
1731069307.31,19.8,0.564,0.0,1.37
1731069307.81,19.8,0.381,0.0,7.94
1731069308.31,20.5,0.254,0.0,2.68
1731069308.81,19.8,0.367,0.0,1.23
1731069309.31,19.8,0.268,0.0,1.95
1731069309.81,20.5,0.412,0.0,1.2
1731069310.31,19.8,0.303,0.0,1.92
1731069310.81,19.8,0.399,0.0,1.91
1731069311.31,19.8,0.474,0.0,1.99
1731069311.81,19.8,0.323,0.0,1.08
1731069312.31,19.8,0.462,0.031,7.08
1731069312.81,19.8,0.319,0.0,0.899
1731069313.31,19.8,0.481,0.0,0.681
1731069313.81,20.5,0.373,0.0,0.736
1731069314.31,19.8,0.37,0.0,1.29
1731069314.81,19.8,0.417,0.0,3.17
1731069315.31,19.8,0.405,0.0,2.63
1731069315.81,20.5,0.507,0.0,2.23
1731069316.31,19.8,0.468,0.0,1.67
1731069316.81,19.8,0.452,0.0,1.3
1731069317.31,19.8,0.67,0.0,1.06
1731069317.81,20.5,0.644,0.0,0.733
1731069318.31,19.8,0.589,0.0,0.819
1731069318.81,19.8,0.637,0.0,1.47
1731069319.31,19.8,0.705,0.0,1.75
1731069319.81,20.5,0.657,0.0,1.64
1731069320.31,19.8,0.511,0.0,0.958
1731069320.81,19.8,0.461,0.0,1.35
1731069321.31,19.8,0.638,0.0,1.17
1731069321.81,20.5,0.454,0.0,1.27
1731069322.31,19.8,0.448,0.0,1.07
1731069322.81,19.8,0.492,0.0,0.9
1731069323.31,19.8,0.461,0.0,0.948
1731069323.81,20.5,0.546,0.0,1.28
1731069324.31,19.8,0.734,0.0,0.787
1731069324.81,19.8,0.631,0.0,1.28
1731069325.31,19.8,0.569,0.0,1.48
1731069325.81,20.5,0.884,0.0,1.3
1731069326.31,19.8,0.733,0.0,7.95
1731069326.81,19.8,0.892,0.0,2.41
1731069327.31,19.8,0.706,0.0,1.58
1731069327.81,20.5,0.99,0.0,1.46
1731069328.31,19.8,0.71,0.0,1.6
1731069328.81,19.8,0.54,0.0,1.41
1731069329.31,19.2,0.337,0.032,1.25
1731069329.81,20.5,0.431,0.0,0.749
1731069330.31,19.8,0.464,0.0,1.14
1731069330.81,19.8,0.451,0.0,1.71
1731069331.31,19.8,0.333,0.0,0.971
1731069331.81,20.5,0.537,0.0,1.08
1731069332.31,19.8,0.731,0.0,0.874
1731069332.81,19.8,0.449,0.0,1.0
1731069333.31,19.8,0.334,0.0,6.1
1731069333.81,20.5,0.379,0.0,0.837
1731069334.31,19.8,0.38,0.0,1.1
1731069334.81,19.8,0.45,0.0,1.13
1731069335.31,19.8,0.603,0.0,0.851
1731069335.81,20.5,1.484,0.0,1.13
1731069336.31,19.9,0.506,0.0,1.25
1731069336.81,19.8,0.458,0.0,0.801
1731069337.31,19.8,0.513,0.0,0.772
1731069337.81,20.5,0.476,0.0,1.02
1731069338.31,19.8,0.427,0.0,3.03
1731069338.81,19.8,0.532,0.0,0.956
1731069339.31,19.8,0.615,0.0,0.825
1731069339.81,20.5,0.61,0.0,1.66
1731069340.31,19.8,0.624,0.0,1.89
1731069340.81,19.9,0.441,0.0,1.02
1731069341.31,19.8,0.625,0.0,1.29
1731069341.81,19.8,0.604,0.0,0.952
1731069342.31,20.5,0.378,0.0,1.031
1731069342.81,19.8,0.429,0.0,1.11
1731069343.31,19.8,0.467,0.0,1.6
1731069343.81,20.5,0.465,0.0,2.09
1731069344.31,19.8,0.449,0.0,1.28
1731069344.81,19.9,0.745,0.0,0.829
1731069345.31,19.8,0.72,0.0,1.73
1731069345.81,20.5,0.726,0.0,0.866
1731069346.31,19.8,0.865,0.0,0.717
1731069346.81,19.2,0.743,0.032,1.3
1731069347.31,19.8,0.611,0.0,1.09
1731069347.81,20.5,0.564,0.0,0.866
1731069348.31,19.8,0.715,0.0,1.21
1731069348.81,19.8,0.897,0.0,1.58
1731069349.31,19.8,0.784,0.0,0.832
1731069349.81,19.9,0.516,0.0,1.04
1731069350.31,20.5,0.664,0.0,1.1
1731069350.81,19.8,0.669,0.0,1.57
1731069351.31,19.8,0.596,0.0,0.88
1731069351.81,20.5,0.395,0.0,0.942
1731069352.31,19.9,0.296,0.0,0.919
1731069352.81,19.8,0.442,0.0,0.937
1731069353.31,19.8,0.547,0.0,0.888
1731069353.81,20.5,0.33,0.0,0.776
1731069354.31,19.9,0.363,0.0,0.829
1731069354.81,19.8,0.357,0.0,1.11
1731069355.31,19.8,0.434,0.0,1.3
1731069355.81,20.5,0.515,0.0,0.864
1731069356.31,19.8,0.527,0.0,0.906
1731069356.81,19.8,0.484,0.0,1.41
1731069357.31,19.8,0.439,0.0,0.751
1731069357.81,20.5,0.441,0.0,4.92
1731069358.31,19.8,0.478,0.0,1.53
1731069358.81,19.8,0.425,0.0,0.852
1731069359.31,19.8,0.456,0.0,1.12
1731069359.81,20.5,0.6,0.0,1.68
1731069360.31,19.8,0.593,0.0,1.18
1731069360.81,19.8,0.71,0.0,1.01
1731069361.31,19.8,0.56,0.0,1.18
1731069361.81,20.5,0.542,0.0,0.658
1731069362.31,19.8,0.554,0.0,1.12
1731069362.81,19.8,0.683,0.0,6.63
1731069363.31,19.9,0.535,0.0,0.798
1731069363.81,20.5,0.392,0.0,1.52
1731069364.31,19.8,0.422,0.0,1.67
1731069364.81,19.8,0.501,0.0,1.04
1731069365.31,19.8,0.58,0.0,1.01
1731069365.81,20.5,0.449,0.0,1.45
1731069366.31,19.9,0.456,0.0,0.816
1731069366.81,19.8,0.486,0.0,1.07
1731069367.31,19.8,0.66,0.0,2.74
1731069367.81,20.5,0.556,0.0,0.887
1731069368.31,19.8,0.528,0.0,0.941
1731069368.81,19.8,0.735,0.0,0.807
1731069369.31,19.8,0.626,0.0,1.18
1731069369.81,20.5,0.779,0.0,1.27
1731069370.31,19.8,0.899,0.0,0.983
1731069370.81,19.8,0.707,0.0,0.888
1731069371.31,19.8,0.544,0.0,1.01
1731069371.81,19.8,0.27,0.0,1.44
1731069372.31,20.5,0.683,0.0,0.967
1731069372.81,14.7,5.866,0.0,0.874
1731069373.31,23.7,2.063,0.051,97.2
1731069373.81,20.5,0.684,0.0,1.23
1731069374.31,19.8,0.419,0.0,7.59
1731069374.81,19.8,0.55,0.0,1.37
1731069375.31,19.8,0.443,0.0,0.929
1731069375.81,19.8,0.35,0.0,0.994
1731069376.31,20.5,0.499,0.0,1.2
1731069376.81,19.8,0.66,0.0,0.848
1731069377.31,19.8,0.452,0.0,1.02
1731069377.81,20.5,0.378,0.0,1.28
1731069378.31,19.8,0.458,0.0,0.893
1731069378.81,19.8,0.413,0.0,0.821
1731069379.31,19.8,0.453,0.0,1.4
1731069379.81,20.5,0.5,0.0,1.37
1731069380.31,19.8,0.468,0.0,2.43
1731069380.81,19.8,0.638,0.0,1.03
1731069381.31,19.8,0.624,0.0,0.927
1731069381.81,20.5,0.638,0.0,1.06
1731069382.31,19.8,0.691,0.0,1.23
1731069382.81,19.9,0.718,0.0,0.791
1731069383.31,19.8,0.726,0.0,1.26
1731069383.81,20.5,0.684,0.0,1.41
1731069384.31,19.8,0.521,0.0,0.872
1731069384.81,19.8,0.387,0.0,0.899
1731069385.31,19.9,0.451,0.0,1.24
1731069385.81,20.5,0.389,0.0,0.808
1731069386.31,19.8,0.553,0.0,4.98
1731069386.81,19.8,0.571,0.0,1.32
1731069387.31,19.8,0.567,0.0,0.817
1731069387.81,20.5,0.555,0.0,1.0
1731069388.31,19.8,0.501,0.0,1.41
1731069388.81,19.8,0.748,0.0,0.834
1731069389.31,19.8,0.606,0.0,0.719
1731069389.81,20.5,0.586,0.0,1.32
1731069390.31,19.9,0.718,0.0,1.22
1731069390.81,19.8,0.914,0.0,0.806
1731069391.31,19.8,0.675,0.0,1.12
1731069391.81,20.5,0.624,0.0,0.928
1731069392.31,19.8,0.744,0.0,0.892
1731069392.81,19.8,0.658,0.0,1.29
1731069393.31,19.8,0.382,0.0,1.19
1731069393.81,19.9,0.282,0.0,0.883
1731069394.31,20.5,0.466,0.0,0.898
1731069394.81,19.2,0.387,0.032,0.842
1731069395.31,19.8,0.31,0.0,1.03
1731069395.81,20.5,0.732,0.0,1.45
1731069396.31,19.8,0.527,0.0,0.848
1731069396.81,19.8,0.513,0.0,0.859
1731069397.31,19.9,0.583,0.0,1.06
1731069397.81,19.8,0.367,0.0,5.39
1731069398.31,20.5,0.468,0.0,1.04
1731069398.81,19.9,0.362,0.0,0.892
1731069399.31,19.8,0.375,0.0,2.64
1731069399.81,20.5,0.418,0.0,1.41
1731069400.31,19.9,0.476,0.0,2.13
1731069400.81,19.8,0.396,0.0,1.27
1731069401.31,19.8,0.509,0.0,1.42
1731069401.81,20.5,0.465,0.0,0.859
1731069402.31,19.8,0.702,0.0,1.33
1731069402.81,19.8,0.591,0.0,1.14
1731069403.31,19.9,0.498,0.0,7.28
1731069403.81,20.5,0.99,0.0,0.894
1731069404.31,19.8,0.832,0.0,0.731
1731069404.81,19.9,0.565,0.0,2.03
1731069405.31,19.8,0.777,0.0,1.57
1731069405.81,19.8,0.541,0.0,0.757
1731069406.31,20.5,0.697,0.0,1.13
1731069406.81,19.8,0.417,0.0,1.33
1731069407.31,19.8,0.671,0.0,0.972
1731069407.81,20.5,0.605,0.0,0.88
1731069408.31,19.8,0.605,0.0,0.948
1731069408.81,19.8,0.757,0.0,1.48
1731069409.31,19.9,0.6,0.0,1.39
1731069409.81,19.8,0.531,0.0,0.925
1731069410.31,20.5,0.63,0.0,0.767
1731069410.81,19.8,0.68,0.0,1.07
1731069411.31,19.8,0.56,0.0,1.42
1731069411.81,20.5,0.686,0.0,0.893
1731069412.31,19.8,0.744,0.0,0.75
1731069412.81,19.8,0.647,0.0,0.899
1731069413.31,19.8,1.015,0.0,1.04
1731069413.81,20.5,0.839,0.0,1.24
1731069414.31,19.9,0.57,0.0,0.924
1731069414.81,19.8,0.336,0.0,0.697
1731069415.31,19.8,0.299,0.0,2.418
1731069415.81,20.5,0.429,0.0,4.14
1731069416.31,19.8,0.369,0.0,4.21
1731069416.81,19.8,0.452,0.0,2.01
1731069417.31,19.8,0.379,0.0,6.72
1731069417.81,20.5,0.321,0.0,0.779
1731069418.31,19.8,0.424,0.0,5.02
1731069418.81,19.8,0.303,0.0,1.05
1731069419.31,19.8,0.732,0.0,0.849
1731069419.81,20.4,0.544,0.0,0.98
1731069420.31,19.9,0.526,0.0,1.49
1731069420.81,19.9,0.42,0.0,0.749
1731069421.31,19.8,0.509,0.0,1.06
1731069421.81,20.5,0.488,0.0,1.12
1731069422.31,19.9,0.378,0.0,0.892
1731069422.81,19.8,0.484,0.0,1.78
1731069423.31,19.9,0.57,0.0,1.03
1731069423.81,19.8,0.557,0.031,0.992
1731069424.31,19.2,0.535,0.032,1.36
1731069424.81,19.8,0.48,0.0,1.13
1731069425.31,19.9,0.547,0.0,0.872
1731069425.81,20.5,0.743,0.0,1.07
1731069426.31,19.8,0.661,0.0,1.46
1731069426.81,19.8,0.624,0.0,0.815
1731069427.31,19.8,0.447,0.0,0.772
1731069427.81,20.5,0.402,0.0,1.29
1731069428.31,19.8,0.404,0.0,1.47
1731069428.81,19.8,0.626,0.0,6.34
1731069429.31,19.8,0.527,0.0,0.994
1731069429.81,20.5,0.414,0.0,1.2
1731069430.31,19.8,0.785,0.0,1.2
1731069430.81,19.8,0.515,0.0,1.76
1731069431.31,19.9,0.608,0.0,0.845
1731069431.81,20.5,0.701,0.0,0.82
1731069432.31,19.8,0.654,0.0,0.753
1731069432.81,19.8,0.71,0.0,1.02
1731069433.31,19.8,0.79,0.0,1.48
1731069433.81,20.5,0.617,0.0,0.886
1731069434.31,19.8,0.627,0.0,1.23
1731069434.81,19.8,1.205,0.0,1.11
1731069435.31,19.8,0.602,0.0,7.45
1731069435.81,19.9,0.285,0.0,0.895
1731069436.31,20.5,0.439,0.0,1.05
1731069436.81,19.8,0.363,0.0,1.23
1731069437.31,19.8,0.627,0.0,0.873
1731069437.81,20.5,0.513,0.0,1.49
1731069438.31,19.8,0.435,0.0,1.13
1731069438.81,19.8,0.33,0.0,0.815
1731069439.31,19.9,0.366,0.0,2.08
1731069439.81,20.5,0.549,0.0,3.64
1731069440.31,19.8,0.406,0.0,3.82
1731069440.81,19.8,0.362,0.0,3.35
1731069441.31,19.8,0.365,0.0,0.878
1731069441.81,20.5,0.4,0.0,1.02
1731069442.31,19.8,0.538,0.0,1.16
1731069442.81,19.8,0.41,0.0,1.19
1731069443.31,19.8,0.409,0.0,0.96
1731069443.81,20.5,0.432,0.0,1.45
1731069444.31,19.8,0.444,0.0,0.882
1731069444.81,19.8,0.647,0.0,1.0
1731069445.31,19.8,0.556,0.0,0.857
1731069445.81,20.5,0.503,0.0,0.882
1731069446.31,19.9,0.484,0.0,1.02
1731069446.81,19.8,0.543,0.0,1.97
1731069447.31,19.8,0.718,0.0,1.08
1731069447.81,20.4,0.635,0.0,7.97
1731069448.31,19.9,0.553,0.0,1.29
1731069448.81,19.8,0.504,0.0,1.34
1731069449.31,19.8,0.507,0.0,0.877
1731069449.81,20.5,0.507,0.0,1.64
1731069450.31,19.8,0.493,0.0,1.21
1731069450.81,19.8,0.561,0.0,1.04
1731069451.31,19.8,0.509,0.0,0.983
1731069451.81,20.5,0.6,0.0,1.16
1731069452.31,14.7,1.413,0.0,4.3
1731069452.81,24.3,1.699,0.026,25.3
1731069453.31,19.8,0.702,0.0,0.979
1731069453.81,19.8,0.691,0.0,0.828
1731069454.31,19.8,0.626,0.031,0.757
1731069454.81,19.8,0.54,0.0,1.23
1731069455.31,19.8,0.771,0.0,1.36
1731069455.81,20.5,0.841,0.0,0.827
1731069456.31,19.8,0.878,0.0,0.993
1731069456.81,19.8,0.577,0.0,0.811
1731069457.31,19.8,0.215,0.0,1.33
1731069457.81,20.5,0.381,0.0,1.01
1731069458.31,19.8,0.482,0.0,1.0
1731069458.81,19.8,0.275,0.0,0.913
1731069459.31,19.8,0.312,0.0,5.77
1731069459.81,20.5,0.351,0.0,0.896
1731069460.31,19.8,0.344,0.0,1.1
1731069460.81,19.8,0.712,0.0,1.61
1731069461.31,19.8,0.529,0.0,0.925
1731069461.81,20.5,0.385,0.0,1.21
1731069462.31,19.8,0.319,0.0,0.766
1731069462.81,19.9,0.469,0.0,1.68
1731069463.31,19.8,0.471,0.0,2.28
1731069463.81,20.5,0.522,0.0,1.25
1731069464.31,19.8,0.532,0.0,1.21
1731069464.81,19.9,0.442,0.0,0.814
1731069465.31,19.8,0.48,0.0,1.36
1731069465.81,20.5,0.483,0.0,1.55
1731069466.31,19.8,0.468,0.0,7.94
1731069466.81,19.8,0.475,0.0,1.14
1731069467.31,19.8,0.604,0.0,0.883
1731069467.81,19.9,0.822,0.0,0.948
1731069468.31,20.4,0.693,0.0,1.07
1731069468.81,19.9,0.586,0.0,1.91
1731069469.31,19.8,0.575,0.0,0.874
1731069469.81,19.8,0.383,0.0,0.707
1731069470.31,20.5,0.378,0.0,1.28
1731069470.81,19.9,0.614,0.0,1.22
1731069471.31,19.2,0.663,0.032,1.54
1731069471.81,20.5,0.418,0.0,1.06
1731069472.31,19.9,0.522,0.0,0.767
1731069472.81,19.8,0.573,0.0,0.792
1731069473.31,19.8,0.516,0.0,1.0
1731069473.81,20.5,0.493,0.0,1.47
1731069474.31,19.8,0.549,0.0,0.771
1731069474.81,19.8,0.542,0.0,1.03
1731069475.31,19.8,0.572,0.0,1.37
1731069475.81,20.5,0.628,0.0,0.86
1731069476.31,19.8,0.61,0.0,0.93
1731069476.81,19.8,0.694,0.0,1.26
1731069477.31,19.8,1.323,0.0,0.93
1731069477.81,20.5,0.847,0.0,6.47
1731069478.31,19.8,0.465,0.0,1.02
1731069478.81,19.8,0.584,0.0,1.2
1731069479.31,19.2,0.326,0.032,0.882
1731069479.81,20.5,0.345,0.0,0.95
1731069480.31,19.8,0.277,0.0,1.2
1731069480.81,19.8,0.339,0.0,0.826
1731069481.31,19.8,0.365,0.0,1.15
1731069481.81,20.5,0.454,0.0,1.82
1731069482.31,19.8,0.393,0.0,0.975
1731069482.81,19.9,0.382,0.0,1.07
1731069483.31,19.8,0.397,0.0,0.745
1731069483.81,20.5,0.485,0.0,0.792
1731069484.31,19.8,0.356,0.0,1.086
1731069484.81,19.8,0.446,0.0,1.38
1731069485.31,19.8,0.528,0.0,7.44
1731069485.81,20.5,0.615,0.0,0.863
1731069486.31,19.9,0.52,0.0,1.36
1731069486.81,19.8,0.584,0.0,1.09
1731069487.31,19.9,0.756,0.0,0.894
1731069487.81,20.5,0.541,0.0,0.936
1731069488.31,19.8,0.606,0.0,0.76
1731069488.81,19.9,0.659,0.0,1.53
1731069489.31,19.2,3.36,0.032,1.79
1731069489.81,20.5,1.144,0.0,1.715
1731069490.31,19.9,0.773,0.0,1.64
1731069490.81,19.2,4.645,0.032,3.87
1731069491.31,19.8,1.018,0.0,1.05
1731069491.81,19.8,0.737,0.0,0.828
1731069492.31,20.5,0.569,0.0,0.83
1731069492.81,19.8,0.592,0.0,0.983
1731069493.31,19.8,0.474,0.0,1.56
1731069493.81,20.5,0.536,0.0,2.32
1731069494.31,19.8,0.667,0.0,2.88
1731069494.81,19.9,0.628,0.0,1.39
1731069495.31,19.8,0.52,0.0,0.863
1731069495.81,20.5,0.738,0.0,0.827
1731069496.31,19.8,0.779,0.0,0.919
1731069496.81,19.8,0.707,0.0,1.38
1731069497.31,19.8,0.707,0.0,7.21
1731069497.81,19.9,0.707,0.031,0.852
1731069498.31,19.8,0.704,0.0,0.803
1731069498.81,19.8,0.825,0.0,1.7
1731069499.31,19.8,0.73,0.0,0.814
1731069499.81,19.8,0.321,0.0,1.1
1731069500.31,20.5,0.409,0.0,1.41
1731069500.81,19.8,0.372,0.0,0.802
1731069501.31,19.8,0.45,0.0,1.14
1731069501.81,20.5,0.36,0.0,1.75
1731069502.31,19.8,0.744,0.0,1.8
1731069502.81,19.8,0.416,0.0,0.89
1731069503.31,19.8,0.807,0.0,1.04
1731069503.81,20.5,0.415,0.0,1.28
1731069504.31,19.9,0.355,0.0,0.872
1731069504.81,19.8,0.6,0.0,3.04
1731069505.31,19.9,0.407,0.0,3.4
1731069505.81,20.5,0.362,0.0,0.864
1731069506.31,19.8,0.753,0.0,1.47
1731069506.81,19.8,0.523,0.0,1.65
1731069507.31,19.8,0.481,0.0,0.774
1731069507.81,20.5,0.612,0.0,4.96
1731069508.31,19.8,0.528,0.0,1.66
1731069508.81,19.9,0.48,0.0,0.88
1731069509.31,19.8,0.775,0.0,1.27
1731069509.81,20.5,0.547,0.0,1.66
1731069510.31,19.9,0.694,0.0,0.986
1731069510.81,19.9,0.584,0.0,1.2
1731069511.31,19.8,0.771,0.0,1.02
1731069511.81,20.5,0.653,0.0,0.864
1731069512.31,19.8,0.553,0.0,1.06
1731069512.81,19.8,0.531,0.0,1.57
1731069513.31,19.8,0.466,0.0,0.816
1731069513.81,20.5,0.623,0.0,0.869
1731069514.31,19.9,0.55,0.0,1.32
1731069514.81,19.8,0.501,0.0,1.84
1731069515.31,19.9,0.641,0.0,1.17
1731069515.81,20.5,0.559,0.0,1.44
1731069516.31,19.8,0.603,0.0,0.883
1731069516.81,19.9,0.665,0.0,0.865
1731069517.31,19.8,0.622,0.0,0.788
1731069517.81,18.6,11.127,0.065,1.03
1731069518.31,20.5,2.062,0.0,43.2
1731069518.81,19.8,0.775,0.0,0.796
1731069519.31,19.9,0.717,0.0,1.04
1731069519.81,19.8,0.685,0.0,2.92
1731069520.31,20.5,0.662,0.0,0.765
1731069520.81,19.9,0.467,0.0,0.977
1731069521.31,19.8,0.293,0.0,1.34
1731069521.81,20.5,0.305,0.0,0.889
1731069522.31,19.8,0.476,0.0,0.823
1731069522.81,19.8,0.356,0.0,1.18
1731069523.31,19.8,0.544,0.0,1.26
1731069523.81,20.5,0.488,0.0,1.35
1731069524.31,19.9,0.361,0.0,1.48
1731069524.81,19.8,0.329,0.0,1.52
1731069525.31,19.8,0.53,0.0,1.1
1731069525.81,19.8,0.525,0.0,0.782
1731069526.31,19.8,0.485,0.0,2.05
1731069526.81,19.2,4.784,0.062,9.39
1731069527.31,19.8,1.106,0.0,0.876
1731069527.81,20.5,0.718,0.0,0.924
1731069528.31,19.8,0.603,0.0,1.06
1731069528.81,19.8,0.546,0.0,1.25
1731069529.31,19.8,0.527,0.0,1.36
1731069529.81,19.8,0.84,0.0,1.38
1731069530.31,20.5,0.957,0.0,4.84
1731069530.81,19.8,0.688,0.0,0.71
1731069531.31,19.8,0.635,0.0,0.579
1731069531.81,20.5,0.574,0.0,0.748
1731069532.31,19.8,0.509,0.0,1.07
1731069532.81,19.8,0.553,0.0,1.44
1731069533.31,19.8,0.723,0.0,0.839
1731069533.81,19.8,0.456,0.0,1.48
1731069534.31,20.5,0.527,0.0,1.34
1731069534.81,19.8,0.436,0.0,1.08
1731069535.31,19.2,2.462,0.0,0.862
1731069535.81,15.4,17.59,0.25,1.056
1731069536.31,20.5,3.013,0.0,1.25
1731069536.81,19.2,0.824,0.032,1.52
1731069537.31,19.8,0.581,0.0,0.911
1731069537.81,19.8,0.714,0.0,6.74
1731069538.31,20.5,0.661,0.0,0.819
1731069538.81,19.8,0.69,0.0,0.974
1731069539.31,19.8,0.666,0.0,1.07
1731069539.81,20.5,0.805,0.0,1.14
1731069540.31,19.6,0.899,0.0,1.05
1731069540.81,20.1,1.263,0.0,1.07
1731069541.31,19.8,0.749,0.0,0.831
1731069541.81,20.5,0.84,0.0,0.806
1731069542.31,19.8,0.591,0.0,0.819
1731069542.81,19.9,0.432,0.0,0.981
1731069543.31,19.8,0.424,0.0,1.57
1731069543.81,20.5,0.269,0.0,0.825
1731069544.31,19.8,0.339,0.0,1.65
1731069544.81,19.8,0.29,0.0,0.893
1731069545.31,19.2,0.417,0.032,1.12
1731069545.81,20.5,0.449,0.0,4.83
1731069546.31,19.8,0.523,0.0,0.836
1731069546.81,19.8,0.541,0.0,0.841
1731069547.31,19.8,0.429,0.0,1.08
1731069547.81,20.5,0.641,0.0,1.35
1731069548.31,19.8,0.671,0.0,1.69
1731069548.81,19.8,0.405,0.0,0.898
1731069549.31,19.8,0.458,0.0,1.309
1731069549.81,20.5,0.641,0.0,1.72
1731069550.31,19.9,0.584,0.0,1.89
1731069550.81,19.8,0.479,0.0,1.26
1731069551.31,19.8,0.463,0.0,1.14
1731069551.81,20.5,0.888,0.0,1.17
1731069552.31,19.9,0.616,0.0,1.06
1731069552.81,19.8,0.555,0.0,0.986
1731069553.31,19.8,0.774,0.0,6.12
1731069553.81,20.5,0.717,0.0,0.939
1731069554.31,19.8,1.179,0.0,0.938
1731069554.81,19.8,0.792,0.0,0.805
1731069555.31,19.8,0.423,0.0,1.28
1731069555.81,20.5,0.748,0.0,1.73
1731069556.31,19.8,0.453,0.0,0.913
1731069556.81,19.8,0.504,0.0,0.838
1731069557.31,19.8,0.492,0.0,1.94
1731069557.81,20.5,0.459,0.0,1.35
1731069558.31,19.8,0.478,0.0,0.903
1731069558.81,19.9,0.594,0.0,0.978
1731069559.31,19.8,0.877,0.0,0.907
1731069559.81,20.5,0.648,0.0,1.04
1731069560.31,19.8,0.625,0.0,1.06
1731069560.81,19.8,0.791,0.0,0.823
1731069561.31,19.8,0.735,0.0,0.902
1731069561.81,20.5,0.749,0.0,1.03
1731069562.31,19.8,0.729,0.0,0.958
1731069562.81,19.8,0.838,0.0,1.05
1731069563.31,19.8,0.676,0.0,0.799
1731069563.81,19.8,0.337,0.0,1.0
1731069564.31,20.5,0.341,0.0,1.45
1731069564.81,19.8,0.349,0.0,0.831
1731069565.31,19.8,0.502,0.0,1.54
1731069565.81,20.5,0.563,0.0,1.38
1731069566.31,19.8,0.365,0.0,5.46
1731069566.81,19.9,0.567,0.0,2.38
1731069567.31,19.8,0.392,0.0,2.79
1731069567.81,20.5,0.518,0.0,3.1
1731069568.31,19.8,0.323,0.0,3.85
1731069568.81,19.8,0.369,0.0,0.95
1731069569.31,19.8,0.904,0.0,0.834
1731069569.81,20.5,0.461,0.0,1.66
1731069570.31,19.8,0.41,0.0,1.4
1731069570.81,19.8,0.438,0.0,1.28
1731069571.31,19.9,0.519,0.0,6.53
1731069571.81,20.5,0.523,0.0,1.13
1731069572.31,19.8,0.582,0.0,1.18
1731069572.81,19.9,0.559,0.0,1.42
1731069573.31,19.8,0.607,0.0,0.922
1731069573.81,20.5,0.543,0.0,0.858
1731069574.31,19.8,0.569,0.0,1.05
1731069574.81,19.8,0.584,0.0,1.33
1731069575.31,19.8,0.66,0.0,0.813
1731069575.81,20.5,0.795,0.0,1.02
1731069576.31,19.8,0.623,0.0,1.39
1731069576.81,19.9,0.637,0.0,0.791
1731069577.31,19.8,0.509,0.0,1.01
1731069577.81,20.5,0.379,0.0,1.47
1731069578.31,19.2,0.534,0.032,1.97
1731069578.81,19.8,0.497,0.0,0.911
1731069579.31,19.8,0.592,0.0,0.806
1731069579.81,20.5,0.555,0.0,0.941
1731069580.31,19.2,0.572,0.032,1.07
1731069580.81,19.9,0.536,0.0,0.886
1731069581.31,19.8,0.584,0.0,1.05
1731069581.81,20.5,0.843,0.0,2.96
1731069582.31,19.8,0.628,0.0,1.2
1731069582.81,19.8,0.64,0.0,0.807
1731069583.31,19.8,0.986,0.0,0.667
1731069583.81,20.5,0.808,0.0,1.18
1731069584.31,19.9,0.788,0.0,1.06
1731069584.81,19.2,0.643,0.032,1.21
1731069585.31,19.8,0.467,0.0,0.857
1731069585.81,20.5,0.567,0.0,0.993
1731069586.31,19.8,0.598,0.0,1.47
1731069586.81,19.8,0.615,0.0,0.903
1731069587.31,19.8,0.445,0.0,0.836
1731069587.81,20.5,0.695,0.0,0.87
1731069588.31,19.8,0.443,0.0,1.14
1731069588.81,19.8,0.329,0.0,1.32
1731069589.31,19.8,0.554,0.0,7.34
1731069589.81,20.5,0.434,0.0,0.959
1731069590.31,19.8,0.486,0.0,0.792
1731069590.81,19.8,0.99,0.0,1.03
1731069591.31,19.8,0.655,0.0,1.05
1731069591.81,20.5,0.448,0.0,1.26
1731069592.31,18.5,9.911,0.065,0.908
1731069592.81,19.2,1.974,0.032,0.875
1731069593.31,19.8,0.648,0.0,1.3
1731069593.81,20.5,0.468,0.0,1.55
1731069594.31,19.8,0.537,0.0,0.842
1731069594.81,19.9,0.626,0.0,0.951
1731069595.31,19.8,0.581,0.0,1.22
1731069595.81,20.5,0.651,0.0,2.12
1731069596.31,19.8,0.939,0.0,1.01
1731069596.81,19.8,0.835,0.0,0.852
1731069597.31,19.8,0.588,0.0,0.973
1731069597.81,19.8,0.372,0.0,1.03
1731069598.31,20.5,0.523,0.0,1.18
1731069598.81,19.8,0.545,0.0,0.923
1731069599.31,19.9,0.5,0.0,0.842
1731069599.81,20.5,0.677,0.0,0.991
1731069600.31,19.8,0.517,0.0,1.59
1731069600.81,19.8,0.495,0.0,0.952
1731069601.31,19.8,0.719,0.0,0.93
1731069601.81,20.5,0.683,0.0,1.27
1731069602.31,19.8,0.613,0.0,0.895
1731069602.81,19.8,0.526,0.0,6.41
1731069603.31,19.8,0.769,0.0,0.874
1731069603.81,20.5,0.644,0.0,5.32
1731069604.31,19.8,0.63,0.0,1.2
1731069604.81,19.9,0.522,0.0,0.876
1731069605.31,19.2,5.469,0.032,36.3
1731069605.81,20.5,1.256,0.0,0.844
1731069606.31,19.8,0.577,0.0,0.874
1731069606.81,19.8,0.585,0.0,1.03
1731069607.31,19.8,0.31,0.0,1.03
1731069607.81,20.5,0.41,0.0,1.38
1731069608.31,19.8,0.463,0.0,1.19
1731069608.81,19.8,0.751,0.0,0.865
1731069609.31,19.9,0.563,0.0,1.23
1731069609.81,20.5,0.535,0.0,1.12
1731069610.31,19.8,0.424,0.0,0.859
1731069610.81,19.8,0.978,0.0,1.03
1731069611.31,19.9,0.747,0.0,6.66
1731069611.81,20.5,1.069,0.0,1.31
1731069612.31,19.8,0.51,0.0,1.56
1731069612.81,19.8,0.731,0.0,1.11
1731069613.31,19.9,0.499,0.0,1.27
1731069613.81,20.5,0.447,0.0,1.3
1731069614.31,19.8,0.593,0.0,0.884
1731069614.81,19.8,0.697,0.0,0.967
1731069615.31,19.8,0.643,0.0,1.05
1731069615.81,20.5,0.509,0.0,1.53
1731069616.31,19.8,0.676,0.0,0.809
1731069616.81,19.8,0.545,0.0,0.935
1731069617.31,19.8,0.543,0.0,2.9
1731069617.81,20.5,0.67,0.0,0.883
1731069618.31,19.8,0.562,0.0,1.37
1731069618.81,19.8,0.756,0.0,1.94
1731069619.31,19.8,0.431,0.0,1.05
1731069619.81,20.5,0.456,0.0,1.39
1731069620.31,19.8,0.589,0.0,0.981
1731069620.81,19.8,0.426,0.0,1.27
1731069621.31,19.9,0.503,0.0,0.794
1731069621.81,20.5,0.695,0.0,1.05
1731069622.31,19.8,0.868,0.0,1.07
1731069622.81,19.8,0.565,0.0,8.18
1731069623.31,19.8,0.75,0.0,1.03
1731069623.81,20.5,0.678,0.0,1.08
1731069624.31,19.8,0.571,0.0,0.84
1731069624.81,19.8,0.72,0.0,1.89
1731069625.31,19.8,0.666,0.0,0.845
1731069625.81,20.5,0.716,0.0,0.983
1731069626.31,19.8,0.683,0.0,1.5
1731069626.81,19.8,0.69,0.0,0.806
1731069627.31,19.8,0.677,0.0,0.709
1731069627.81,19.8,0.483,0.0,2.47
1731069628.31,20.5,0.472,0.0,1.15
1731069628.81,19.8,0.326,0.0,2.65
1731069629.31,19.8,0.529,0.0,0.895
1731069629.81,20.5,0.432,0.0,0.92
1731069630.31,19.8,0.368,0.0,0.842
1731069630.81,19.8,0.272,0.0,0.885
1731069631.31,19.8,0.553,0.0,1.74
1731069631.81,19.8,0.494,0.0,0.979
1731069632.31,20.5,0.555,0.0,1.78
1731069632.81,19.9,0.367,0.0,0.781
1731069633.31,19.8,1.471,0.0,1.52
1731069633.81,20.5,0.762,0.0,2.23
1731069634.31,19.8,0.51,0.0,0.862
1731069634.81,19.8,0.47,0.0,1.03
1731069635.31,19.8,0.424,0.0,1.33
1731069635.81,20.5,0.454,0.0,0.85
1731069636.31,19.8,0.907,0.0,4.66
1731069636.81,19.8,0.51,0.0,0.882
1731069637.31,19.8,0.704,0.0,0.828
1731069637.81,20.5,0.672,0.0,1.16
1731069638.31,19.8,0.521,0.0,0.843
1731069638.81,19.8,0.826,0.0,1.21
1731069639.31,19.8,0.612,0.0,1.15
1731069639.81,20.5,0.605,0.0,0.86
1731069640.31,19.8,0.545,0.0,0.832
1731069640.81,19.8,0.711,0.0,0.976
1731069641.31,19.8,0.557,0.0,1.5
1731069641.81,20.5,0.398,0.0,0.843
1731069642.31,19.8,0.525,0.0,1.34
1731069642.81,19.8,0.535,0.0,1.95
1731069643.31,19.8,0.605,0.0,1.21
1731069643.81,20.5,0.576,0.0,2.04
1731069644.31,19.8,0.471,0.0,0.753
1731069644.81,19.8,0.558,0.0,1.13
1731069645.31,19.8,0.795,0.0,2.21
1731069645.81,20.5,0.554,0.0,0.851
1731069646.31,19.8,0.822,0.0,1.04
1731069646.81,19.8,0.666,0.0,1.91
1731069647.31,19.9,0.853,0.0,2.06
1731069647.81,20.5,0.678,0.0,1.66
1731069648.31,19.8,0.629,0.0,0.802
1731069648.81,19.9,0.756,0.0,0.878
1731069649.31,19.8,0.435,0.0,0.738
1731069649.81,20.5,0.346,0.0,0.802
1731069650.31,19.8,0.528,0.0,0.874
1731069650.81,19.8,0.378,0.0,0.956
1731069651.31,19.9,0.443,0.0,1.38
1731069651.81,20.5,0.347,0.0,0.787
1731069652.31,19.8,0.645,0.0,0.738
1731069652.81,19.9,0.61,0.0,1.27
1731069653.31,19.8,0.357,0.0,2.71
1731069653.81,20.5,0.319,0.0,0.847
1731069654.31,19.8,0.414,0.0,0.716
1731069654.81,19.8,0.396,0.0,0.829
1731069655.31,19.8,0.376,0.0,1.03
1731069655.81,20.5,0.402,0.0,1.47
1731069656.31,19.8,0.405,0.0,0.793
1731069656.81,19.8,0.673,0.0,1.02
1731069657.31,19.8,0.703,0.0,1.21
1731069657.81,20.5,0.446,0.0,0.899
1731069658.31,19.8,0.482,0.0,1.27
1731069658.81,19.8,0.884,0.0,0.807
1731069659.31,19.8,0.845,0.0,1.27
1731069659.81,20.5,0.569,0.0,1.46
1731069660.31,19.9,0.596,0.0,7.14
1731069660.81,19.8,0.681,0.0,0.917
1731069661.31,19.8,0.955,0.0,0.835
1731069661.81,19.8,0.487,0.0,1.02
1731069662.31,20.5,0.402,0.0,1.3
1731069662.81,19.8,0.576,0.0,0.902
1731069663.31,19.8,0.429,0.0,0.895
1731069663.81,19.8,0.438,0.0,0.995
1731069664.31,20.5,0.492,0.0,1.4
1731069664.81,19.8,0.451,0.0,0.899
1731069665.31,19.8,0.526,0.0,0.705
1731069665.81,20.5,0.548,0.0,1.09
1731069666.31,19.8,0.571,0.0,1.38
1731069666.81,19.8,0.5,0.0,2.09
1731069667.31,19.8,0.691,0.0,0.929
1731069667.81,20.5,0.615,0.0,0.743
1731069668.31,19.8,0.614,0.0,0.82
1731069668.81,19.8,0.59,0.0,0.898
1731069669.31,19.9,0.724,0.0,1.37
1731069669.81,20.5,0.652,0.0,1.07
1731069670.31,19.9,0.511,0.0,1.3
1731069670.81,19.8,0.389,0.0,1.08
1731069671.31,19.8,0.363,0.0,1.18
1731069671.81,19.8,0.306,0.0,0.893
1731069672.31,20.5,0.437,0.0,0.773
1731069672.81,19.8,0.462,0.0,1.02
1731069673.31,19.9,0.576,0.0,1.43
1731069673.81,20.5,0.497,0.0,0.869
1731069674.31,19.8,0.737,0.0,6.18
1731069674.81,19.8,0.406,0.0,0.748
1731069675.31,19.8,0.401,0.0,4.98
1731069675.81,19.8,0.682,0.0,1.47
1731069676.31,20.5,0.575,0.0,0.772
1731069676.81,19.8,0.5,0.0,1.26
1731069677.31,19.8,0.464,0.0,1.08
1731069677.81,19.9,0.621,0.0,0.965
1731069678.31,20.5,0.447,0.0,0.898
1731069678.81,19.8,0.532,0.0,0.947
1731069679.31,19.9,0.526,0.0,1.01
1731069679.81,20.5,0.467,0.0,2.46
1731069680.31,19.8,0.497,0.0,0.866
1731069680.81,19.8,0.563,0.0,0.853
1731069681.31,19.8,0.523,0.0,0.97
1731069681.81,20.5,0.474,0.0,0.797
1731069682.31,19.8,0.875,0.0,1.04
1731069682.81,19.8,0.587,0.0,1.14
1731069683.31,19.8,0.465,0.0,0.981
1731069683.81,20.5,0.54,0.0,0.894
1731069684.31,19.8,0.478,0.0,0.83
1731069684.81,19.8,0.48,0.0,0.81
1731069685.31,19.8,0.515,0.0,0.723
1731069685.81,20.5,0.54,0.0,1.07
1731069686.31,19.8,0.512,0.0,1.5
1731069686.81,19.8,0.499,0.0,0.844
1731069687.31,19.8,0.547,0.0,0.992
1731069687.81,20.5,0.514,0.0,3.68
1731069688.31,19.8,0.564,0.0,0.771
1731069688.81,19.8,0.593,0.0,0.781
1731069689.31,19.8,0.784,0.0,1.26
1731069689.81,19.9,0.793,0.0,1.0
1731069690.31,20.5,0.695,0.0,0.866
1731069690.81,19.8,0.709,0.0,0.843
1731069691.31,19.8,0.837,0.0,0.849
1731069691.81,19.9,0.319,0.0,1.08
1731069692.31,20.5,0.276,0.0,1.59
1731069692.81,19.9,0.286,0.0,0.968
1731069693.31,19.8,0.277,0.0,1.06
1731069693.81,19.8,0.667,0.0,0.865
1731069694.31,20.5,0.583,0.0,1.19
1731069694.81,19.8,0.374,0.0,1.48
1731069695.31,19.8,0.419,0.0,7.14
1731069695.81,19.8,0.416,0.0,0.826
1731069696.31,20.5,0.443,0.0,1.0
1731069696.81,19.8,0.52,0.0,1.35
1731069697.31,19.9,0.47,0.0,1.02
1731069697.81,20.5,0.377,0.0,0.999
1731069698.31,19.8,0.479,0.0,0.823
1731069698.81,19.8,0.594,0.0,1.02
1731069699.31,19.9,0.469,0.0,1.19
1731069699.81,20.5,0.475,0.0,0.977
1731069700.31,19.8,0.618,0.0,1.01
1731069700.81,19.8,0.567,0.0,0.812
1731069701.31,19.8,0.592,0.0,0.946
1731069701.81,20.5,0.562,0.0,1.07
1731069702.31,19.8,0.502,0.0,2.33
1731069702.81,19.8,0.592,0.0,1.05
1731069703.31,19.8,0.609,0.0,1.27
1731069703.81,20.5,0.672,0.0,0.871
1731069704.31,19.8,0.458,0.0,1.47
1731069704.81,19.8,0.532,0.0,1.16
1731069705.31,19.9,0.502,0.0,0.804
1731069705.81,20.5,0.508,0.0,0.816
1731069706.31,19.8,0.392,0.0,0.997
1731069706.81,19.8,0.473,0.0,1.4
1731069707.31,19.8,0.471,0.0,0.871
1731069707.81,20.5,0.502,0.0,5.32
1731069708.31,19.8,0.551,0.0,1.57
1731069708.81,19.8,0.612,0.0,0.871
1731069709.31,19.8,0.688,0.0,1.23
1731069709.81,20.5,0.663,0.0,1.54
1731069710.31,19.8,0.928,0.0,0.828
1731069710.81,19.8,0.726,0.0,1.05
1731069711.31,19.8,0.815,0.0,1.44
1731069711.81,20.5,0.794,0.0,0.823
1731069712.31,19.8,0.686,0.0,1.42
1731069712.81,19.8,0.608,0.0,6.5
1731069713.31,19.8,0.272,0.0,0.868
1731069713.81,20.5,0.374,0.0,1.02
1731069714.31,19.8,0.416,0.0,1.48
1731069714.81,19.8,0.408,0.0,0.889
1731069715.31,19.8,0.334,0.0,2.51
1731069715.81,20.5,0.664,0.0,1.81
1731069716.31,19.8,0.359,0.0,0.912
1731069716.81,19.8,0.417,0.0,0.739
1731069717.31,19.8,0.389,0.0,1.02
1731069717.81,20.5,0.38,0.0,4.22
1731069718.31,19.8,0.387,0.0,0.98
1731069718.81,19.8,0.421,0.0,1.03
1731069719.31,19.8,0.461,0.0,0.877
1731069719.81,20.5,0.507,0.0,1.49
1731069720.31,19.8,0.477,0.0,1.5
1731069720.81,19.8,0.489,0.0,1.71
1731069721.31,19.9,0.472,0.0,1.17
1731069721.81,20.5,0.508,0.0,1.48
1731069722.31,19.8,0.516,0.0,1.65
1731069722.81,19.8,0.545,0.0,1.57
1731069723.31,19.8,0.463,0.0,0.982
1731069723.81,20.5,0.56,0.0,1.22
1731069724.31,19.8,0.549,0.0,1.94
1731069724.81,19.9,0.729,0.0,2.21
1731069725.31,19.9,0.499,0.0,1.24
1731069725.81,19.2,0.424,0.032,1.18
1731069726.31,20.5,0.415,0.0,0.925
1731069726.81,19.8,0.529,0.0,1.09
1731069727.31,19.8,0.52,0.0,1.8
1731069727.81,20.5,0.541,0.0,1.09
1731069728.31,19.2,0.545,0.032,7.86
1731069728.81,19.8,0.502,0.0,1.01
1731069729.31,19.8,0.576,0.0,1.97
1731069729.81,20.5,0.62,0.0,1.11
1731069730.31,19.8,0.649,0.0,1.71
1731069730.81,19.8,0.763,0.0,0.921
1731069731.31,19.8,0.74,0.0,0.865
1731069731.81,19.9,0.691,0.0,0.828
1731069732.31,20.5,0.621,0.0,0.953
1731069732.81,19.8,0.779,0.0,1.1
1731069733.31,19.8,0.764,0.0,0.893
1731069733.81,20.5,1.239,0.0,4.86
1731069734.31,19.8,0.549,0.0,0.8
1731069734.81,19.8,0.394,0.0,4.87
1731069735.31,19.9,0.296,0.0,1.24
1731069735.81,20.5,0.343,0.0,0.905
1731069736.31,19.8,0.384,0.0,0.779
1731069736.81,19.8,0.327,0.0,1.65
1731069737.31,19.8,0.412,0.0,1.55
1731069737.81,20.5,0.515,0.0,1.0
1731069738.31,19.8,0.871,0.0,1.07
1731069738.81,19.9,0.531,0.0,1.2
1731069739.31,19.8,0.49,0.0,1.47
1731069739.81,20.5,0.48,0.0,1.67
1731069740.31,19.8,0.563,0.0,0.873
1731069740.81,19.8,0.651,0.0,0.936
1731069741.31,19.8,0.627,0.0,0.998
1731069741.81,20.5,0.58,0.0,1.03
1731069742.31,19.8,0.494,0.0,1.1
1731069742.81,19.8,0.562,0.0,0.901
1731069743.31,19.8,0.533,0.0,0.849
1731069743.81,20.5,0.463,0.0,1.01
1731069744.31,19.8,0.646,0.0,1.07
1731069744.81,19.8,0.581,0.0,0.867
1731069745.31,19.8,0.516,0.0,1.03
1731069745.81,20.5,0.645,0.0,1.04
1731069746.31,19.8,0.565,0.0,0.791
1731069746.81,19.8,0.542,0.0,0.719
1731069747.31,19.8,0.444,0.0,0.973
1731069747.81,20.5,0.401,0.0,2.92
1731069748.31,19.8,0.48,0.0,1.05
1731069748.81,19.8,0.572,0.0,0.921
1731069749.31,19.8,0.55,0.0,0.94
1731069749.81,20.5,0.691,0.0,1.05
1731069750.31,19.8,0.538,0.0,0.848
1731069750.81,19.8,0.505,0.0,0.848
1731069751.31,19.8,0.545,0.0,0.828
1731069751.81,20.5,0.688,0.0,1.06
1731069752.31,19.8,0.629,0.0,1.43
1731069752.81,19.9,0.587,0.0,0.899
1731069753.31,19.8,0.88,0.0,0.885
1731069753.81,20.5,0.775,0.0,1.01
1731069754.31,19.8,0.751,0.0,1.39
1731069754.81,19.8,0.686,0.0,7.51
1731069755.31,19.9,0.462,0.0,0.897
1731069755.81,19.8,0.393,0.0,0.765
1731069756.31,20.5,0.394,0.0,0.752
1731069756.81,19.8,0.319,0.0,1.06
1731069757.31,19.8,0.369,0.0,1.11
1731069757.81,20.5,0.343,0.0,0.981
1731069758.31,19.8,0.267,0.0,1.02
1731069758.81,19.8,0.452,0.0,0.762
1731069759.31,19.8,0.358,0.0,1.08
1731069759.81,19.8,0.403,0.0,1.42
1731069760.31,20.5,0.919,0.0,0.778
1731069760.81,19.8,0.505,0.0,1.34
1731069761.31,19.8,0.4,0.0,1.37
1731069761.81,19.8,0.448,0.0,5.32
1731069762.31,20.5,0.644,0.0,3.06
1731069762.81,19.8,0.382,0.0,3.65
1731069763.31,19.8,0.475,0.0,4.8
1731069763.81,20.5,0.449,0.0,5.38
1731069764.31,19.8,0.576,0.0,0.865
1731069764.81,19.8,0.452,0.0,0.755
1731069765.31,19.8,0.438,0.0,0.795
1731069765.81,20.4,0.43,0.0,0.776
1731069766.31,19.9,0.693,0.0,0.698
1731069766.81,19.8,0.578,0.0,0.846
1731069767.31,19.8,0.559,0.0,0.995
1731069767.81,20.5,0.782,0.0,1.47
1731069768.31,19.8,0.526,0.0,0.892
1731069768.81,19.8,0.367,0.0,0.864
1731069769.31,19.8,0.422,0.0,0.866
1731069769.81,20.5,0.427,0.0,2.49
1731069770.31,19.8,0.435,0.0,1.31
1731069770.81,19.8,0.548,0.0,0.802
1731069771.31,19.8,0.499,0.0,4.62
