Time,C1_X,C1_Y,C1_Z
1731071778.02,6040.5,6520.5,0.0
1731071778.51,6040.63,6520.69,0.0
1731071779.01,6040.76,6520.88,0.0
1731071779.51,6040.89,6521.07,0.0
1731071780.01,6041.02,6521.26,0.0
1731071780.51,6041.15,6521.45,0.0
1731071781.01,6041.28,6521.64,0.0
1731071781.52,6041.41,6521.83,0.0
1731071782.02,6041.54,6522.02,0.0
1731071782.52,6041.67,6522.21,0.0
1731071783.02,6041.8,6522.4,0.0
1731071783.52,6041.93,6522.59,0.0
1731071784.02,6042.06,6522.78,0.0
1731071784.52,6042.19,6522.97,0.0
1731071785.02,6042.32,6523.16,0.0
1731071785.52,6042.45,6523.35,0.0
1731071786.02,6042.58,6523.54,0.0
1731071786.52,6042.71,6523.73,0.0
1731071787.02,6042.84,6523.92,0.0
1731071787.52,6042.97,6524.11,0.0
1731071788.02,6043.1,6524.3,0.0
1731071788.52,6043.23,6524.49,0.0
1731071789.02,6043.36,6524.68,0.0
1731071789.52,6043.49,6524.87,0.0
1731071790.02,6043.62,6525.06,0.0
1731071790.52,6043.75,6525.25,0.0
1731071791.02,6043.88,6525.44,0.0
1731071791.52,6044.01,6525.63,0.0
1731071792.02,6044.14,6525.82,0.0
1731071792.52,6044.27,6526.01,0.0
1731071793.03,6044.4,6526.2,0.0
1731071793.53,6044.53,6526.39,0.0
1731071794.03,6044.66,6526.58,0.0
1731071794.53,6044.79,6526.77,0.0
1731071795.03,6044.92,6526.96,0.0
1731071795.53,6045.05,6527.15,0.0
1731071796.03,6045.18,6527.34,0.0
1731071796.53,6045.31,6527.53,0.0
1731071797.03,6045.44,6527.72,0.0
1731071797.53,6045.57,6527.91,0.0
1731071798.03,6045.7,6528.1,0.0
1731071798.53,6045.83,6528.29,0.0
1731071799.03,6045.96,6528.48,0.0
1731071799.53,6046.09,6528.67,0.0
1731071800.03,6046.22,6528.86,0.0
1731071800.53,6046.35,6529.05,0.0
1731071801.03,6046.48,6529.24,0.0
1731071801.53,6046.61,6529.43,0.0
1731071802.03,6046.74,6529.62,0.0
1731071802.53,6046.87,6529.81,0.0
1731071803.03,6047.0,6530.0,0.0
1731071803.53,6047.13,6530.19,0.0
1731071804.03,6047.26,6530.38,0.0
1731071804.53,6047.39,6530.57,0.0
1731071805.04,6047.52,6530.76,0.0
1731071805.54,6047.65,6530.95,0.0
1731071806.04,6047.78,6531.14,0.0
1731071806.54,6047.91,6531.33,0.0
1731071807.04,6048.04,6531.52,0.0
1731071807.54,6048.17,6531.71,0.0
1731071808.04,6048.3,6531.9,0.0
1731071808.54,6048.43,6532.09,0.0
1731071809.04,6048.56,6532.28,0.0
1731071809.54,6048.69,6532.47,0.0
1731071810.04,6048.82,6532.66,0.0
1731071810.54,6048.95,6532.85,0.0
1731071811.04,6049.08,6533.04,0.0
1731071811.54,6049.21,6533.23,0.0
1731071812.04,6049.34,6533.42,0.0
1731071812.54,6049.47,6533.61,0.0
1731071813.04,6049.6,6533.8,0.0
1731071813.54,6049.73,6533.99,0.0
1731071814.04,6049.86,6534.18,0.0
1731071814.54,6049.99,6534.37,0.0
1731071815.05,6050.12,6534.56,0.0
1731071815.55,6050.25,6534.75,0.0
1731071816.05,6050.38,6534.94,0.0
1731071816.55,6050.51,6535.13,0.0
1731071817.05,6050.64,6535.32,0.0
1731071817.55,6050.77,6535.51,0.0
1731071818.05,6050.9,6535.7,0.0
1731071818.55,6051.03,6535.89,0.0
1731071819.05,6051.16,6536.08,0.0
1731071819.55,6051.29,6536.27,0.0
1731071820.05,6051.42,6536.46,0.0
1731071820.55,6051.55,6536.65,0.0
1731071821.05,6051.68,6536.84,0.0
1731071821.55,6051.81,6537.03,0.0
1731071822.05,6051.94,6537.22,0.0
1731071822.55,6052.07,6537.41,0.0
1731071823.05,6052.2,6537.6,0.0
1731071823.55,6052.33,6537.79,0.0
1731071824.06,6052.46,6537.98,0.0
1731071824.56,6052.59,6538.17,0.0
1731071825.06,6052.72,6538.36,0.0
1731071825.56,6052.85,6538.55,0.0
1731071826.06,6052.98,6538.74,0.0
1731071826.56,6053.11,6538.93,0.0
1731071827.06,6053.24,6539.12,0.0
1731071827.56,6053.37,6539.31,0.0
1731071828.06,6053.5,6539.5,0.0
1731071828.56,6053.63,6539.69,0.0
1731071829.06,6053.76,6539.88,0.0
1731071829.56,6053.89,6540.07,0.0
1731071830.06,6054.02,6540.26,0.0
1731071830.56,6054.15,6540.45,0.0
1731071831.06,6054.28,6540.64,0.0
1731071831.56,6054.41,6540.83,0.0
1731071832.06,6054.54,6541.02,0.0
1731071832.56,6054.67,6541.21,0.0
1731071833.06,6054.8,6541.4,0.0
1731071833.56,6054.93,6541.59,0.0
1731071834.06,6055.06,6541.78,0.0
1731071834.56,6055.19,6541.97,0.0
1731071835.06,6055.32,6542.16,0.0
1731071835.56,6055.45,6542.35,0.0
1731071836.06,6055.58,6542.54,0.0
1731071836.57,6055.71,6542.73,0.0
1731071837.07,6055.84,6542.92,0.0
1731071837.57,6055.97,6543.11,0.0
1731071838.07,6056.1,6543.3,0.0
1731071838.57,6056.23,6543.49,0.0
1731071839.07,6056.36,6543.68,0.0
1731071839.57,6056.49,6543.87,0.0
1731071840.07,6056.62,6544.06,0.0
1731071840.57,6056.75,6544.25,0.0
1731071841.07,6056.88,6544.44,0.0
1731071841.57,6057.01,6544.63,0.0
1731071842.07,6057.14,6544.82,0.0
1731071842.58,6057.27,6545.01,0.0
1731071843.07,6057.4,6545.2,0.0
1731071843.57,6057.53,6545.39,0.0
1731071844.08,6057.66,6545.58,0.0
1731071844.58,6057.79,6545.77,0.0
1731071845.08,6057.92,6545.96,0.0
1731071845.58,6058.05,6546.15,0.0
1731071846.08,6058.18,6546.34,0.0
1731071846.58,6058.31,6546.53,0.0
1731071847.08,6058.44,6546.72,0.0
1731071847.58,6058.57,6546.91,0.0
1731071848.08,6058.7,6547.1,0.0
1731071848.58,6058.83,6547.29,0.0
1731071849.08,6058.96,6547.48,0.0
1731071849.58,6059.09,6547.67,0.0
1731071850.08,6059.22,6547.86,0.0
1731071850.58,6059.35,6548.05,0.0
1731071851.08,6059.48,6548.24,0.0
1731071851.58,6059.61,6548.43,0.0
1731071852.09,6059.74,6548.62,0.0
1731071852.59,6059.87,6548.81,0.0
1731071853.09,6060.0,6549.0,0.0
1731071853.59,6060.13,6549.19,0.0
1731071854.09,6060.26,6549.38,0.0
1731071854.59,6060.39,6549.57,0.0
1731071855.09,6060.52,6549.76,0.0
1731071855.59,6060.65,6549.95,0.0
1731071856.09,6060.78,6550.14,0.0
1731071856.59,6060.91,6550.33,0.0
1731071857.09,6061.04,6550.52,0.0
1731071857.59,6061.17,6550.71,0.0
1731071858.09,6061.3,6550.9,0.0
1731071858.59,6061.43,6551.09,0.0
1731071859.09,6061.56,6551.28,0.0
1731071859.59,6061.69,6551.47,0.0
1731071860.09,6061.82,6551.66,0.0
1731071860.59,6061.95,6551.85,0.0
1731071861.09,6062.08,6552.04,0.0
1731071861.59,6062.21,6552.23,0.0
1731071862.09,6062.34,6552.42,0.0
1731071862.59,6062.47,6552.61,0.0
1731071863.09,6062.6,6552.8,0.0
1731071863.59,6062.73,6552.99,0.0
1731071864.09,6062.86,6553.18,0.0
1731071864.6,6062.99,6553.37,0.0
1731071865.1,6063.12,6553.56,0.0
1731071865.59,6063.25,6553.75,0.0
1731071866.1,6063.38,6553.94,0.0
1731071866.6,6063.51,6554.13,0.0
1731071867.1,6063.64,6554.32,0.0
1731071867.6,6063.77,6554.51,0.0
1731071868.1,6063.9,6554.7,0.0
1731071868.6,6064.03,6554.89,0.0
1731071869.1,6064.16,6555.08,0.0
1731071869.6,6064.29,6555.27,0.0
1731071870.1,6064.42,6555.46,0.0
1731071870.6,6064.55,6555.65,0.0
1731071871.1,6064.68,6555.84,0.0
1731071871.6,6064.81,6556.03,0.0
1731071872.1,6064.94,6556.22,0.0
1731071872.61,6065.07,6556.41,0.0
1731071873.11,6065.2,6556.6,0.0
1731071873.6,6065.33,6556.79,0.0
1731071874.1,6065.46,6556.98,0.0
1731071874.6,6065.59,6557.17,0.0
1731071875.1,6065.72,6557.36,0.0
1731071875.61,6065.85,6557.55,0.0
1731071876.11,6065.98,6557.74,0.0
1731071876.61,6066.11,6557.93,0.0
1731071877.11,6066.24,6558.12,0.0
1731071877.61,6066.37,6558.31,0.0
1731071878.11,6066.5,6558.5,0.0
1731071878.61,6066.63,6558.69,0.0
1731071879.11,6066.76,6558.88,0.0
1731071879.61,6066.89,6559.07,0.0
1731071880.11,6067.02,6559.26,0.0
1731071880.61,6067.15,6559.45,0.0
1731071881.11,6067.28,6559.64,0.0
1731071881.62,6067.41,6559.83,0.0
1731071882.11,6067.54,6560.02,0.0
1731071882.61,6067.67,6560.21,0.0
1731071883.11,6067.8,6560.4,0.0
1731071883.61,6067.93,6560.59,0.0
1731071884.11,6068.06,6560.78,0.0
1731071884.62,6068.19,6560.97,0.0
1731071885.12,6068.32,6561.16,0.0
1731071885.62,6068.45,6561.35,0.0
1731071886.12,6068.58,6561.54,0.0
1731071886.62,6068.71,6561.73,0.0
1731071887.12,6068.84,6561.92,0.0
1731071887.62,6068.97,6562.11,0.0
1731071888.12,6069.1,6562.3,0.0
1731071888.62,6069.23,6562.49,0.0
1731071889.12,6069.36,6562.68,0.0
1731071889.62,6069.49,6562.87,0.0
1731071890.12,6069.62,6563.06,0.0
1731071890.62,6069.75,6563.25,0.0
1731071891.12,6069.88,6563.44,0.0
1731071891.62,6070.01,6563.63,0.0
1731071892.12,6070.14,6563.82,0.0
1731071892.62,6070.27,6564.01,0.0
1731071893.12,6070.4,6564.2,0.0
1731071893.62,6070.53,6564.39,0.0
1731071894.13,6070.66,6564.58,0.0
1731071894.63,6070.79,6564.77,0.0
1731071895.13,6070.92,6564.96,0.0
1731071895.63,6071.05,6565.15,0.0
1731071896.13,6071.18,6565.34,0.0
1731071896.63,6071.31,6565.53,0.0
1731071897.13,6071.44,6565.72,0.0
1731071897.63,6071.57,6565.91,0.0
1731071898.13,6071.7,6566.1,0.0
1731071898.63,6071.83,6566.29,0.0
1731071899.13,6071.96,6566.48,0.0
1731071899.63,6072.09,6566.67,0.0
1731071900.13,6072.22,6566.86,0.0
1731071900.63,6072.35,6567.05,0.0
1731071901.13,6072.48,6567.24,0.0
1731071901.63,6072.61,6567.43,0.0
1731071902.13,6072.74,6567.62,0.0
1731071902.63,6072.87,6567.81,0.0
1731071903.13,6073.0,6568.0,0.0
1731071903.63,6073.13,6568.19,0.0
1731071904.13,6073.26,6568.38,0.0
1731071904.63,6073.39,6568.57,0.0
1731071905.14,6073.52,6568.76,0.0
1731071905.63,6073.65,6568.95,0.0
1731071906.13,6073.78,6569.14,0.0
1731071906.64,6073.91,6569.33,0.0
1731071907.14,6074.04,6569.52,0.0
1731071907.64,6074.17,6569.71,0.0
1731071908.14,6074.3,6569.9,0.0
1731071908.64,6074.43,6570.09,0.0
1731071909.14,6074.56,6570.28,0.0
1731071909.64,6074.69,6570.47,0.0
1731071910.14,6074.82,6570.66,0.0
1731071910.64,6074.95,6570.85,0.0
1731071911.14,6075.08,6571.04,0.0
1731071911.64,6075.21,6571.23,0.0
1731071912.14,6075.34,6571.42,0.0
1731071912.64,6075.47,6571.61,0.0
1731071913.14,6075.6,6571.8,0.0
1731071913.64,6075.73,6571.99,0.0
1731071914.14,6075.86,6572.18,0.0
1731071914.64,6075.99,6572.37,0.0
1731071915.14,6076.12,6572.56,0.0
1731071915.64,6076.25,6572.75,0.0
1731071916.15,6076.38,6572.94,0.0
1731071916.65,6076.51,6573.13,0.0
1731071917.15,6076.64,6573.32,0.0
1731071917.64,6076.77,6573.51,0.0
1731071918.15,6076.9,6573.7,0.0
1731071918.65,6077.03,6573.89,0.0
1731071919.15,6077.16,6574.08,0.0
1731071919.65,6077.29,6574.27,0.0
1731071920.15,6077.42,6574.46,0.0
1731071920.65,6077.55,6574.65,0.0
1731071921.15,6077.68,6574.84,0.0
1731071921.65,6077.81,6575.03,0.0
1731071922.15,6077.94,6575.22,0.0
1731071922.65,6078.07,6575.41,0.0
1731071923.15,6078.2,6575.6,0.0
1731071923.65,6078.33,6575.79,0.0
1731071924.15,6078.46,6575.98,0.0
1731071924.65,6078.59,6576.17,0.0
1731071925.15,6078.72,6576.36,0.0
1731071925.65,6078.85,6576.55,0.0
1731071926.15,6078.98,6576.74,0.0
1731071926.66,6079.11,6576.93,0.0
1731071927.16,6079.24,6577.12,0.0
1731071927.66,6079.37,6577.31,0.0
1731071928.16,6079.5,6577.5,0.0
1731071928.66,6079.63,6577.69,0.0
1731071929.16,6079.76,6577.88,0.0
1731071929.66,6079.89,6578.07,0.0
1731071930.16,6080.02,6578.26,0.0
1731071930.66,6080.15,6578.45,0.0
1731071931.16,6080.28,6578.64,0.0
1731071931.66,6080.41,6578.83,0.0
1731071932.16,6080.54,6579.02,0.0
1731071932.66,6080.67,6579.21,0.0
1731071933.17,6080.8,6579.4,0.0
1731071933.67,6080.93,6579.59,0.0
1731071934.16,6081.06,6579.78,0.0
1731071934.67,6081.19,6579.97,0.0
1731071935.17,6081.32,6580.16,0.0
1731071935.67,6081.45,6580.35,0.0
1731071936.17,6081.58,6580.54,0.0
1731071936.67,6081.71,6580.73,0.0
1731071937.17,6081.84,6580.92,0.0
1731071937.67,6081.97,6581.11,0.0
1731071938.17,6082.1,6581.3,0.0
1731071938.67,6082.23,6581.49,0.0
1731071939.17,6082.36,6581.68,0.0
1731071939.67,6082.49,6581.87,0.0
1731071940.17,6082.62,6582.06,0.0
1731071940.67,6082.75,6582.25,0.0
1731071941.17,6082.88,6582.44,0.0
1731071941.67,6083.01,6582.63,0.0
1731071942.17,6083.14,6582.82,0.0
1731071942.67,6083.27,6583.01,0.0
1731071943.18,6083.4,6583.2,0.0
1731071943.68,6083.53,6583.39,0.0
1731071944.18,6083.66,6583.58,0.0
1731071944.68,6083.79,6583.77,0.0
1731071945.18,6083.92,6583.96,0.0
1731071945.68,6084.05,6584.15,0.0
1731071946.18,6084.18,6584.34,0.0
1731071946.68,6084.31,6584.53,0.0
1731071947.18,6084.44,6584.72,0.0
1731071947.68,6084.57,6584.91,0.0
1731071948.18,6084.7,6585.1,0.0
1731071948.68,6084.83,6585.29,0.0
1731071949.18,6084.96,6585.48,0.0
1731071949.68,6085.09,6585.67,0.0
1731071950.18,6085.22,6585.86,0.0
1731071950.68,6085.35,6586.05,0.0
1731071951.18,6085.48,6586.24,0.0
1731071951.69,6085.61,6586.43,0.0
1731071952.19,6085.74,6586.62,0.0
1731071952.68,6085.87,6586.81,0.0
1731071953.19,6086.0,6587.0,0.0
1731071953.69,6086.13,6587.19,0.0
1731071954.19,6086.26,6587.38,0.0
1731071954.69,6086.39,6587.57,0.0
1731071955.19,6086.52,6587.76,0.0
1731071955.69,6086.65,6587.95,0.0
1731071956.19,6086.78,6588.14,0.0
1731071956.69,6086.91,6588.33,0.0
1731071957.19,6087.04,6588.52,0.0
1731071957.69,6087.17,6588.71,0.0
1731071958.19,6087.3,6588.9,0.0
1731071958.69,6087.43,6589.09,0.0
1731071959.19,6087.56,6589.28,0.0
1731071959.69,6087.69,6589.47,0.0
1731071960.19,6087.82,6589.66,0.0
1731071960.7,6087.95,6589.85,0.0
1731071961.2,6088.08,6590.04,0.0
1731071961.7,6088.21,6590.23,0.0
1731071962.19,6088.34,6590.42,0.0
1731071962.7,6088.47,6590.61,0.0
1731071963.2,6088.6,6590.8,0.0
1731071963.7,6088.73,6590.99,0.0
1731071964.2,6088.86,6591.18,0.0
1731071964.7,6088.99,6591.37,0.0
1731071965.2,6089.12,6591.56,0.0
1731071965.7,6089.25,6591.75,0.0
1731071966.2,6089.38,6591.94,0.0
1731071966.7,6089.51,6592.13,0.0
1731071967.2,6089.64,6592.32,0.0
1731071967.7,6089.77,6592.51,0.0
1731071968.2,6089.9,6592.7,0.0
1731071968.7,6090.03,6592.89,0.0
1731071969.2,6090.16,6593.08,0.0
1731071969.7,6090.29,6593.27,0.0
1731071970.2,6090.42,6593.46,0.0
1731071970.7,6090.55,6593.65,0.0
1731071971.21,6090.68,6593.84,0.0
1731071971.71,6090.81,6594.03,0.0
1731071972.21,6090.94,6594.22,0.0
1731071972.71,6091.07,6594.41,0.0
1731071973.21,6091.2,6594.6,0.0
1731071973.71,6091.33,6594.79,0.0
1731071974.21,6091.46,6594.98,0.0
1731071974.71,6091.59,6595.17,0.0
1731071975.21,6091.72,6595.36,0.0
1731071975.71,6091.85,6595.55,0.0
1731071976.21,6091.98,6595.74,0.0
1731071976.71,6092.11,6595.93,0.0
1731071977.21,6092.24,6596.12,0.0
1731071977.71,6092.37,6596.31,0.0
1731071978.21,6092.5,6596.5,0.0
1731071978.71,6092.63,6596.69,0.0
1731071979.21,6092.76,6596.88,0.0
1731071979.71,6092.89,6597.07,0.0
1731071980.21,6093.02,6597.26,0.0
1731071980.72,6093.15,6597.45,0.0
1731071981.22,6093.28,6597.64,0.0
1731071981.71,6093.41,6597.83,0.0
1731071982.21,6093.54,6598.02,0.0
1731071982.72,6093.67,6598.21,0.0
1731071983.22,6093.8,6598.4,0.0
1731071983.72,6093.93,6598.59,0.0
1731071984.22,6094.06,6598.78,0.0
1731071984.72,6094.19,6598.97,0.0
1731071985.22,6094.32,6599.16,0.0
1731071985.72,6094.45,6599.35,0.0
1731071986.22,6094.58,6599.54,0.0
1731071986.72,6094.71,6599.73,0.0
1731071987.22,6094.84,6599.92,0.0
1731071987.72,6094.97,6600.11,0.0
1731071988.22,6095.1,6600.3,0.0
1731071988.72,6095.23,6600.49,0.0
1731071989.22,6095.36,6600.68,0.0
1731071989.72,6095.49,6600.87,0.0
1731071990.22,6095.62,6601.06,0.0
1731071990.72,6095.75,6601.25,0.0
1731071991.22,6095.88,6601.44,0.0
1731071991.73,6096.01,6601.63,0.0
1731071992.23,6096.14,6601.82,0.0
1731071992.73,6096.27,6602.01,0.0
1731071993.23,6096.4,6602.2,0.0
1731071993.73,6096.53,6602.39,0.0
1731071994.23,6096.66,6602.58,0.0
1731071994.73,6096.79,6602.77,0.0
1731071995.23,6096.92,6602.96,0.0
1731071995.73,6097.05,6603.15,0.0
1731071996.23,6097.18,6603.34,0.0
1731071996.73,6097.31,6603.53,0.0
1731071997.23,6097.44,6603.72,0.0
1731071997.73,6097.57,6603.91,0.0
1731071998.23,6097.7,6604.1,0.0
1731071998.73,6097.83,6604.29,0.0
1731071999.23,6097.96,6604.48,0.0
1731071999.73,6098.09,6604.67,0.0
1731072000.23,6098.22,6604.86,0.0
1731072000.73,6098.35,6605.05,0.0
1731072001.24,6098.48,6605.24,0.0
1731072001.73,6098.61,6605.43,0.0
1731072002.24,6098.74,6605.62,0.0
1731072002.74,6098.87,6605.81,0.0
1731072003.24,6099.0,6606.0,0.0
1731072003.74,6099.13,6606.19,0.0
1731072004.24,6099.26,6606.38,0.0
1731072004.74,6099.39,6606.57,0.0
1731072005.24,6099.52,6606.76,0.0
1731072005.74,6099.65,6606.95,0.0
1731072006.24,6099.78,6607.14,0.0
1731072006.74,6099.91,6607.33,0.0
1731072007.24,6100.04,6607.52,0.0
1731072007.74,6100.17,6607.71,0.0
1731072008.24,6100.3,6607.9,0.0
1731072008.74,6100.43,6608.09,0.0
1731072009.24,6100.56,6608.28,0.0
1731072009.74,6100.69,6608.47,0.0
1731072010.24,6100.82,6608.66,0.0
1731072010.74,6100.95,6608.85,0.0
1731072011.24,6101.08,6609.04,0.0
1731072011.75,6101.21,6609.23,0.0
1731072012.24,6101.34,6609.42,0.0
1731072012.75,6101.47,6609.61,0.0
1731072013.25,6101.6,6609.8,0.0
1731072013.75,6101.73,6609.99,0.0
1731072014.25,6101.86,6610.18,0.0
1731072014.75,6101.99,6610.37,0.0
1731072015.25,6102.12,6610.56,0.0
1731072015.75,6102.25,6610.75,0.0
1731072016.25,6102.38,6610.94,0.0
1731072016.75,6102.51,6611.13,0.0
1731072017.25,6102.64,6611.32,0.0
1731072017.75,6102.77,6611.51,0.0
1731072018.25,6102.9,6611.7,0.0
1731072018.75,6103.03,6611.89,0.0
1731072019.25,6103.16,6612.08,0.0
1731072019.75,6103.29,6612.27,0.0
1731072020.25,6103.42,6612.46,0.0
1731072020.75,6103.55,6612.65,0.0
1731072021.26,6103.68,6612.84,0.0
1731072021.76,6103.81,6613.03,0.0
1731072022.26,6103.94,6613.22,0.0
1731072022.75,6104.07,6613.41,0.0
1731072023.26,6104.2,6613.6,0.0
1731072023.76,6104.33,6613.79,0.0
1731072024.26,6104.46,6613.98,0.0
1731072024.76,6104.59,6614.17,0.0
1731072025.26,6104.72,6614.36,0.0
1731072025.76,6104.85,6614.55,0.0
1731072026.26,6104.98,6614.74,0.0
1731072026.76,6105.11,6614.93,0.0
1731072027.26,6105.24,6615.12,0.0
1731072027.76,6105.37,6615.31,0.0
1731072028.26,6105.5,6615.5,0.0
1731072028.76,6105.63,6615.69,0.0
1731072029.26,6105.76,6615.88,0.0
1731072029.76,6105.89,6616.07,0.0
1731072030.26,6106.02,6616.26,0.0
1731072030.76,6106.15,6616.45,0.0
1731072031.26,6106.28,6616.64,0.0
1731072031.76,6106.41,6616.83,0.0
1731072032.26,6106.54,6617.02,0.0
1731072032.77,6106.67,6617.21,0.0
1731072033.27,6106.8,6617.4,0.0
1731072033.77,6106.93,6617.59,0.0
1731072034.27,6107.06,6617.78,0.0
1731072034.77,6107.19,6617.97,0.0
1731072035.27,6107.32,6618.16,0.0
1731072035.77,6107.45,6618.35,0.0
1731072036.27,6107.58,6618.54,0.0
1731072036.77,6107.71,6618.73,0.0
1731072037.27,6107.84,6618.92,0.0
1731072037.77,6107.97,6619.11,0.0
1731072038.27,6108.1,6619.3,0.0
1731072038.77,6108.23,6619.49,0.0
1731072039.27,6108.36,6619.68,0.0
1731072039.77,6108.49,6619.87,0.0
1731072040.27,6108.62,6620.06,0.0
1731072040.78,6108.75,6620.25,0.0
1731072041.27,6108.88,6620.44,0.0
1731072041.78,6109.01,6620.63,0.0
1731072042.28,6109.14,6620.82,0.0
1731072042.78,6109.27,6621.01,0.0
1731072043.28,6109.4,6621.2,0.0
1731072043.78,6109.53,6621.39,0.0
1731072044.28,6109.66,6621.58,0.0
1731072044.78,6109.79,6621.77,0.0
1731072045.28,6109.92,6621.96,0.0
1731072045.78,6110.05,6622.15,0.0
1731072046.28,6110.18,6622.34,0.0
1731072046.78,6110.31,6622.53,0.0
1731072047.28,6110.44,6622.72,0.0
1731072047.78,6110.57,6622.91,0.0
1731072048.28,6110.7,6623.1,0.0
1731072048.78,6110.83,6623.29,0.0
1731072049.28,6110.96,6623.48,0.0
1731072049.78,6111.09,6623.67,0.0
1731072050.28,6111.22,6623.86,0.0
1731072050.78,6111.35,6624.05,0.0
1731072051.28,6111.48,6624.24,0.0
1731072051.79,6111.61,6624.43,0.0
1731072052.29,6111.74,6624.62,0.0
1731072052.79,6111.87,6624.81,0.0
1731072053.29,6112.0,6625.0,0.0
1731072053.79,6112.13,6625.19,0.0
1731072054.29,6112.26,6625.38,0.0
1731072054.79,6112.39,6625.57,0.0
1731072055.29,6112.52,6625.76,0.0
1731072055.79,6112.65,6625.95,0.0
1731072056.29,6112.78,6626.14,0.0
1731072056.79,6112.91,6626.33,0.0
1731072057.29,6113.04,6626.52,0.0
1731072057.79,6113.17,6626.71,0.0
1731072058.29,6113.3,6626.9,0.0
1731072058.79,6113.43,6627.09,0.0
1731072059.29,6113.56,6627.28,0.0
1731072059.79,6113.69,6627.47,0.0
1731072060.29,6113.82,6627.66,0.0
1731072060.79,6113.95,6627.85,0.0
1731072061.3,6114.08,6628.04,0.0
1731072061.79,6114.21,6628.23,0.0
1731072062.29,6114.34,6628.42,0.0
1731072062.8,6114.47,6628.61,0.0
1731072063.3,6114.6,6628.8,0.0
1731072063.8,6114.73,6628.99,0.0
1731072064.3,6114.86,6629.18,0.0
1731072064.8,6114.99,6629.37,0.0
1731072065.3,6115.12,6629.56,0.0
1731072065.8,6115.25,6629.75,0.0
1731072066.3,6115.38,6629.94,0.0
1731072066.8,6115.51,6630.13,0.0
1731072067.3,6115.64,6630.32,0.0
1731072067.8,6115.77,6630.51,0.0
1731072068.3,6115.9,6630.7,0.0
1731072068.8,6116.03,6630.89,0.0
1731072069.3,6116.16,6631.08,0.0
1731072069.8,6116.29,6631.27,0.0
1731072070.3,6116.42,6631.46,0.0
1731072070.81,6116.55,6631.65,0.0
1731072071.3,6116.68,6631.84,0.0
1731072071.8,6116.81,6632.03,0.0
1731072072.3,6116.94,6632.22,0.0
1731072072.8,6117.07,6632.41,0.0
1731072073.31,6117.2,6632.6,0.0
1731072073.81,6117.33,6632.79,0.0
1731072074.31,6117.46,6632.98,0.0
1731072074.81,6117.59,6633.17,0.0
1731072075.31,6117.72,6633.36,0.0
1731072075.81,6117.85,6633.55,0.0
1731072076.31,6117.98,6633.74,0.0
1731072076.81,6118.11,6633.93,0.0
1731072077.31,6118.24,6634.12,0.0
1731072077.81,6118.37,6634.31,0.0
1731072078.31,6118.5,6634.5,0.0
1731072078.81,6118.63,6634.69,0.0
1731072079.31,6118.76,6634.88,0.0
1731072079.81,6118.89,6635.07,0.0
1731072080.31,6119.02,6635.26,0.0
1731072080.81,6119.15,6635.45,0.0
1731072081.31,6119.28,6635.64,0.0
1731072081.81,6119.41,6635.83,0.0
1731072082.31,6119.54,6636.02,0.0
1731072082.81,6119.67,6636.21,0.0
1731072083.32,6119.8,6636.4,0.0
1731072083.82,6119.93,6636.59,0.0
1731072084.32,6120.06,6636.78,0.0
1731072084.82,6120.19,6636.97,0.0
1731072085.32,6120.32,6637.16,0.0
1731072085.82,6120.45,6637.35,0.0
1731072086.32,6120.58,6637.54,0.0
1731072086.82,6120.71,6637.73,0.0
1731072087.32,6120.84,6637.92,0.0
1731072087.82,6120.97,6638.11,0.0
1731072088.32,6121.1,6638.3,0.0
1731072088.82,6121.23,6638.49,0.0
1731072089.32,6121.36,6638.68,0.0
1731072089.82,6121.49,6638.87,0.0
1731072090.32,6121.62,6639.06,0.0
1731072090.82,6121.75,6639.25,0.0
1731072091.32,6121.88,6639.44,0.0
1731072091.82,6122.01,6639.63,0.0
1731072092.32,6122.14,6639.82,0.0
1731072092.83,6122.27,6640.01,0.0
1731072093.33,6122.4,6640.2,0.0
1731072093.83,6122.53,6640.39,0.0
1731072094.33,6122.66,6640.58,0.0
1731072094.83,6122.79,6640.77,0.0
1731072095.33,6122.92,6640.96,0.0
1731072095.83,6123.05,6641.15,0.0
1731072096.33,6123.18,6641.34,0.0
1731072096.83,6123.31,6641.53,0.0
1731072097.33,6123.44,6641.72,0.0
1731072097.83,6123.57,6641.91,0.0
1731072098.33,6123.7,6642.1,0.0
1731072098.83,6123.83,6642.29,0.0
1731072099.33,6123.96,6642.48,0.0
1731072099.83,6124.09,6642.67,0.0
1731072100.33,6124.22,6642.86,0.0
1731072100.83,6124.35,6643.05,0.0
1731072101.33,6124.48,6643.24,0.0
1731072101.83,6124.61,6643.43,0.0
1731072102.33,6124.74,6643.62,0.0
1731072102.83,6124.87,6643.81,0.0
1731072103.34,6125.0,6644.0,0.0
1731072103.84,6125.13,6644.19,0.0
1731072104.34,6125.26,6644.38,0.0
1731072104.84,6125.39,6644.57,0.0
1731072105.34,6125.52,6644.76,0.0
1731072105.84,6125.65,6644.95,0.0
1731072106.34,6125.78,6645.14,0.0
1731072106.84,6125.91,6645.33,0.0
1731072107.34,6126.04,6645.52,0.0
1731072107.84,6126.17,6645.71,0.0
1731072108.34,6126.3,6645.9,0.0
1731072108.84,6126.43,6646.09,0.0
1731072109.34,6126.56,6646.28,0.0
1731072109.84,6126.69,6646.47,0.0
1731072110.34,6126.82,6646.66,0.0
1731072110.84,6126.95,6646.85,0.0
1731072111.34,6127.08,6647.04,0.0
1731072111.85,6127.21,6647.23,0.0
1731072112.34,6127.34,6647.42,0.0
1731072112.84,6127.47,6647.61,0.0
1731072113.34,6127.6,6647.8,0.0
1731072113.84,6127.73,6647.99,0.0
1731072114.35,6127.86,6648.18,0.0
1731072114.85,6127.99,6648.37,0.0
1731072115.34,6128.12,6648.56,0.0
1731072115.85,6128.25,6648.75,0.0
1731072116.35,6128.38,6648.94,0.0
1731072116.85,6128.51,6649.13,0.0
1731072117.35,6128.64,6649.32,0.0
1731072117.85,6128.77,6649.51,0.0
1731072118.35,6128.9,6649.7,0.0
1731072118.85,6129.03,6649.89,0.0
1731072119.35,6129.16,6650.08,0.0
1731072119.85,6129.29,6650.27,0.0
1731072120.35,6129.42,6650.46,0.0
1731072120.85,6129.55,6650.65,0.0
1731072121.35,6129.68,6650.84,0.0
1731072121.85,6129.81,6651.03,0.0
1731072122.35,6129.94,6651.22,0.0
1731072122.85,6130.07,6651.41,0.0
1731072123.35,6130.2,6651.6,0.0
1731072123.85,6130.33,6651.79,0.0
1731072124.35,6130.46,6651.98,0.0
1731072124.85,6130.59,6652.17,0.0
1731072125.35,6130.72,6652.36,0.0
1731072125.85,6130.85,6652.55,0.0
1731072126.36,6130.98,6652.74,0.0
1731072126.86,6131.11,6652.93,0.0
1731072127.36,6131.24,6653.12,0.0
1731072127.86,6131.37,6653.31,0.0
1731072128.36,6131.5,6653.5,0.0
1731072128.86,6131.63,6653.69,0.0
1731072129.36,6131.76,6653.88,0.0
1731072129.86,6131.89,6654.07,0.0
1731072130.36,6132.02,6654.26,0.0
1731072130.86,6132.15,6654.45,0.0
1731072131.36,6132.28,6654.64,0.0
1731072131.86,6132.41,6654.83,0.0
1731072132.36,6132.54,6655.02,0.0
1731072132.86,6132.67,6655.21,0.0
1731072133.37,6132.8,6655.4,0.0
1731072133.87,6132.93,6655.59,0.0
1731072134.37,6133.06,6655.78,0.0
1731072134.87,6133.19,6655.97,0.0
1731072135.37,6133.32,6656.16,0.0
1731072135.87,6133.45,6656.35,0.0
1731072136.37,6133.58,6656.54,0.0
1731072136.87,6133.71,6656.73,0.0
1731072137.37,6133.84,6656.92,0.0
1731072137.87,6133.97,6657.11,0.0
1731072138.37,6134.1,6657.3,0.0
1731072138.87,6134.23,6657.49,0.0
1731072139.37,6134.36,6657.68,0.0
1731072139.87,6134.49,6657.87,0.0
1731072140.37,6134.62,6658.06,0.0
1731072140.87,6134.75,6658.25,0.0
1731072141.37,6134.88,6658.44,0.0
1731072141.87,6135.01,6658.63,0.0
1731072142.37,6135.14,6658.82,0.0
1731072142.87,6135.27,6659.01,0.0
1731072143.37,6135.4,6659.2,0.0
1731072143.87,6135.53,6659.39,0.0
1731072144.37,6135.66,6659.58,0.0
1731072144.87,6135.79,6659.77,0.0
1731072145.38,6135.92,6659.96,0.0
1731072145.88,6136.05,6660.15,0.0
1731072146.38,6136.18,6660.34,0.0
1731072146.88,6136.31,6660.53,0.0
1731072147.38,6136.44,6660.72,0.0
1731072147.88,6136.57,6660.91,0.0
1731072148.38,6136.7,6661.1,0.0
1731072148.88,6136.83,6661.29,0.0
1731072149.38,6136.96,6661.48,0.0
1731072149.88,6137.09,6661.67,0.0
1731072150.38,6137.22,6661.86,0.0
1731072150.88,6137.35,6662.05,0.0
1731072151.38,6137.48,6662.24,0.0
1731072151.88,6137.61,6662.43,0.0
1731072152.38,6137.74,6662.62,0.0
1731072152.88,6137.87,6662.81,0.0
1731072153.38,6138.0,6663.0,0.0
1731072153.88,6138.13,6663.19,0.0
1731072154.39,6138.26,6663.38,0.0
1731072154.89,6138.39,6663.57,0.0
1731072155.39,6138.52,6663.76,0.0
1731072155.89,6138.65,6663.95,0.0
1731072156.39,6138.78,6664.14,0.0
1731072156.89,6138.91,6664.33,0.0
1731072157.39,6139.04,6664.52,0.0
1731072157.89,6139.17,6664.71,0.0
1731072158.39,6139.3,6664.9,0.0
1731072158.89,6139.43,6665.09,0.0
1731072159.39,6139.56,6665.28,0.0
1731072159.89,6139.69,6665.47,0.0
1731072160.39,6139.82,6665.66,0.0
1731072160.89,6139.95,6665.85,0.0
1731072161.4,6140.08,6666.04,0.0
1731072161.9,6140.21,6666.23,0.0
1731072162.4,6140.34,6666.42,0.0
1731072162.9,6140.47,6666.61,0.0
1731072163.4,6140.6,6666.8,0.0
1731072163.9,6140.73,6666.99,0.0
1731072164.4,6140.86,6667.18,0.0
1731072164.9,6140.99,6667.37,0.0
1731072165.4,6141.12,6667.56,0.0
1731072165.9,6141.25,6667.75,0.0
1731072166.4,6141.38,6667.94,0.0
1731072166.9,6141.51,6668.13,0.0
1731072167.4,6141.64,6668.32,0.0
1731072167.9,6141.77,6668.51,0.0
1731072168.4,6141.9,6668.7,0.0
1731072168.9,6142.03,6668.89,0.0
1731072169.4,6142.16,6669.08,0.0
1731072169.9,6142.29,6669.27,0.0
1731072170.4,6142.42,6669.46,0.0
1731072170.9,6142.55,6669.65,0.0
1731072171.4,6142.68,6669.84,0.0
1731072171.9,6142.81,6670.03,0.0
1731072172.4,6142.94,6670.22,0.0
1731072172.91,6143.07,6670.41,0.0
1731072173.4,6143.2,6670.6,0.0
1731072173.91,6143.33,6670.79,0.0
1731072174.41,6143.46,6670.98,0.0
1731072174.91,6143.59,6671.17,0.0
1731072175.41,6143.72,6671.36,0.0
1731072175.91,6143.85,6671.55,0.0
1731072176.41,6143.98,6671.74,0.0
1731072176.91,6144.11,6671.93,0.0
1731072177.41,6144.24,6672.12,0.0
1731072177.91,6144.37,6672.31,0.0
1731072178.41,6144.5,6672.5,0.0
1731072178.91,6144.63,6672.69,0.0
1731072179.41,6144.76,6672.88,0.0
1731072179.91,6144.89,6673.07,0.0
1731072180.41,6145.02,6673.26,0.0
1731072180.91,6145.15,6673.45,0.0
1731072181.41,6145.28,6673.64,0.0
1731072181.91,6145.41,6673.83,0.0
1731072182.41,6145.54,6674.02,0.0
1731072182.91,6145.67,6674.21,0.0
1731072183.42,6145.8,6674.4,0.0
1731072183.92,6145.93,6674.59,0.0
1731072184.42,6146.06,6674.78,0.0
1731072184.92,6146.19,6674.97,0.0
1731072185.42,6146.32,6675.16,0.0
1731072185.92,6146.45,6675.35,0.0
1731072186.42,6146.58,6675.54,0.0
1731072186.92,6146.71,6675.73,0.0
1731072187.42,6146.84,6675.92,0.0
1731072187.92,6146.97,6676.11,0.0
1731072188.42,6147.1,6676.3,0.0
1731072188.92,6147.23,6676.49,0.0
1731072189.42,6147.36,6676.68,0.0
1731072189.92,6147.49,6676.87,0.0
1731072190.42,6147.62,6677.06,0.0
1731072190.92,6147.75,6677.25,0.0
1731072191.42,6147.88,6677.44,0.0
1731072191.92,6148.01,6677.63,0.0
1731072192.42,6148.14,6677.82,0.0
1731072192.92,6148.27,6678.01,0.0
1731072193.42,6148.4,6678.2,0.0
1731072193.93,6148.53,6678.39,0.0
1731072194.42,6148.66,6678.58,0.0
1731072194.93,6148.79,6678.77,0.0
1731072195.43,6148.92,6678.96,0.0
1731072195.93,6149.05,6679.15,0.0
1731072196.43,6149.18,6679.34,0.0
1731072196.93,6149.31,6679.53,0.0
1731072197.43,6149.44,6679.72,0.0
1731072197.93,6149.57,6679.91,0.0
1731072198.43,6149.7,6680.1,0.0
1731072198.93,6149.83,6680.29,0.0
1731072199.43,6149.96,6680.48,0.0
1731072199.93,6150.09,6680.67,0.0
1731072200.43,6150.22,6680.86,0.0
1731072200.93,6150.35,6681.05,0.0
1731072201.44,6150.48,6681.24,0.0
1731072201.94,6150.61,6681.43,0.0
1731072202.44,6150.74,6681.62,0.0
1731072202.94,6150.87,6681.81,0.0
1731072203.44,6151.0,6682.0,0.0
1731072203.94,6151.13,6682.19,0.0
1731072204.44,6151.26,6682.38,0.0
1731072204.94,6151.39,6682.57,0.0
1731072205.44,6151.52,6682.76,0.0
1731072205.94,6151.65,6682.95,0.0
1731072206.44,6151.78,6683.14,0.0
1731072206.94,6151.91,6683.33,0.0
1731072207.44,6152.04,6683.52,0.0
1731072207.94,6152.17,6683.71,0.0
1731072208.44,6152.3,6683.9,0.0
1731072208.94,6152.43,6684.09,0.0
1731072209.44,6152.56,6684.28,0.0
1731072209.94,6152.69,6684.47,0.0
1731072210.44,6152.82,6684.66,0.0
1731072210.95,6152.95,6684.85,0.0
1731072211.44,6153.08,6685.04,0.0
1731072211.95,6153.21,6685.23,0.0
1731072212.45,6153.34,6685.42,0.0
1731072212.95,6153.47,6685.61,0.0
1731072213.45,6153.6,6685.8,0.0
1731072213.95,6153.73,6685.99,0.0
1731072214.45,6153.86,6686.18,0.0
1731072214.95,6153.99,6686.37,0.0
1731072215.45,6154.12,6686.56,0.0
1731072215.95,6154.25,6686.75,0.0
1731072216.45,6154.38,6686.94,0.0
1731072216.95,6154.51,6687.13,0.0
1731072217.45,6154.64,6687.32,0.0
1731072217.95,6154.77,6687.51,0.0
1731072218.45,6154.9,6687.7,0.0
1731072218.95,6155.03,6687.89,0.0
1731072219.45,6155.16,6688.08,0.0
1731072219.95,6155.29,6688.27,0.0
1731072220.45,6155.42,6688.46,0.0
1731072220.95,6155.55,6688.65,0.0
1731072221.46,6155.68,6688.84,0.0
1731072221.95,6155.81,6689.03,0.0
1731072222.46,6155.94,6689.22,0.0
1731072222.96,6156.07,6689.41,0.0
1731072223.46,6156.2,6689.6,0.0
1731072223.96,6156.33,6689.79,0.0
1731072224.46,6156.46,6689.98,0.0
1731072224.96,6156.59,6690.17,0.0
1731072225.46,6156.72,6690.36,0.0
1731072225.96,6156.85,6690.55,0.0
1731072226.46,6156.98,6690.74,0.0
1731072226.96,6157.11,6690.93,0.0
1731072227.46,6157.24,6691.12,0.0
1731072227.96,6157.37,6691.31,0.0
1731072228.46,6157.5,6691.5,0.0
1731072228.96,6157.63,6691.69,0.0
1731072229.46,6157.76,6691.88,0.0
1731072229.96,6157.89,6692.07,0.0
1731072230.46,6158.02,6692.26,0.0
1731072230.96,6158.15,6692.45,0.0
1731072231.46,6158.28,6692.64,0.0
1731072231.96,6158.41,6692.83,0.0
1731072232.46,6158.54,6693.02,0.0
1731072232.96,6158.67,6693.21,0.0
1731072233.46,6158.8,6693.4,0.0
1731072233.97,6158.93,6693.59,0.0
1731072234.47,6159.06,6693.78,0.0
1731072234.97,6159.19,6693.97,0.0
1731072235.47,6159.32,6694.16,0.0
1731072235.97,6159.45,6694.35,0.0
1731072236.47,6159.58,6694.54,0.0
1731072236.97,6159.71,6694.73,0.0
1731072237.47,6159.84,6694.92,0.0
1731072237.97,6159.97,6695.11,0.0
1731072238.47,6160.1,6695.3,0.0
1731072238.97,6160.23,6695.49,0.0
1731072239.47,6160.36,6695.68,0.0
1731072239.97,6160.49,6695.87,0.0
1731072240.47,6160.62,6696.06,0.0
1731072240.97,6160.75,6696.25,0.0
1731072241.47,6160.88,6696.44,0.0
1731072241.97,6161.01,6696.63,0.0
1731072242.47,6161.14,6696.82,0.0
1731072242.98,6161.27,6697.01,0.0
1731072243.48,6161.4,6697.2,0.0
1731072243.98,6161.53,6697.39,0.0
1731072244.48,6161.66,6697.58,0.0
1731072244.98,6161.79,6697.77,0.0
1731072245.48,6161.92,6697.96,0.0
1731072245.98,6162.05,6698.15,0.0
1731072246.48,6162.18,6698.34,0.0
1731072246.98,6162.31,6698.53,0.0
1731072247.48,6162.44,6698.72,0.0
1731072247.98,6162.57,6698.91,0.0
1731072248.48,6162.7,6699.1,0.0
1731072248.98,6162.83,6699.29,0.0
1731072249.48,6162.96,6699.48,0.0
1731072249.98,6163.09,6699.67,0.0
1731072250.48,6163.22,6699.86,0.0
1731072250.98,6163.35,6700.05,0.0
1731072251.48,6163.48,6700.24,0.0
1731072251.98,6163.61,6700.43,0.0
1731072252.49,6163.74,6700.62,0.0
1731072252.99,6163.87,6700.81,0.0
1731072253.49,6164.0,6701.0,0.0
1731072253.99,6164.13,6701.19,0.0
1731072254.49,6164.26,6701.38,0.0
1731072254.99,6164.39,6701.57,0.0
1731072255.49,6164.52,6701.76,0.0
1731072255.99,6164.65,6701.95,0.0
1731072256.49,6164.78,6702.14,0.0
1731072256.99,6164.91,6702.33,0.0
1731072257.49,6165.04,6702.52,0.0
1731072257.99,6165.17,6702.71,0.0
1731072258.49,6165.3,6702.9,0.0
1731072259.0,6165.43,6703.09,0.0
1731072259.5,6165.56,6703.28,0.0
1731072260.0,6165.69,6703.47,0.0
1731072260.5,6165.82,6703.66,0.0
1731072261.0,6165.95,6703.85,0.0
1731072261.5,6166.08,6704.04,0.0
1731072262.0,6166.21,6704.23,0.0
1731072262.5,6166.34,6704.42,0.0
1731072263.0,6166.47,6704.61,0.0
1731072263.5,6166.6,6704.8,0.0
1731072264.01,6166.73,6704.99,0.0
1731072264.5,6166.86,6705.18,0.0
1731072265.0,6166.99,6705.37,0.0
1731072265.5,6167.12,6705.56,0.0
1731072266.01,6167.25,6705.75,0.0
1731072266.51,6167.38,6705.94,0.0
1731072267.01,6167.51,6706.13,0.0
1731072267.51,6167.64,6706.32,0.0
1731072268.01,6167.77,6706.51,0.0
1731072268.51,6167.9,6706.7,0.0
1731072269.01,6168.03,6706.89,0.0
1731072269.51,6168.16,6707.08,0.0
1731072270.01,6168.29,6707.27,0.0
1731072270.51,6168.42,6707.46,0.0
1731072271.01,6168.55,6707.65,0.0
1731072271.51,6168.68,6707.84,0.0
1731072272.01,6168.81,6708.03,0.0
1731072272.51,6168.94,6708.22,0.0
1731072273.01,6169.07,6708.41,0.0
1731072273.51,6169.2,6708.6,0.0
1731072274.01,6169.33,6708.79,0.0
1731072274.51,6169.46,6708.98,0.0
1731072275.01,6169.59,6709.17,0.0
1731072275.51,6169.72,6709.36,0.0
1731072276.01,6169.85,6709.55,0.0
1731072276.52,6169.98,6709.74,0.0
1731072277.02,6170.11,6709.93,0.0
1731072277.52,6170.24,6710.12,0.0
1731072278.02,6170.37,6710.31,0.0
1731072278.52,6170.5,6710.5,0.0
1731072279.02,6170.63,6710.69,0.0
1731072279.52,6170.76,6710.88,0.0
1731072280.02,6170.89,6711.07,0.0
1731072280.52,6171.02,6711.26,0.0
1731072281.02,6171.15,6711.45,0.0
1731072281.52,6171.28,6711.64,0.0
1731072282.02,6171.41,6711.83,0.0
1731072282.52,6171.54,6712.02,0.0
1731072283.02,6171.67,6712.21,0.0
1731072283.52,6171.8,6712.4,0.0
1731072284.02,6171.93,6712.59,0.0
1731072284.52,6172.06,6712.78,0.0
1731072285.02,6172.19,6712.97,0.0
1731072285.52,6172.32,6713.16,0.0
1731072286.02,6172.45,6713.35,0.0
1731072286.52,6172.58,6713.54,0.0
1731072287.02,6172.71,6713.73,0.0
1731072287.52,6172.84,6713.92,0.0
1731072288.02,6172.97,6714.11,0.0
1731072288.52,6173.1,6714.3,0.0
1731072289.02,6173.23,6714.49,0.0
1731072289.53,6173.36,6714.68,0.0
1731072290.03,6173.49,6714.87,0.0
1731072290.53,6173.62,6715.06,0.0
1731072291.03,6173.75,6715.25,0.0
1731072291.53,6173.88,6715.44,0.0
1731072292.03,6174.01,6715.63,0.0
1731072292.53,6174.14,6715.82,0.0
1731072293.03,6174.27,6716.01,0.0
1731072293.53,6174.4,6716.2,0.0
1731072294.03,6174.53,6716.39,0.0
1731072294.53,6174.66,6716.58,0.0
1731072295.03,6174.79,6716.77,0.0
1731072295.53,6174.92,6716.96,0.0
1731072296.03,6175.05,6717.15,0.0
1731072296.53,6175.18,6717.34,0.0
1731072297.03,6175.31,6717.53,0.0
1731072297.53,6175.44,6717.72,0.0
1731072298.03,6175.57,6717.91,0.0
1731072298.53,6175.7,6718.1,0.0
1731072299.04,6175.83,6718.29,0.0
1731072299.54,6175.96,6718.48,0.0
1731072300.04,6176.09,6718.67,0.0
1731072300.54,6176.22,6718.86,0.0
1731072301.04,6176.35,6719.05,0.0
1731072301.54,6176.48,6719.24,0.0
1731072302.04,6176.61,6719.43,0.0
1731072302.54,6176.74,6719.62,0.0
1731072303.04,6176.87,6719.81,0.0
1731072303.54,6177.0,6720.0,0.0
1731072304.04,6177.13,6720.19,0.0
1731072304.54,6177.26,6720.38,0.0
1731072305.04,6177.39,6720.57,0.0
1731072305.54,6177.52,6720.76,0.0
1731072306.04,6177.65,6720.95,0.0
1731072306.55,6177.78,6721.14,0.0
1731072307.04,6177.91,6721.33,0.0
1731072307.55,6178.04,6721.52,0.0
1731072308.05,6178.17,6721.71,0.0
1731072308.55,6178.3,6721.9,0.0
1731072309.05,6178.43,6722.09,0.0
1731072309.55,6178.56,6722.28,0.0
1731072310.05,6178.69,6722.47,0.0
1731072310.55,6178.82,6722.66,0.0
1731072311.05,6178.95,6722.85,0.0
1731072311.55,6179.08,6723.04,0.0
1731072312.05,6179.21,6723.23,0.0
1731072312.55,6179.34,6723.42,0.0
1731072313.05,6179.47,6723.61,0.0
1731072313.55,6179.6,6723.8,0.0
1731072314.06,6179.73,6723.99,0.0
1731072314.55,6179.86,6724.18,0.0
1731072315.05,6179.99,6724.37,0.0
1731072315.55,6180.12,6724.56,0.0
1731072316.05,6180.25,6724.75,0.0
1731072316.55,6180.38,6724.94,0.0
1731072317.05,6180.51,6725.13,0.0
1731072317.56,6180.64,6725.32,0.0
1731072318.06,6180.77,6725.51,0.0
1731072318.56,6180.9,6725.7,0.0
1731072319.06,6181.03,6725.89,0.0
1731072319.56,6181.16,6726.08,0.0
1731072320.06,6181.29,6726.27,0.0
1731072320.56,6181.42,6726.46,0.0
1731072321.06,6181.55,6726.65,0.0
1731072321.56,6181.68,6726.84,0.0
1731072322.06,6181.81,6727.03,0.0
1731072322.56,6181.94,6727.22,0.0
1731072323.06,6182.07,6727.41,0.0
1731072323.56,6182.2,6727.6,0.0
1731072324.06,6182.33,6727.79,0.0
1731072324.56,6182.46,6727.98,0.0
1731072325.06,6182.59,6728.17,0.0
1731072325.57,6182.72,6728.36,0.0
1731072326.07,6182.85,6728.55,0.0
1731072326.57,6182.98,6728.74,0.0
1731072327.07,6183.11,6728.93,0.0
1731072327.57,6183.24,6729.12,0.0
1731072328.07,6183.37,6729.31,0.0
1731072328.57,6183.5,6729.5,0.0
1731072329.07,6183.63,6729.69,0.0
1731072329.57,6183.76,6729.88,0.0
1731072330.07,6183.89,6730.07,0.0
1731072330.57,6184.02,6730.26,0.0
1731072331.07,6184.15,6730.45,0.0
1731072331.57,6184.28,6730.64,0.0
1731072332.07,6184.41,6730.83,0.0
1731072332.57,6184.54,6731.02,0.0
1731072333.07,6184.67,6731.21,0.0
1731072333.57,6184.8,6731.4,0.0
1731072334.07,6184.93,6731.59,0.0
1731072334.57,6185.06,6731.78,0.0
1731072335.08,6185.19,6731.97,0.0
1731072335.58,6185.32,6732.16,0.0
1731072336.07,6185.45,6732.35,0.0
1731072336.58,6185.58,6732.54,0.0
1731072337.08,6185.71,6732.73,0.0
1731072337.58,6185.84,6732.92,0.0
1731072338.08,6185.97,6733.11,0.0
1731072338.58,6186.1,6733.3,0.0
1731072339.08,6186.23,6733.49,0.0
1731072339.58,6186.36,6733.68,0.0
1731072340.08,6186.49,6733.87,0.0
1731072340.58,6186.62,6734.06,0.0
1731072341.08,6186.75,6734.25,0.0
1731072341.58,6186.88,6734.44,0.0
1731072342.08,6187.01,6734.63,0.0
1731072342.58,6187.14,6734.82,0.0
1731072343.08,6187.27,6735.01,0.0
1731072343.58,6187.4,6735.2,0.0
1731072344.08,6187.53,6735.39,0.0
1731072344.58,6187.66,6735.58,0.0
1731072345.08,6187.79,6735.77,0.0
1731072345.59,6187.92,6735.96,0.0
1731072346.08,6188.05,6736.15,0.0
1731072346.58,6188.18,6736.34,0.0
1731072347.08,6188.31,6736.53,0.0
1731072347.58,6188.44,6736.72,0.0
1731072348.09,6188.57,6736.91,0.0
1731072348.59,6188.7,6737.1,0.0
1731072349.09,6188.83,6737.29,0.0
1731072349.59,6188.96,6737.48,0.0
1731072350.09,6189.09,6737.67,0.0
1731072350.59,6189.22,6737.86,0.0
1731072351.09,6189.35,6738.05,0.0
1731072351.59,6189.48,6738.24,0.0
1731072352.09,6189.61,6738.43,0.0
1731072352.59,6189.74,6738.62,0.0
1731072353.09,6189.87,6738.81,0.0
1731072353.59,6190.0,6739.0,0.0
1731072354.09,6190.13,6739.19,0.0
1731072354.59,6190.26,6739.38,0.0
1731072355.09,6190.39,6739.57,0.0
1731072355.59,6190.52,6739.76,0.0
1731072356.09,6190.65,6739.95,0.0
1731072356.6,6190.78,6740.14,0.0
1731072357.1,6190.91,6740.33,0.0
1731072357.6,6191.04,6740.52,0.0
1731072358.1,6191.17,6740.71,0.0
1731072358.6,6191.3,6740.9,0.0
1731072359.1,6191.43,6741.09,0.0
1731072359.6,6191.56,6741.28,0.0
1731072360.1,6191.69,6741.47,0.0
1731072360.6,6191.82,6741.66,0.0
1731072361.1,6191.95,6741.85,0.0
1731072361.6,6192.08,6742.04,0.0
1731072362.1,6192.21,6742.23,0.0
1731072362.6,6192.34,6742.42,0.0
1731072363.1,6192.47,6742.61,0.0
1731072363.6,6192.6,6742.8,0.0
1731072364.1,6192.73,6742.99,0.0
1731072364.61,6192.86,6743.18,0.0
1731072365.11,6192.99,6743.37,0.0
1731072365.6,6193.12,6743.56,0.0
1731072366.11,6193.25,6743.75,0.0
1731072366.61,6193.38,6743.94,0.0
1731072367.11,6193.51,6744.13,0.0
1731072367.61,6193.64,6744.32,0.0
1731072368.11,6193.77,6744.51,0.0
1731072368.61,6193.9,6744.7,0.0
1731072369.11,6194.03,6744.89,0.0
1731072369.61,6194.16,6745.08,0.0
1731072370.11,6194.29,6745.27,0.0
1731072370.61,6194.42,6745.46,0.0
1731072371.11,6194.55,6745.65,0.0
1731072371.61,6194.68,6745.84,0.0
1731072372.11,6194.81,6746.03,0.0
1731072372.61,6194.94,6746.22,0.0
1731072373.11,6195.07,6746.41,0.0
1731072373.61,6195.2,6746.6,0.0
1731072374.11,6195.33,6746.79,0.0
1731072374.61,6195.46,6746.98,0.0
1731072375.12,6195.59,6747.17,0.0
1731072375.62,6195.72,6747.36,0.0
1731072376.12,6195.85,6747.55,0.0
1731072376.62,6195.98,6747.74,0.0
1731072377.12,6196.11,6747.93,0.0
1731072377.62,6196.24,6748.12,0.0
1731072378.12,6196.37,6748.31,0.0
1731072378.62,6196.5,6748.5,0.0
1731072379.12,6196.63,6748.69,0.0
1731072379.62,6196.76,6748.88,0.0
1731072380.13,6196.89,6749.07,0.0
1731072380.62,6197.02,6749.26,0.0
1731072381.12,6197.15,6749.45,0.0
1731072381.63,6197.28,6749.64,0.0
1731072382.13,6197.41,6749.83,0.0
1731072382.63,6197.54,6750.02,0.0
1731072383.13,6197.67,6750.21,0.0
1731072383.63,6197.8,6750.4,0.0
1731072384.13,6197.93,6750.59,0.0
1731072384.63,6198.06,6750.78,0.0
1731072385.13,6198.19,6750.97,0.0
1731072385.63,6198.32,6751.16,0.0
1731072386.13,6198.45,6751.35,0.0
1731072386.63,6198.58,6751.54,0.0
1731072387.13,6198.71,6751.73,0.0
1731072387.63,6198.84,6751.92,0.0
1731072388.13,6198.97,6752.11,0.0
1731072388.63,6199.1,6752.3,0.0
1731072389.13,6199.23,6752.49,0.0
1731072389.63,6199.36,6752.68,0.0
1731072390.14,6199.49,6752.87,0.0
1731072390.64,6199.62,6753.06,0.0
1731072391.14,6199.75,6753.25,0.0
1731072391.64,6199.88,6753.44,0.0
1731072392.14,6200.01,6753.63,0.0
1731072392.64,6200.14,6753.82,0.0
1731072393.14,6200.27,6754.01,0.0
1731072393.64,6200.4,6754.2,0.0
1731072394.14,6200.53,6754.39,0.0
1731072394.64,6200.66,6754.58,0.0
1731072395.14,6200.79,6754.77,0.0
1731072395.64,6200.92,6754.96,0.0
1731072396.14,6201.05,6755.15,0.0
1731072396.64,6201.18,6755.34,0.0
1731072397.14,6201.31,6755.53,0.0
1731072397.64,6201.44,6755.72,0.0
1731072398.15,6201.57,6755.91,0.0
1731072398.65,6201.7,6756.1,0.0
1731072399.15,6201.83,6756.29,0.0
1731072399.65,6201.96,6756.48,0.0
1731072400.15,6202.09,6756.67,0.0
1731072400.65,6202.22,6756.86,0.0
1731072401.15,6202.35,6757.05,0.0
1731072401.65,6202.48,6757.24,0.0
1731072402.15,6202.61,6757.43,0.0
1731072402.65,6202.74,6757.62,0.0
1731072403.15,6202.87,6757.81,0.0
1731072403.65,6203.0,6758.0,0.0
1731072404.15,6203.13,6758.19,0.0
1731072404.65,6203.26,6758.38,0.0
1731072405.15,6203.39,6758.57,0.0
1731072405.65,6203.52,6758.76,0.0
1731072406.15,6203.65,6758.95,0.0
1731072406.65,6203.78,6759.14,0.0
1731072407.16,6203.91,6759.33,0.0
1731072407.66,6204.04,6759.52,0.0
1731072408.16,6204.17,6759.71,0.0
1731072408.66,6204.3,6759.9,0.0
1731072409.16,6204.43,6760.09,0.0
1731072409.66,6204.56,6760.28,0.0
1731072410.16,6204.69,6760.47,0.0
1731072410.66,6204.82,6760.66,0.0
1731072411.16,6204.95,6760.85,0.0
1731072411.66,6205.08,6761.04,0.0
1731072412.16,6205.21,6761.23,0.0
1731072412.66,6205.34,6761.42,0.0
1731072413.16,6205.47,6761.61,0.0
1731072413.66,6205.6,6761.8,0.0
1731072414.16,6205.73,6761.99,0.0
1731072414.66,6205.86,6762.18,0.0
1731072415.16,6205.99,6762.37,0.0
1731072415.66,6206.12,6762.56,0.0
1731072416.16,6206.25,6762.75,0.0
1731072416.67,6206.38,6762.94,0.0
1731072417.17,6206.51,6763.13,0.0
1731072417.66,6206.64,6763.32,0.0
1731072418.17,6206.77,6763.51,0.0
1731072418.67,6206.9,6763.7,0.0
1731072419.17,6207.03,6763.89,0.0
1731072419.67,6207.16,6764.08,0.0
1731072420.17,6207.29,6764.27,0.0
1731072420.67,6207.42,6764.46,0.0
1731072421.17,6207.55,6764.65,0.0
1731072421.67,6207.68,6764.84,0.0
1731072422.17,6207.81,6765.03,0.0
1731072422.67,6207.94,6765.22,0.0
1731072423.17,6208.07,6765.41,0.0
1731072423.67,6208.2,6765.6,0.0
1731072424.17,6208.33,6765.79,0.0
1731072424.67,6208.46,6765.98,0.0
1731072425.17,6208.59,6766.17,0.0
1731072425.67,6208.72,6766.36,0.0
1731072426.17,6208.85,6766.55,0.0
1731072426.68,6208.98,6766.74,0.0
1731072427.18,6209.11,6766.93,0.0
1731072427.68,6209.24,6767.12,0.0
1731072428.18,6209.37,6767.31,0.0
1731072428.68,6209.5,6767.5,0.0
1731072429.18,6209.63,6767.69,0.0
1731072429.68,6209.76,6767.88,0.0
1731072430.18,6209.89,6768.07,0.0
1731072430.68,6210.02,6768.26,0.0
1731072431.18,6210.15,6768.45,0.0
1731072431.68,6210.28,6768.64,0.0
1731072432.18,6210.41,6768.83,0.0
1731072432.68,6210.54,6769.02,0.0
1731072433.18,6210.67,6769.21,0.0
1731072433.68,6210.8,6769.4,0.0
1731072434.18,6210.93,6769.59,0.0
1731072434.68,6211.06,6769.78,0.0
1731072435.19,6211.19,6769.97,0.0
1731072435.69,6211.32,6770.16,0.0
1731072436.19,6211.45,6770.35,0.0
1731072436.69,6211.58,6770.54,0.0
1731072437.19,6211.71,6770.73,0.0
1731072437.69,6211.84,6770.92,0.0
1731072438.19,6211.97,6771.11,0.0
1731072438.69,6212.1,6771.3,0.0
1731072439.19,6212.23,6771.49,0.0
1731072439.69,6212.36,6771.68,0.0
1731072440.19,6212.49,6771.87,0.0
1731072440.69,6212.62,6772.06,0.0
1731072441.19,6212.75,6772.25,0.0
1731072441.69,6212.88,6772.44,0.0
1731072442.19,6213.01,6772.63,0.0
1731072442.69,6213.14,6772.82,0.0
1731072443.19,6213.27,6773.01,0.0
1731072443.7,6213.4,6773.2,0.0
1731072444.2,6213.53,6773.39,0.0
1731072444.69,6213.66,6773.58,0.0
1731072445.19,6213.79,6773.77,0.0
1731072445.7,6213.92,6773.96,0.0
1731072446.2,6214.05,6774.15,0.0
1731072446.7,6214.18,6774.34,0.0
1731072447.2,6214.31,6774.53,0.0
1731072447.7,6214.44,6774.72,0.0
1731072448.2,6214.57,6774.91,0.0
1731072448.7,6214.7,6775.1,0.0
1731072449.2,6214.83,6775.29,0.0
1731072449.7,6214.96,6775.48,0.0
1731072450.2,6215.09,6775.67,0.0
1731072450.7,6215.22,6775.86,0.0
1731072451.2,6215.35,6776.05,0.0
1731072451.7,6215.48,6776.24,0.0
1731072452.2,6215.61,6776.43,0.0
1731072452.7,6215.74,6776.62,0.0
1731072453.2,6215.87,6776.81,0.0
1731072453.7,6216.0,6777.0,0.0
1731072454.2,6216.13,6777.19,0.0
1731072454.7,6216.26,6777.38,0.0
1731072455.21,6216.39,6777.57,0.0
1731072455.71,6216.52,6777.76,0.0
1731072456.21,6216.65,6777.95,0.0
1731072456.71,6216.78,6778.14,0.0
1731072457.21,6216.91,6778.33,0.0
1731072457.71,6217.04,6778.52,0.0
1731072458.21,6217.17,6778.71,0.0
1731072458.71,6217.3,6778.9,0.0
1731072459.21,6217.43,6779.09,0.0
1731072459.71,6217.56,6779.28,0.0
1731072460.21,6217.69,6779.47,0.0
1731072460.71,6217.82,6779.66,0.0
1731072461.21,6217.95,6779.85,0.0
1731072461.71,6218.08,6780.04,0.0
1731072462.21,6218.21,6780.23,0.0
1731072462.71,6218.34,6780.42,0.0
1731072463.21,6218.47,6780.61,0.0
1731072463.72,6218.6,6780.8,0.0
1731072464.22,6218.73,6780.99,0.0
1731072464.72,6218.86,6781.18,0.0
1731072465.22,6218.99,6781.37,0.0
1731072465.72,6219.12,6781.56,0.0
1731072466.22,6219.25,6781.75,0.0
1731072466.72,6219.38,6781.94,0.0
1731072467.22,6219.51,6782.13,0.0
1731072467.72,6219.64,6782.32,0.0
1731072468.22,6219.77,6782.51,0.0
1731072468.72,6219.9,6782.7,0.0
1731072469.22,6220.03,6782.89,0.0
1731072469.73,6220.16,6783.08,0.0
1731072470.23,6220.29,6783.27,0.0
1731072470.73,6220.42,6783.46,0.0
1731072471.23,6220.55,6783.65,0.0
1731072471.73,6220.68,6783.84,0.0
1731072472.23,6220.81,6784.03,0.0
1731072472.73,6220.94,6784.22,0.0
1731072473.23,6221.07,6784.41,0.0
1731072473.73,6221.2,6784.6,0.0
1731072474.23,6221.33,6784.79,0.0
1731072474.73,6221.46,6784.98,0.0
1731072475.23,6221.59,6785.17,0.0
1731072475.73,6221.72,6785.36,0.0
1731072476.23,6221.85,6785.55,0.0
1731072476.73,6221.98,6785.74,0.0
1731072477.23,6222.11,6785.93,0.0
1731072477.73,6222.24,6786.12,0.0
1731072478.23,6222.37,6786.31,0.0
1731072478.73,6222.5,6786.5,0.0
1731072479.23,6222.63,6786.69,0.0
1731072479.73,6222.76,6786.88,0.0
1731072480.23,6222.89,6787.07,0.0
1731072480.73,6223.02,6787.26,0.0
1731072481.23,6223.15,6787.45,0.0
1731072481.74,6223.28,6787.64,0.0
1731072482.24,6223.41,6787.83,0.0
1731072482.74,6223.54,6788.02,0.0
1731072483.24,6223.67,6788.21,0.0
1731072483.74,6223.8,6788.4,0.0
1731072484.24,6223.93,6788.59,0.0
1731072484.74,6224.06,6788.78,0.0
1731072485.24,6224.19,6788.97,0.0
1731072485.74,6224.32,6789.16,0.0
1731072486.24,6224.45,6789.35,0.0
1731072486.74,6224.58,6789.54,0.0
1731072487.24,6224.71,6789.73,0.0
1731072487.74,6224.84,6789.92,0.0
1731072488.24,6224.97,6790.11,0.0
1731072488.74,6225.1,6790.3,0.0
1731072489.25,6225.23,6790.49,0.0
1731072489.75,6225.36,6790.68,0.0
1731072490.25,6225.49,6790.87,0.0
1731072490.75,6225.62,6791.06,0.0
1731072491.25,6225.75,6791.25,0.0
1731072491.75,6225.88,6791.44,0.0
1731072492.25,6226.01,6791.63,0.0
1731072492.75,6226.14,6791.82,0.0
1731072493.25,6226.27,6792.01,0.0
1731072493.75,6226.4,6792.2,0.0
1731072494.25,6226.53,6792.39,0.0
1731072494.75,6226.66,6792.58,0.0
1731072495.25,6226.79,6792.77,0.0
1731072495.75,6226.92,6792.96,0.0
1731072496.25,6227.05,6793.15,0.0
1731072496.75,6227.18,6793.34,0.0
1731072497.25,6227.31,6793.53,0.0
1731072497.76,6227.44,6793.72,0.0
1731072498.26,6227.57,6793.91,0.0
1731072498.76,6227.7,6794.1,0.0
1731072499.26,6227.83,6794.29,0.0
1731072499.76,6227.96,6794.48,0.0
1731072500.26,6228.09,6794.67,0.0
1731072500.76,6228.22,6794.86,0.0
1731072501.26,6228.35,6795.05,0.0
1731072501.76,6228.48,6795.24,0.0
1731072502.26,6228.61,6795.43,0.0
1731072502.76,6228.74,6795.62,0.0
1731072503.26,6228.87,6795.81,0.0
1731072503.76,6229.0,6796.0,0.0
1731072504.26,6229.13,6796.19,0.0
1731072504.76,6229.26,6796.38,0.0
1731072505.26,6229.39,6796.57,0.0
1731072505.76,6229.52,6796.76,0.0
1731072506.26,6229.65,6796.95,0.0
1731072506.76,6229.78,6797.14,0.0
1731072507.26,6229.91,6797.33,0.0
1731072507.76,6230.04,6797.52,0.0
1731072508.26,6230.17,6797.71,0.0
1731072508.77,6230.3,6797.9,0.0
1731072509.27,6230.43,6798.09,0.0
1731072509.77,6230.56,6798.28,0.0
1731072510.27,6230.69,6798.47,0.0
1731072510.77,6230.82,6798.66,0.0
1731072511.27,6230.95,6798.85,0.0
1731072511.77,6231.08,6799.04,0.0
1731072512.27,6231.21,6799.23,0.0
1731072512.77,6231.34,6799.42,0.0
1731072513.27,6231.47,6799.61,0.0
1731072513.77,6231.6,6799.8,0.0
1731072514.27,6231.73,6799.99,0.0
1731072514.77,6231.86,6800.18,0.0
1731072515.27,6231.99,6800.37,0.0
1731072515.77,6232.12,6800.56,0.0
1731072516.27,6232.25,6800.75,0.0
1731072516.78,6232.38,6800.94,0.0
1731072517.27,6232.51,6801.13,0.0
1731072517.77,6232.64,6801.32,0.0
1731072518.27,6232.77,6801.51,0.0
1731072518.77,6232.9,6801.7,0.0
1731072519.28,6233.03,6801.89,0.0
1731072519.77,6233.16,6802.08,0.0
1731072520.27,6233.29,6802.27,0.0
1731072520.78,6233.42,6802.46,0.0
1731072521.28,6233.55,6802.65,0.0
1731072521.78,6233.68,6802.84,0.0
1731072522.28,6233.81,6803.03,0.0
1731072522.78,6233.94,6803.22,0.0
1731072523.28,6234.07,6803.41,0.0
1731072523.78,6234.2,6803.6,0.0
1731072524.28,6234.33,6803.79,0.0
1731072524.78,6234.46,6803.98,0.0
1731072525.28,6234.59,6804.17,0.0
1731072525.78,6234.72,6804.36,0.0
1731072526.28,6234.85,6804.55,0.0
1731072526.78,6234.98,6804.74,0.0
1731072527.28,6235.11,6804.93,0.0
1731072527.78,6235.24,6805.12,0.0
1731072528.29,6235.37,6805.31,0.0
1731072528.79,6235.5,6805.5,0.0
1731072529.29,6235.63,6805.69,0.0
1731072529.79,6235.76,6805.88,0.0
1731072530.29,6235.89,6806.07,0.0
1731072530.79,6236.02,6806.26,0.0
1731072531.29,6236.15,6806.45,0.0
1731072531.79,6236.28,6806.64,0.0
1731072532.29,6236.41,6806.83,0.0
1731072532.79,6236.54,6807.02,0.0
1731072533.29,6236.67,6807.21,0.0
1731072533.79,6236.8,6807.4,0.0
1731072534.29,6236.93,6807.59,0.0
1731072534.79,6237.06,6807.78,0.0
1731072535.29,6237.19,6807.97,0.0
1731072535.79,6237.32,6808.16,0.0
1731072536.29,6237.45,6808.35,0.0
1731072536.79,6237.58,6808.54,0.0
1731072537.29,6237.71,6808.73,0.0
1731072537.79,6237.84,6808.92,0.0
1731072538.3,6237.97,6809.11,0.0
1731072538.8,6238.1,6809.3,0.0
1731072539.3,6238.23,6809.49,0.0
1731072539.8,6238.36,6809.68,0.0
1731072540.3,6238.49,6809.87,0.0
1731072540.8,6238.62,6810.06,0.0
1731072541.3,6238.75,6810.25,0.0
1731072541.8,6238.88,6810.44,0.0
1731072542.3,6239.01,6810.63,0.0
1731072542.8,6239.14,6810.82,0.0
1731072543.3,6239.27,6811.01,0.0
1731072543.8,6239.4,6811.2,0.0
1731072544.3,6239.53,6811.39,0.0
1731072544.8,6239.66,6811.58,0.0
1731072545.3,6239.79,6811.77,0.0
1731072545.8,6239.92,6811.96,0.0
1731072546.3,6240.05,6812.15,0.0
1731072546.81,6240.18,6812.34,0.0
1731072547.3,6240.31,6812.53,0.0
1731072547.81,6240.44,6812.72,0.0
1731072548.31,6240.57,6812.91,0.0
1731072548.81,6240.7,6813.1,0.0
1731072549.31,6240.83,6813.29,0.0
1731072549.81,6240.96,6813.48,0.0
1731072550.31,6241.09,6813.67,0.0
1731072550.81,6241.22,6813.86,0.0
1731072551.31,6241.35,6814.05,0.0
1731072551.81,6241.48,6814.24,0.0
1731072552.31,6241.61,6814.43,0.0
1731072552.81,6241.74,6814.62,0.0
1731072553.31,6241.87,6814.81,0.0
1731072553.81,6242.0,6815.0,0.0
1731072554.31,6242.13,6815.19,0.0
1731072554.81,6242.26,6815.38,0.0
1731072555.31,6242.39,6815.57,0.0
1731072555.81,6242.52,6815.76,0.0
1731072556.31,6242.65,6815.95,0.0
1731072556.82,6242.78,6816.14,0.0
1731072557.32,6242.91,6816.33,0.0
1731072557.82,6243.04,6816.52,0.0
1731072558.32,6243.17,6816.71,0.0
1731072558.82,6243.3,6816.9,0.0
1731072559.32,6243.43,6817.09,0.0
1731072559.82,6243.56,6817.28,0.0
1731072560.32,6243.69,6817.47,0.0
1731072560.82,6243.82,6817.66,0.0
1731072561.32,6243.95,6817.85,0.0
1731072561.82,6244.08,6818.04,0.0
1731072562.32,6244.21,6818.23,0.0
1731072562.82,6244.34,6818.42,0.0
1731072563.32,6244.47,6818.61,0.0
1731072563.83,6244.6,6818.8,0.0
1731072564.32,6244.73,6818.99,0.0
1731072564.82,6244.86,6819.18,0.0
1731072565.32,6244.99,6819.37,0.0
1731072565.83,6245.12,6819.56,0.0
1731072566.32,6245.25,6819.75,0.0
1731072566.83,6245.38,6819.94,0.0
1731072567.33,6245.51,6820.13,0.0
1731072567.83,6245.64,6820.32,0.0
1731072568.33,6245.77,6820.51,0.0
1731072568.83,6245.9,6820.7,0.0
1731072569.33,6246.03,6820.89,0.0
1731072569.83,6246.16,6821.08,0.0
1731072570.33,6246.29,6821.27,0.0
1731072570.83,6246.42,6821.46,0.0
1731072571.33,6246.55,6821.65,0.0
1731072571.83,6246.68,6821.84,0.0
1731072572.33,6246.81,6822.03,0.0
1731072572.83,6246.94,6822.22,0.0
1731072573.33,6247.07,6822.41,0.0
1731072573.83,6247.2,6822.6,0.0
1731072574.33,6247.33,6822.79,0.0
1731072574.83,6247.46,6822.98,0.0
1731072575.33,6247.59,6823.17,0.0
1731072575.83,6247.72,6823.36,0.0
1731072576.33,6247.85,6823.55,0.0
1731072576.84,6247.98,6823.74,0.0
1731072577.34,6248.11,6823.93,0.0
1731072577.84,6248.24,6824.12,0.0
1731072578.34,6248.37,6824.31,0.0
1731072578.84,6248.5,6824.5,0.0
1731072579.34,6248.63,6824.69,0.0
1731072579.84,6248.76,6824.88,0.0
1731072580.34,6248.89,6825.07,0.0
1731072580.84,6249.02,6825.26,0.0
1731072581.34,6249.15,6825.45,0.0
1731072581.84,6249.28,6825.64,0.0
1731072582.34,6249.41,6825.83,0.0
1731072582.84,6249.54,6826.02,0.0
1731072583.34,6249.67,6826.21,0.0
1731072583.84,6249.8,6826.4,0.0
1731072584.34,6249.93,6826.59,0.0
1731072584.84,6250.06,6826.78,0.0
1731072585.34,6250.19,6826.97,0.0
1731072585.85,6250.32,6827.16,0.0
1731072586.34,6250.45,6827.35,0.0
1731072586.85,6250.58,6827.54,0.0
1731072587.35,6250.71,6827.73,0.0
1731072587.85,6250.84,6827.92,0.0
1731072588.35,6250.97,6828.11,0.0
1731072588.85,6251.1,6828.3,0.0
1731072589.35,6251.23,6828.49,0.0
1731072589.85,6251.36,6828.68,0.0
1731072590.35,6251.49,6828.87,0.0
1731072590.85,6251.62,6829.06,0.0
1731072591.35,6251.75,6829.25,0.0
1731072591.85,6251.88,6829.44,0.0
1731072592.35,6252.01,6829.63,0.0
1731072592.85,6252.14,6829.82,0.0
1731072593.35,6252.27,6830.01,0.0
1731072593.85,6252.4,6830.2,0.0
1731072594.35,6252.53,6830.39,0.0
1731072594.85,6252.66,6830.58,0.0
1731072595.35,6252.79,6830.77,0.0
1731072595.85,6252.92,6830.96,0.0
1731072596.35,6253.05,6831.15,0.0
1731072596.85,6253.18,6831.34,0.0
1731072597.35,6253.31,6831.53,0.0
1731072597.85,6253.44,6831.72,0.0
1731072598.35,6253.57,6831.91,0.0
1731072598.85,6253.7,6832.1,0.0
1731072599.35,6253.83,6832.29,0.0
1731072599.86,6253.96,6832.48,0.0
1731072600.36,6254.09,6832.67,0.0
1731072600.86,6254.22,6832.86,0.0
1731072601.36,6254.35,6833.05,0.0
1731072601.86,6254.48,6833.24,0.0
1731072602.36,6254.61,6833.43,0.0
1731072602.86,6254.74,6833.62,0.0
1731072603.36,6254.87,6833.81,0.0
1731072603.86,6255.0,6834.0,0.0
1731072604.36,6255.13,6834.19,0.0
1731072604.86,6255.26,6834.38,0.0
1731072605.36,6255.39,6834.57,0.0
1731072605.86,6255.52,6834.76,0.0
1731072606.36,6255.65,6834.95,0.0
1731072606.86,6255.78,6835.14,0.0
1731072607.36,6255.91,6835.33,0.0
1731072607.86,6256.04,6835.52,0.0
1731072608.36,6256.17,6835.71,0.0
1731072608.87,6256.3,6835.9,0.0
1731072609.36,6256.43,6836.09,0.0
1731072609.86,6256.56,6836.28,0.0
1731072610.36,6256.69,6836.47,0.0
1731072610.87,6256.82,6836.66,0.0
1731072611.37,6256.95,6836.85,0.0
1731072611.87,6257.08,6837.04,0.0
1731072612.37,6257.21,6837.23,0.0
1731072612.87,6257.34,6837.42,0.0
1731072613.37,6257.47,6837.61,0.0
1731072613.87,6257.6,6837.8,0.0
1731072614.37,6257.73,6837.99,0.0
1731072614.87,6257.86,6838.18,0.0
1731072615.37,6257.99,6838.37,0.0
1731072615.87,6258.12,6838.56,0.0
1731072616.37,6258.25,6838.75,0.0
1731072616.87,6258.38,6838.94,0.0
1731072617.37,6258.51,6839.13,0.0
1731072617.87,6258.64,6839.32,0.0
1731072618.37,6258.77,6839.51,0.0
1731072618.87,6258.9,6839.7,0.0
1731072619.37,6259.03,6839.89,0.0
1731072619.88,6259.16,6840.08,0.0
1731072620.38,6259.29,6840.27,0.0
1731072620.88,6259.42,6840.46,0.0
1731072621.38,6259.55,6840.65,0.0
1731072621.88,6259.68,6840.84,0.0
1731072622.38,6259.81,6841.03,0.0
1731072622.88,6259.94,6841.22,0.0
1731072623.38,6260.07,6841.41,0.0
1731072623.88,6260.2,6841.6,0.0
1731072624.38,6260.33,6841.79,0.0
1731072624.88,6260.46,6841.98,0.0
1731072625.38,6260.59,6842.17,0.0
1731072625.88,6260.72,6842.36,0.0
1731072626.38,6260.85,6842.55,0.0
1731072626.88,6260.98,6842.74,0.0
1731072627.38,6261.11,6842.93,0.0
1731072627.88,6261.24,6843.12,0.0
1731072628.38,6261.37,6843.31,0.0
1731072628.88,6261.5,6843.5,0.0
1731072629.38,6261.63,6843.69,0.0
1731072629.88,6261.76,6843.88,0.0
1731072630.38,6261.89,6844.07,0.0
1731072630.88,6262.02,6844.26,0.0
1731072631.38,6262.15,6844.45,0.0
1731072631.89,6262.28,6844.64,0.0
1731072632.38,6262.41,6844.83,0.0
1731072632.88,6262.54,6845.02,0.0
1731072633.39,6262.67,6845.21,0.0
1731072633.89,6262.8,6845.4,0.0
1731072634.39,6262.93,6845.59,0.0
1731072634.89,6263.06,6845.78,0.0
1731072635.39,6263.19,6845.97,0.0
1731072635.89,6263.32,6846.16,0.0
1731072636.39,6263.45,6846.35,0.0
1731072636.89,6263.58,6846.54,0.0
1731072637.39,6263.71,6846.73,0.0
1731072637.89,6263.84,6846.92,0.0
1731072638.39,6263.97,6847.11,0.0
1731072638.89,6264.1,6847.3,0.0
1731072639.39,6264.23,6847.49,0.0
1731072639.9,6264.36,6847.68,0.0
1731072640.39,6264.49,6847.87,0.0
1731072640.9,6264.62,6848.06,0.0
1731072641.4,6264.75,6848.25,0.0
1731072641.89,6264.88,6848.44,0.0
1731072642.4,6265.01,6848.63,0.0
1731072642.9,6265.14,6848.82,0.0
1731072643.4,6265.27,6849.01,0.0
1731072643.9,6265.4,6849.2,0.0
1731072644.4,6265.53,6849.39,0.0
1731072644.9,6265.66,6849.58,0.0
1731072645.4,6265.79,6849.77,0.0
1731072645.9,6265.92,6849.96,0.0
1731072646.4,6266.05,6850.15,0.0
1731072646.9,6266.18,6850.34,0.0
1731072647.4,6266.31,6850.53,0.0
1731072647.9,6266.44,6850.72,0.0
1731072648.4,6266.57,6850.91,0.0
1731072648.9,6266.7,6851.1,0.0
1731072649.4,6266.83,6851.29,0.0
1731072649.9,6266.96,6851.48,0.0
1731072650.4,6267.09,6851.67,0.0
1731072650.9,6267.22,6851.86,0.0
1731072651.4,6267.35,6852.05,0.0
1731072651.9,6267.48,6852.24,0.0
1731072652.4,6267.61,6852.43,0.0
1731072652.9,6267.74,6852.62,0.0
1731072653.4,6267.87,6852.81,0.0
1731072653.91,6268.0,6853.0,0.0
1731072654.41,6268.13,6853.19,0.0
1731072654.91,6268.26,6853.38,0.0
1731072655.41,6268.39,6853.57,0.0
1731072655.91,6268.52,6853.76,0.0
1731072656.41,6268.65,6853.95,0.0
1731072656.91,6268.78,6854.14,0.0
1731072657.41,6268.91,6854.33,0.0
1731072657.91,6269.04,6854.52,0.0
1731072658.41,6269.17,6854.71,0.0
1731072658.91,6269.3,6854.9,0.0
1731072659.41,6269.43,6855.09,0.0
1731072659.91,6269.56,6855.28,0.0
1731072660.41,6269.69,6855.47,0.0
1731072660.91,6269.82,6855.66,0.0
1731072661.41,6269.95,6855.85,0.0
1731072661.92,6270.08,6856.04,0.0
1731072662.42,6270.21,6856.23,0.0
1731072662.92,6270.34,6856.42,0.0
1731072663.42,6270.47,6856.61,0.0
1731072663.91,6270.6,6856.8,0.0
1731072664.42,6270.73,6856.99,0.0
1731072664.92,6270.86,6857.18,0.0
1731072665.42,6270.99,6857.37,0.0
1731072665.92,6271.12,6857.56,0.0
1731072666.42,6271.25,6857.75,0.0
1731072666.92,6271.38,6857.94,0.0
1731072667.42,6271.51,6858.13,0.0
1731072667.92,6271.64,6858.32,0.0
1731072668.42,6271.77,6858.51,0.0
1731072668.92,6271.9,6858.7,0.0
1731072669.42,6272.03,6858.89,0.0
1731072669.92,6272.16,6859.08,0.0
1731072670.42,6272.29,6859.27,0.0
1731072670.92,6272.42,6859.46,0.0
1731072671.43,6272.55,6859.65,0.0
1731072671.93,6272.68,6859.84,0.0
1731072672.43,6272.81,6860.03,0.0
1731072672.93,6272.94,6860.22,0.0
1731072673.43,6273.07,6860.41,0.0
1731072673.93,6273.2,6860.6,0.0
1731072674.43,6273.33,6860.79,0.0
1731072674.93,6273.46,6860.98,0.0
1731072675.43,6273.59,6861.17,0.0
1731072675.93,6273.72,6861.36,0.0
1731072676.43,6273.85,6861.55,0.0
1731072676.93,6273.98,6861.74,0.0
1731072677.43,6274.11,6861.93,0.0
1731072677.93,6274.24,6862.12,0.0
1731072678.43,6274.37,6862.31,0.0
1731072678.96,6274.5,6862.5,0.0
1731072679.43,6274.63,6862.69,0.0
1731072679.94,6274.76,6862.88,0.0
1731072680.44,6274.89,6863.07,0.0
1731072680.94,6275.02,6863.26,0.0
1731072681.44,6275.15,6863.45,0.0
1731072681.94,6275.28,6863.64,0.0
1731072682.44,6275.41,6863.83,0.0
1731072682.94,6275.54,6864.02,0.0
1731072683.44,6275.67,6864.21,0.0
1731072683.94,6275.8,6864.4,0.0
1731072684.44,6275.93,6864.59,0.0
1731072684.94,6276.06,6864.78,0.0
1731072685.44,6276.19,6864.97,0.0
1731072685.94,6276.32,6865.16,0.0
1731072686.44,6276.45,6865.35,0.0
1731072686.94,6276.58,6865.54,0.0
1731072687.44,6276.71,6865.73,0.0
1731072687.94,6276.84,6865.92,0.0
1731072688.44,6276.97,6866.11,0.0
1731072688.94,6277.1,6866.3,0.0
1731072689.44,6277.23,6866.49,0.0
1731072689.94,6277.36,6866.68,0.0
1731072690.44,6277.49,6866.87,0.0
1731072690.95,6277.62,6867.06,0.0
1731072691.45,6277.75,6867.25,0.0
1731072691.95,6277.88,6867.44,0.0
1731072692.45,6278.01,6867.63,0.0
1731072692.95,6278.14,6867.82,0.0
1731072693.45,6278.27,6868.01,0.0
1731072693.96,6278.4,6868.2,0.0
1731072694.45,6278.53,6868.39,0.0
1731072694.96,6278.66,6868.58,0.0
1731072695.45,6278.79,6868.77,0.0
1731072695.95,6278.92,6868.96,0.0
1731072696.45,6279.05,6869.15,0.0
1731072696.95,6279.18,6869.34,0.0
1731072697.45,6279.31,6869.53,0.0
1731072697.95,6279.44,6869.72,0.0
1731072698.45,6279.57,6869.91,0.0
1731072698.95,6279.7,6870.1,0.0
1731072699.46,6279.83,6870.29,0.0
1731072699.96,6279.96,6870.48,0.0
1731072700.46,6280.09,6870.67,0.0
1731072700.96,6280.22,6870.86,0.0
1731072701.46,6280.35,6871.05,0.0
1731072701.96,6280.48,6871.24,0.0
1731072702.46,6280.61,6871.43,0.0
1731072702.96,6280.74,6871.62,0.0
1731072703.46,6280.87,6871.81,0.0
1731072703.96,6281.0,6872.0,0.0
1731072704.46,6281.13,6872.19,0.0
1731072704.96,6281.26,6872.38,0.0
1731072705.46,6281.39,6872.57,0.0
1731072705.96,6281.52,6872.76,0.0
1731072706.46,6281.65,6872.95,0.0
1731072706.96,6281.78,6873.14,0.0
1731072707.46,6281.91,6873.33,0.0
1731072707.96,6282.04,6873.52,0.0
1731072708.46,6282.17,6873.71,0.0
1731072708.96,6282.3,6873.9,0.0
1731072709.46,6282.43,6874.09,0.0
1731072709.96,6282.56,6874.28,0.0
1731072710.47,6282.69,6874.47,0.0
1731072710.96,6282.82,6874.66,0.0
1731072711.47,6282.95,6874.85,0.0
1731072711.97,6283.08,6875.04,0.0
1731072712.47,6283.21,6875.23,0.0
1731072712.97,6283.34,6875.42,0.0
1731072713.47,6283.47,6875.61,0.0
1731072713.97,6283.6,6875.8,0.0
1731072714.47,6283.73,6875.99,0.0
1731072714.97,6283.86,6876.18,0.0
1731072715.47,6283.99,6876.37,0.0
1731072715.97,6284.12,6876.56,0.0
1731072716.47,6284.25,6876.75,0.0
1731072716.97,6284.38,6876.94,0.0
1731072717.47,6284.51,6877.13,0.0
1731072717.97,6284.64,6877.32,0.0
1731072718.47,6284.77,6877.51,0.0
1731072718.97,6284.9,6877.7,0.0
1731072719.47,6285.03,6877.89,0.0
1731072719.97,6285.16,6878.08,0.0
1731072720.48,6285.29,6878.27,0.0
1731072720.98,6285.42,6878.46,0.0
1731072721.48,6285.55,6878.65,0.0
1731072721.98,6285.68,6878.84,0.0
1731072722.48,6285.81,6879.03,0.0
1731072722.98,6285.94,6879.22,0.0
1731072723.48,6286.07,6879.41,0.0
1731072723.98,6286.2,6879.6,0.0
1731072724.48,6286.33,6879.79,0.0
1731072724.98,6286.46,6879.98,0.0
1731072725.48,6286.59,6880.17,0.0
1731072725.98,6286.72,6880.36,0.0
1731072726.48,6286.85,6880.55,0.0
1731072726.98,6286.98,6880.74,0.0
1731072727.48,6287.11,6880.93,0.0
1731072727.98,6287.24,6881.12,0.0
1731072728.48,6287.37,6881.31,0.0
1731072728.98,6287.5,6881.5,0.0
1731072729.48,6287.63,6881.69,0.0
1731072729.98,6287.76,6881.88,0.0
1731072730.49,6287.89,6882.07,0.0
1731072730.98,6288.02,6882.26,0.0
1731072731.48,6288.15,6882.45,0.0
1731072731.99,6288.28,6882.64,0.0
1731072732.49,6288.41,6882.83,0.0
1731072732.99,6288.54,6883.02,0.0
1731072733.49,6288.67,6883.21,0.0
1731072733.99,6288.8,6883.4,0.0
1731072734.49,6288.93,6883.59,0.0
1731072734.99,6289.06,6883.78,0.0
1731072735.49,6289.19,6883.97,0.0
1731072735.99,6289.32,6884.16,0.0
1731072736.49,6289.45,6884.35,0.0
1731072736.99,6289.58,6884.54,0.0
1731072737.49,6289.71,6884.73,0.0
1731072737.99,6289.84,6884.92,0.0
1731072738.5,6289.97,6885.11,0.0
1731072738.99,6290.1,6885.3,0.0
1731072739.5,6290.23,6885.49,0.0
1731072740.0,6290.36,6885.68,0.0
1731072740.49,6290.49,6885.87,0.0
1731072740.99,6290.62,6886.06,0.0
1731072741.5,6290.75,6886.25,0.0
1731072742.0,6290.88,6886.44,0.0
1731072742.5,6291.01,6886.63,0.0
1731072743.0,6291.14,6886.82,0.0
1731072743.5,6291.27,6887.01,0.0
1731072744.0,6291.4,6887.2,0.0
1731072744.5,6291.53,6887.39,0.0
1731072745.0,6291.66,6887.58,0.0
1731072745.5,6291.79,6887.77,0.0
1731072746.0,6291.92,6887.96,0.0
1731072746.5,6292.05,6888.15,0.0
1731072747.0,6292.18,6888.34,0.0
1731072747.5,6292.31,6888.53,0.0
1731072748.0,6292.44,6888.72,0.0
1731072748.5,6292.57,6888.91,0.0
1731072749.0,6292.7,6889.1,0.0
1731072749.5,6292.83,6889.29,0.0
1731072750.01,6292.96,6889.48,0.0
1731072750.51,6293.09,6889.67,0.0
1731072751.01,6293.22,6889.86,0.0
1731072751.51,6293.35,6890.05,0.0
1731072752.01,6293.48,6890.24,0.0
1731072752.51,6293.61,6890.43,0.0
1731072753.01,6293.74,6890.62,0.0
1731072753.51,6293.87,6890.81,0.0
1731072754.01,6294.0,6891.0,0.0
1731072754.51,6294.13,6891.19,0.0
1731072755.01,6294.26,6891.38,0.0
1731072755.51,6294.39,6891.57,0.0
1731072756.01,6294.52,6891.76,0.0
1731072756.51,6294.65,6891.95,0.0
1731072757.01,6294.78,6892.14,0.0
1731072757.51,6294.91,6892.33,0.0
1731072758.01,6295.04,6892.52,0.0
1731072758.51,6295.17,6892.71,0.0
1731072759.01,6295.3,6892.9,0.0
1731072759.51,6295.43,6893.09,0.0
1731072760.01,6295.56,6893.28,0.0
1731072760.51,6295.69,6893.47,0.0
1731072761.02,6295.82,6893.66,0.0
1731072761.52,6295.95,6893.85,0.0
1731072762.02,6296.08,6894.04,0.0
1731072762.52,6296.21,6894.23,0.0
1731072763.02,6296.34,6894.42,0.0
1731072763.52,6296.47,6894.61,0.0
1731072764.02,6296.6,6894.8,0.0
1731072764.52,6296.73,6894.99,0.0
1731072765.02,6296.86,6895.18,0.0
1731072765.52,6296.99,6895.37,0.0
1731072766.02,6297.12,6895.56,0.0
1731072766.52,6297.25,6895.75,0.0
1731072767.02,6297.38,6895.94,0.0
1731072767.52,6297.51,6896.13,0.0
1731072768.02,6297.64,6896.32,0.0
1731072768.52,6297.77,6896.51,0.0
1731072769.02,6297.9,6896.7,0.0
1731072769.52,6298.03,6896.89,0.0
1731072770.02,6298.16,6897.08,0.0
1731072770.53,6298.29,6897.27,0.0
1731072771.03,6298.42,6897.46,0.0
1731072771.53,6298.55,6897.65,0.0
1731072772.03,6298.68,6897.84,0.0
1731072772.53,6298.81,6898.03,0.0
1731072773.03,6298.94,6898.22,0.0
1731072773.53,6299.07,6898.41,0.0
1731072774.03,6299.2,6898.6,0.0
1731072774.53,6299.33,6898.79,0.0
1731072775.03,6299.46,6898.98,0.0
1731072775.53,6299.59,6899.17,0.0
1731072776.03,6299.72,6899.36,0.0
1731072776.53,6299.85,6899.55,0.0
1731072777.03,6299.98,6899.74,0.0
1731072777.53,6300.11,6899.93,0.0
