Time,F1_X,F1_Y,F1_Z
1731068772.59,7200.5,9200.0,0.0
1731068773.09,7200.6,9200.1,0.0
1731068773.59,7200.7,9200.2,0.0
1731068774.09,7200.8,9200.3,0.0
1731068774.59,7200.9,9200.4,0.0
1731068775.09,7201.0,9200.5,0.0
1731068775.59,7201.1,9200.6,0.0
1731068776.1,7201.2,9200.7,0.0
1731068776.6,7201.3,9200.8,0.0
1731068777.1,7201.4,9200.9,0.0
1731068777.6,7201.5,9201.0,0.0
1731068778.1,7201.6,9201.1,0.0
1731068778.6,7201.7,9201.2,0.0
1731068779.1,7201.8,9201.3,0.0
1731068779.6,7201.9,9201.4,0.0
1731068780.1,7202.0,9201.5,0.0
1731068780.6,7202.1,9201.6,0.0
1731068781.1,7202.2,9201.7,0.0
1731068781.6,7202.3,9201.8,0.0
1731068782.1,7202.4,9201.9,0.0
1731068782.6,7202.5,9202.0,0.0
1731068783.1,7202.6,9202.1,0.0
1731068783.6,7202.7,9202.2,0.0
1731068784.1,7202.8,9202.3,0.0
1731068784.6,7202.9,9202.4,0.0
1731068785.1,7203.0,9202.5,0.0
1731068785.6,7203.1,9202.6,0.0
1731068786.11,7203.2,9202.7,0.0
1731068786.61,7203.3,9202.8,0.0
1731068787.11,7203.4,9202.9,0.0
1731068787.61,7203.5,9203.0,0.0
1731068788.11,7203.6,9203.1,0.0
1731068788.61,7203.7,9203.2,0.0
1731068789.11,7203.8,9203.3,0.0
1731068789.61,7203.9,9203.4,0.0
1731068790.11,7204.0,9203.5,0.0
1731068790.61,7204.1,9203.6,0.0
1731068791.11,7204.2,9203.7,0.0
1731068791.61,7204.3,9203.8,0.0
1731068792.11,7204.4,9203.9,0.0
1731068792.61,7204.5,9204.0,0.0
1731068793.11,7204.6,9204.1,0.0
1731068793.61,7204.7,9204.2,0.0
1731068794.11,7204.8,9204.3,0.0
1731068794.61,7204.9,9204.4,0.0
1731068795.11,7205.0,9204.5,0.0
1731068795.61,7205.1,9204.6,0.0
1731068796.12,7205.2,9204.7,0.0
1731068796.62,7205.3,9204.8,0.0
1731068797.12,7205.4,9204.9,0.0
1731068797.62,7205.5,9205.0,0.0
1731068798.12,7205.6,9205.1,0.0
1731068798.62,7205.7,9205.2,0.0
1731068799.12,7205.8,9205.3,0.0
1731068799.62,7205.9,9205.4,0.0
1731068800.12,7206.0,9205.5,0.0
1731068800.62,7206.1,9205.6,0.0
1731068801.12,7206.2,9205.7,0.0
1731068801.62,7206.3,9205.8,0.0
1731068802.12,7206.4,9205.9,0.0
1731068802.62,7206.5,9206.0,0.0
1731068803.12,7206.6,9206.1,0.0
1731068803.62,7206.7,9206.2,0.0
1731068804.12,7206.8,9206.3,0.0
1731068804.62,7206.9,9206.4,0.0
1731068805.12,7207.0,9206.5,0.0
1731068805.62,7207.1,9206.6,0.0
1731068806.13,7207.2,9206.7,0.0
1731068806.63,7207.3,9206.8,0.0
1731068807.13,7207.4,9206.9,0.0
1731068807.63,7207.5,9207.0,0.0
1731068808.13,7207.6,9207.1,0.0
1731068808.63,7207.7,9207.2,0.0
1731068809.13,7207.8,9207.3,0.0
1731068809.63,7207.9,9207.4,0.0
1731068810.13,7208.0,9207.5,0.0
1731068810.63,7208.1,9207.6,0.0
1731068811.13,7208.2,9207.7,0.0
1731068811.63,7208.3,9207.8,0.0
1731068812.13,7208.4,9207.9,0.0
1731068812.63,7208.5,9208.0,0.0
1731068813.13,7208.6,9208.1,0.0
1731068813.63,7208.7,9208.2,0.0
1731068814.13,7208.8,9208.3,0.0
1731068814.63,7208.9,9208.4,0.0
1731068815.13,7209.0,9208.5,0.0
1731068815.63,7209.1,9208.6,0.0
1731068816.14,7209.2,9208.7,0.0
1731068816.64,7209.3,9208.8,0.0
1731068817.14,7209.4,9208.9,0.0
1731068817.64,7209.5,9209.0,0.0
1731068818.14,7209.6,9209.1,0.0
1731068818.64,7209.7,9209.2,0.0
1731068819.14,7209.8,9209.3,0.0
1731068819.64,7209.9,9209.4,0.0
1731068820.14,7210.0,9209.5,0.0
1731068820.64,7210.1,9209.6,0.0
1731068821.14,7210.2,9209.7,0.0
1731068821.64,7210.3,9209.8,0.0
1731068822.14,7210.4,9209.9,0.0
1731068822.64,7210.5,9210.0,0.0
1731068823.14,7210.6,9210.1,0.0
1731068823.64,7210.7,9210.2,0.0
1731068824.14,7210.8,9210.3,0.0
1731068824.64,7210.9,9210.4,0.0
1731068825.14,7211.0,9210.5,0.0
1731068825.64,7211.1,9210.6,0.0
1731068826.14,7211.2,9210.7,0.0
1731068826.64,7211.3,9210.8,0.0
1731068827.15,7211.4,9210.9,0.0
1731068827.65,7211.5,9211.0,0.0
1731068828.15,7211.6,9211.1,0.0
1731068828.65,7211.7,9211.2,0.0
1731068829.15,7211.8,9211.3,0.0
1731068829.65,7211.9,9211.4,0.0
1731068830.15,7212.0,9211.5,0.0
1731068830.65,7212.1,9211.6,0.0
1731068831.15,7212.2,9211.7,0.0
1731068831.65,7212.3,9211.8,0.0
1731068832.15,7212.4,9211.9,0.0
1731068832.65,7212.5,9212.0,0.0
1731068833.15,7212.6,9212.1,0.0
1731068833.65,7212.7,9212.2,0.0
1731068834.15,7212.8,9212.3,0.0
1731068834.65,7212.9,9212.4,0.0
1731068835.15,7213.0,9212.5,0.0
1731068835.65,7213.1,9212.6,0.0
1731068836.15,7213.2,9212.7,0.0
1731068836.65,7213.3,9212.8,0.0
1731068837.15,7213.4,9212.9,0.0
1731068837.66,7213.5,9213.0,0.0
1731068838.16,7213.6,9213.1,0.0
1731068838.66,7213.7,9213.2,0.0
1731068839.16,7213.8,9213.3,0.0
1731068839.66,7213.9,9213.4,0.0
1731068840.16,7214.0,9213.5,0.0
1731068840.66,7214.1,9213.6,0.0
1731068841.16,7214.2,9213.7,0.0
1731068841.66,7214.3,9213.8,0.0
1731068842.16,7214.4,9213.9,0.0
1731068842.66,7214.5,9214.0,0.0
1731068843.16,7214.6,9214.1,0.0
1731068843.66,7214.7,9214.2,0.0
1731068844.16,7214.8,9214.3,0.0
1731068844.66,7214.9,9214.4,0.0
1731068845.16,7215.0,9214.5,0.0
1731068845.66,7215.1,9214.6,0.0
1731068846.16,7215.2,9214.7,0.0
1731068846.66,7215.3,9214.8,0.0
1731068847.16,7215.4,9214.9,0.0
1731068847.66,7215.5,9215.0,0.0
1731068848.16,7215.6,9215.1,0.0
1731068848.66,7215.7,9215.2,0.0
1731068849.17,7215.8,9215.3,0.0
1731068849.67,7215.9,9215.4,0.0
1731068850.17,7216.0,9215.5,0.0
1731068850.67,7216.1,9215.6,0.0
1731068851.17,7216.2,9215.7,0.0
1731068851.67,7216.3,9215.8,0.0
1731068852.17,7216.4,9215.9,0.0
1731068852.67,7216.5,9216.0,0.0
1731068853.17,7216.6,9216.1,0.0
1731068853.67,7216.7,9216.2,0.0
1731068854.17,7216.8,9216.3,0.0
1731068854.67,7216.9,9216.4,0.0
1731068855.17,7217.0,9216.5,0.0
1731068855.67,7217.1,9216.6,0.0
1731068856.17,7217.2,9216.7,0.0
1731068856.67,7217.3,9216.8,0.0
1731068857.17,7217.4,9216.9,0.0
1731068857.67,7217.5,9217.0,0.0
1731068858.17,7217.6,9217.1,0.0
1731068858.67,7217.7,9217.2,0.0
1731068859.18,7217.8,9217.3,0.0
1731068859.68,7217.9,9217.4,0.0
1731068860.18,7218.0,9217.5,0.0
1731068860.68,7218.1,9217.6,0.0
1731068861.18,7218.2,9217.7,0.0
1731068861.68,7218.3,9217.8,0.0
1731068862.18,7218.4,9217.9,0.0
1731068862.68,7218.5,9218.0,0.0
1731068863.18,7218.6,9218.1,0.0
1731068863.68,7218.7,9218.2,0.0
1731068864.18,7218.8,9218.3,0.0
1731068864.68,7218.9,9218.4,0.0
1731068865.18,7219.0,9218.5,0.0
1731068865.68,7219.1,9218.6,0.0
1731068866.18,7219.2,9218.7,0.0
1731068866.69,7219.3,9218.8,0.0
1731068867.18,7219.4,9218.9,0.0
1731068867.68,7219.5,9219.0,0.0
1731068868.19,7219.6,9219.1,0.0
1731068868.69,7219.7,9219.2,0.0
1731068869.19,7219.8,9219.3,0.0
1731068869.69,7219.9,9219.4,0.0
1731068870.19,7220.0,9219.5,0.0
1731068870.69,7220.1,9219.6,0.0
1731068871.19,7220.2,9219.7,0.0
1731068871.69,7220.3,9219.8,0.0
1731068872.19,7220.4,9219.9,0.0
1731068872.69,7220.5,9220.0,0.0
1731068873.19,7220.6,9220.1,0.0
1731068873.69,7220.7,9220.2,0.0
1731068874.19,7220.8,9220.3,0.0
1731068874.69,7220.9,9220.4,0.0
1731068875.19,7221.0,9220.5,0.0
1731068875.69,7221.1,9220.6,0.0
1731068876.19,7221.2,9220.7,0.0
1731068876.69,7221.3,9220.8,0.0
1731068877.2,7221.4,9220.9,0.0
1731068877.7,7221.5,9221.0,0.0
1731068878.2,7221.6,9221.1,0.0
1731068878.7,7221.7,9221.2,0.0
1731068879.2,7221.8,9221.3,0.0
1731068879.7,7221.9,9221.4,0.0
1731068880.2,7222.0,9221.5,0.0
1731068880.7,7222.1,9221.6,0.0
1731068881.2,7222.2,9221.7,0.0
1731068881.7,7222.3,9221.8,0.0
1731068882.2,7222.4,9221.9,0.0
1731068882.7,7222.5,9222.0,0.0
1731068883.2,7222.6,9222.1,0.0
1731068883.7,7222.7,9222.2,0.0
1731068884.2,7222.8,9222.3,0.0
1731068884.7,7222.9,9222.4,0.0
1731068885.2,7223.0,9222.5,0.0
1731068885.7,7223.1,9222.6,0.0
1731068886.2,7223.2,9222.7,0.0
1731068886.7,7223.3,9222.8,0.0
1731068887.2,7223.4,9222.9,0.0
1731068887.7,7223.5,9223.0,0.0
1731068888.21,7223.6,9223.1,0.0
1731068888.71,7223.7,9223.2,0.0
1731068889.21,7223.8,9223.3,0.0
1731068889.71,7223.9,9223.4,0.0
1731068890.21,7224.0,9223.5,0.0
1731068890.71,7224.1,9223.6,0.0
1731068891.21,7224.2,9223.7,0.0
1731068891.71,7224.3,9223.8,0.0
1731068892.21,7224.4,9223.9,0.0
1731068892.71,7224.5,9224.0,0.0
1731068893.21,7224.6,9224.1,0.0
1731068893.71,7224.7,9224.2,0.0
1731068894.21,7224.8,9224.3,0.0
1731068894.71,7224.9,9224.4,0.0
1731068895.21,7225.0,9224.5,0.0
1731068895.71,7225.1,9224.6,0.0
1731068896.21,7225.2,9224.7,0.0
1731068896.71,7225.3,9224.8,0.0
1731068897.21,7225.4,9224.9,0.0
1731068897.72,7225.5,9225.0,0.0
1731068898.22,7225.6,9225.1,0.0
1731068898.72,7225.7,9225.2,0.0
1731068899.22,7225.8,9225.3,0.0
1731068899.72,7225.9,9225.4,0.0
1731068900.22,7226.0,9225.5,0.0
1731068900.72,7226.1,9225.6,0.0
1731068901.22,7226.2,9225.7,0.0
1731068901.72,7226.3,9225.8,0.0
1731068902.22,7226.4,9225.9,0.0
1731068902.72,7226.5,9226.0,0.0
1731068903.22,7226.6,9226.1,0.0
1731068903.72,7226.7,9226.2,0.0
1731068904.22,7226.8,9226.3,0.0
1731068904.72,7226.9,9226.4,0.0
1731068905.22,7227.0,9226.5,0.0
1731068905.72,7227.1,9226.6,0.0
1731068906.22,7227.2,9226.7,0.0
1731068906.72,7227.3,9226.8,0.0
1731068907.22,7227.4,9226.9,0.0
1731068907.72,7227.5,9227.0,0.0
1731068908.23,7227.6,9227.1,0.0
1731068908.73,7227.7,9227.2,0.0
1731068909.23,7227.8,9227.3,0.0
1731068909.73,7227.9,9227.4,0.0
1731068910.23,7228.0,9227.5,0.0
1731068910.73,7228.1,9227.6,0.0
1731068911.23,7228.2,9227.7,0.0
1731068911.73,7228.3,9227.8,0.0
1731068912.23,7228.4,9227.9,0.0
1731068912.73,7228.5,9228.0,0.0
1731068913.23,7228.6,9228.1,0.0
1731068913.73,7228.7,9228.2,0.0
1731068914.23,7228.8,9228.3,0.0
1731068914.73,7228.9,9228.4,0.0
1731068915.23,7229.0,9228.5,0.0
1731068915.73,7229.1,9228.6,0.0
1731068916.23,7229.2,9228.7,0.0
1731068916.74,7229.3,9228.8,0.0
1731068917.24,7229.4,9228.9,0.0
1731068917.74,7229.5,9229.0,0.0
1731068918.24,7229.6,9229.1,0.0
1731068918.74,7229.7,9229.2,0.0
1731068919.24,7229.8,9229.3,0.0
1731068919.74,7229.9,9229.4,0.0
1731068920.24,7230.0,9229.5,0.0
1731068920.74,7230.1,9229.6,0.0
1731068921.24,7230.2,9229.7,0.0
1731068921.74,7230.3,9229.8,0.0
1731068922.24,7230.4,9229.9,0.0
1731068922.74,7230.5,9230.0,0.0
1731068923.24,7230.6,9230.1,0.0
1731068923.74,7230.7,9230.2,0.0
1731068924.24,7230.8,9230.3,0.0
1731068924.74,7230.9,9230.4,0.0
1731068925.24,7231.0,9230.5,0.0
1731068925.74,7231.1,9230.6,0.0
1731068926.24,7231.2,9230.7,0.0
1731068926.74,7231.3,9230.8,0.0
1731068927.25,7231.4,9230.9,0.0
1731068927.75,7231.5,9231.0,0.0
1731068928.25,7231.6,9231.1,0.0
1731068928.75,7231.7,9231.2,0.0
1731068929.25,7231.8,9231.3,0.0
1731068929.75,7231.9,9231.4,0.0
1731068930.25,7232.0,9231.5,0.0
1731068930.75,7232.1,9231.6,0.0
1731068931.25,7232.2,9231.7,0.0
1731068931.75,7232.3,9231.8,0.0
1731068932.25,7232.4,9231.9,0.0
1731068932.75,7232.5,9232.0,0.0
1731068933.25,7232.6,9232.1,0.0
1731068933.75,7232.7,9232.2,0.0
1731068934.25,7232.8,9232.3,0.0
1731068934.75,7232.9,9232.4,0.0
1731068935.25,7233.0,9232.5,0.0
1731068935.75,7233.1,9232.6,0.0
1731068936.25,7233.2,9232.7,0.0
1731068936.75,7233.3,9232.8,0.0
1731068937.25,7233.4,9232.9,0.0
1731068937.75,7233.5,9233.0,0.0
1731068938.25,7233.6,9233.1,0.0
1731068938.75,7233.7,9233.2,0.0
1731068939.26,7233.8,9233.3,0.0
1731068939.76,7233.9,9233.4,0.0
1731068940.26,7234.0,9233.5,0.0
1731068940.76,7234.1,9233.6,0.0
1731068941.26,7234.2,9233.7,0.0
1731068941.76,7234.3,9233.8,0.0
1731068942.26,7234.4,9233.9,0.0
1731068942.76,7234.5,9234.0,0.0
1731068943.26,7234.6,9234.1,0.0
1731068943.76,7234.7,9234.2,0.0
1731068944.26,7234.8,9234.3,0.0
1731068944.76,7234.9,9234.4,0.0
1731068945.26,7235.0,9234.5,0.0
1731068945.76,7235.1,9234.6,0.0
1731068946.26,7235.2,9234.7,0.0
1731068946.76,7235.3,9234.8,0.0
1731068947.26,7235.4,9234.9,0.0
1731068947.76,7235.5,9235.0,0.0
1731068948.26,7235.6,9235.1,0.0
1731068948.76,7235.7,9235.2,0.0
1731068949.27,7235.8,9235.3,0.0
1731068949.77,7235.9,9235.4,0.0
1731068950.27,7236.0,9235.5,0.0
1731068950.77,7236.1,9235.6,0.0
1731068951.27,7236.2,9235.7,0.0
1731068951.77,7236.3,9235.8,0.0
1731068952.27,7236.4,9235.9,0.0
1731068952.77,7236.5,9236.0,0.0
1731068953.27,7236.6,9236.1,0.0
1731068953.77,7236.7,9236.2,0.0
1731068954.27,7236.8,9236.3,0.0
1731068954.77,7236.9,9236.4,0.0
1731068955.27,7237.0,9236.5,0.0
1731068955.77,7237.1,9236.6,0.0
1731068956.27,7237.2,9236.7,0.0
1731068956.77,7237.3,9236.8,0.0
1731068957.27,7237.4,9236.9,0.0
1731068957.77,7237.5,9237.0,0.0
1731068958.27,7237.6,9237.1,0.0
1731068958.78,7237.7,9237.2,0.0
1731068959.28,7237.8,9237.3,0.0
1731068959.78,7237.9,9237.4,0.0
1731068960.28,7238.0,9237.5,0.0
1731068960.78,7238.1,9237.6,0.0
1731068961.28,7238.2,9237.7,0.0
1731068961.78,7238.3,9237.8,0.0
1731068962.28,7238.4,9237.9,0.0
1731068962.78,7238.5,9238.0,0.0
1731068963.28,7238.6,9238.1,0.0
1731068963.78,7238.7,9238.2,0.0
1731068964.28,7238.8,9238.3,0.0
1731068964.78,7238.9,9238.4,0.0
1731068965.28,7239.0,9238.5,0.0
1731068965.78,7239.1,9238.6,0.0
1731068966.28,7239.2,9238.7,0.0
1731068966.78,7239.3,9238.8,0.0
1731068967.28,7239.4,9238.9,0.0
1731068967.78,7239.5,9239.0,0.0
1731068968.28,7239.6,9239.1,0.0
1731068968.78,7239.7,9239.2,0.0
1731068969.29,7239.8,9239.3,0.0
1731068969.79,7239.9,9239.4,0.0
1731068970.29,7240.0,9239.5,0.0
1731068970.79,7240.1,9239.6,0.0
1731068971.29,7240.2,9239.7,0.0
1731068971.79,7240.3,9239.8,0.0
1731068972.29,7240.4,9239.9,0.0
1731068972.79,7240.5,9240.0,0.0
1731068973.29,7240.6,9240.1,0.0
1731068973.79,7240.7,9240.2,0.0
1731068974.29,7240.8,9240.3,0.0
1731068974.79,7240.9,9240.4,0.0
1731068975.29,7241.0,9240.5,0.0
1731068975.79,7241.1,9240.6,0.0
1731068976.29,7241.2,9240.7,0.0
1731068976.79,7241.3,9240.8,0.0
1731068977.29,7241.4,9240.9,0.0
1731068977.79,7241.5,9241.0,0.0
1731068978.29,7241.6,9241.1,0.0
1731068978.79,7241.7,9241.2,0.0
1731068979.29,7241.8,9241.3,0.0
1731068979.79,7241.9,9241.4,0.0
1731068980.3,7242.0,9241.5,0.0
1731068980.8,7242.1,9241.6,0.0
1731068981.3,7242.2,9241.7,0.0
1731068981.8,7242.3,9241.8,0.0
1731068982.3,7242.4,9241.9,0.0
1731068982.8,7242.5,9242.0,0.0
1731068983.3,7242.6,9242.1,0.0
1731068983.8,7242.7,9242.2,0.0
1731068984.3,7242.8,9242.3,0.0
1731068984.8,7242.9,9242.4,0.0
1731068985.3,7243.0,9242.5,0.0
1731068985.8,7243.1,9242.6,0.0
1731068986.3,7243.2,9242.7,0.0
1731068986.8,7243.3,9242.8,0.0
1731068987.3,7243.4,9242.9,0.0
1731068987.8,7243.5,9243.0,0.0
1731068988.3,7243.6,9243.1,0.0
1731068988.8,7243.7,9243.2,0.0
1731068989.3,7243.8,9243.3,0.0
1731068989.8,7243.9,9243.4,0.0
1731068990.3,7244.0,9243.5,0.0
1731068990.8,7244.1,9243.6,0.0
1731068991.31,7244.2,9243.7,0.0
1731068991.81,7244.3,9243.8,0.0
1731068992.31,7244.4,9243.9,0.0
1731068992.81,7244.5,9244.0,0.0
1731068993.31,7244.6,9244.1,0.0
1731068993.81,7244.7,9244.2,0.0
1731068994.31,7244.8,9244.3,0.0
1731068994.81,7244.9,9244.4,0.0
1731068995.31,7245.0,9244.5,0.0
1731068995.81,7245.1,9244.6,0.0
1731068996.31,7245.2,9244.7,0.0
1731068996.81,7245.3,9244.8,0.0
1731068997.31,7245.4,9244.9,0.0
1731068997.81,7245.5,9245.0,0.0
1731068998.31,7245.6,9245.1,0.0
1731068998.81,7245.7,9245.2,0.0
1731068999.31,7245.8,9245.3,0.0
1731068999.81,7245.9,9245.4,0.0
1731069000.31,7246.0,9245.5,0.0
1731069000.81,7246.1,9245.6,0.0
1731069001.31,7246.2,9245.7,0.0
1731069001.82,7246.3,9245.8,0.0
1731069002.32,7246.4,9245.9,0.0
1731069002.82,7246.5,9246.0,0.0
1731069003.32,7246.6,9246.1,0.0
1731069003.82,7246.7,9246.2,0.0
1731069004.32,7246.8,9246.3,0.0
1731069004.82,7246.9,9246.4,0.0
1731069005.32,7247.0,9246.5,0.0
1731069005.82,7247.1,9246.6,0.0
1731069006.32,7247.2,9246.7,0.0
1731069006.82,7247.3,9246.8,0.0
1731069007.32,7247.4,9246.9,0.0
1731069007.82,7247.5,9247.0,0.0
1731069008.32,7247.6,9247.1,0.0
1731069008.82,7247.7,9247.2,0.0
1731069009.33,7247.8,9247.3,0.0
1731069009.83,7247.9,9247.4,0.0
1731069010.33,7248.0,9247.5,0.0
1731069010.83,7248.1,9247.6,0.0
1731069011.33,7248.2,9247.7,0.0
1731069011.83,7248.3,9247.8,0.0
1731069012.33,7248.4,9247.9,0.0
1731069012.83,7248.5,9248.0,0.0
1731069013.33,7248.6,9248.1,0.0
1731069013.83,7248.7,9248.2,0.0
1731069014.33,7248.8,9248.3,0.0
1731069014.83,7248.9,9248.4,0.0
1731069015.33,7249.0,9248.5,0.0
1731069015.83,7249.1,9248.6,0.0
1731069016.33,7249.2,9248.7,0.0
1731069016.83,7249.3,9248.8,0.0
1731069017.33,7249.4,9248.9,0.0
1731069017.83,7249.5,9249.0,0.0
1731069018.33,7249.6,9249.1,0.0
1731069018.83,7249.7,9249.2,0.0
1731069019.33,7249.8,9249.3,0.0
1731069019.84,7249.9,9249.4,0.0
1731069020.34,7250.0,9249.5,0.0
1731069020.84,7250.1,9249.6,0.0
1731069021.34,7250.2,9249.7,0.0
1731069021.84,7250.3,9249.8,0.0
1731069022.34,7250.4,9249.9,0.0
1731069022.84,7250.5,9250.0,0.0
1731069023.34,7250.6,9250.1,0.0
1731069023.84,7250.7,9250.2,0.0
1731069024.34,7250.8,9250.3,0.0
1731069024.84,7250.9,9250.4,0.0
1731069025.34,7251.0,9250.5,0.0
1731069025.84,7251.1,9250.6,0.0
1731069026.34,7251.2,9250.7,0.0
1731069026.84,7251.3,9250.8,0.0
1731069027.34,7251.4,9250.9,0.0
1731069027.84,7251.5,9251.0,0.0
1731069028.34,7251.6,9251.1,0.0
1731069028.85,7251.7,9251.2,0.0
1731069029.35,7251.8,9251.3,0.0
1731069029.85,7251.9,9251.4,0.0
1731069030.35,7252.0,9251.5,0.0
1731069030.85,7252.1,9251.6,0.0
1731069031.35,7252.2,9251.7,0.0
1731069031.85,7252.3,9251.8,0.0
1731069032.35,7252.4,9251.9,0.0
1731069032.85,7252.5,9252.0,0.0
1731069033.35,7252.6,9252.1,0.0
1731069033.85,7252.7,9252.2,0.0
1731069034.35,7252.8,9252.3,0.0
1731069034.85,7252.9,9252.4,0.0
1731069035.35,7253.0,9252.5,0.0
1731069035.85,7253.1,9252.6,0.0
1731069036.35,7253.2,9252.7,0.0
1731069036.85,7253.3,9252.8,0.0
1731069037.35,7253.4,9252.9,0.0
1731069037.85,7253.5,9253.0,0.0
1731069038.36,7253.6,9253.1,0.0
1731069038.86,7253.7,9253.2,0.0
1731069039.36,7253.8,9253.3,0.0
1731069039.86,7253.9,9253.4,0.0
1731069040.36,7254.0,9253.5,0.0
1731069040.86,7254.1,9253.6,0.0
1731069041.36,7254.2,9253.7,0.0
1731069041.86,7254.3,9253.8,0.0
1731069042.36,7254.4,9253.9,0.0
1731069042.86,7254.5,9254.0,0.0
1731069043.36,7254.6,9254.1,0.0
1731069043.86,7254.7,9254.2,0.0
1731069044.36,7254.8,9254.3,0.0
1731069044.86,7254.9,9254.4,0.0
1731069045.36,7255.0,9254.5,0.0
1731069045.86,7255.1,9254.6,0.0
1731069046.36,7255.2,9254.7,0.0
1731069046.86,7255.3,9254.8,0.0
1731069047.36,7255.4,9254.9,0.0
1731069047.87,7255.5,9255.0,0.0
1731069048.37,7255.6,9255.1,0.0
1731069048.87,7255.7,9255.2,0.0
1731069049.37,7255.8,9255.3,0.0
1731069049.87,7255.9,9255.4,0.0
1731069050.37,7256.0,9255.5,0.0
1731069050.87,7256.1,9255.6,0.0
1731069051.37,7256.2,9255.7,0.0
1731069051.87,7256.3,9255.8,0.0
1731069052.37,7256.4,9255.9,0.0
1731069052.87,7256.5,9256.0,0.0
1731069053.37,7256.6,9256.1,0.0
1731069053.87,7256.7,9256.2,0.0
1731069054.37,7256.8,9256.3,0.0
1731069054.87,7256.9,9256.4,0.0
1731069055.37,7257.0,9256.5,0.0
1731069055.87,7257.1,9256.6,0.0
1731069056.37,7257.2,9256.7,0.0
1731069056.88,7257.3,9256.8,0.0
1731069057.38,7257.4,9256.9,0.0
1731069057.88,7257.5,9257.0,0.0
1731069058.38,7257.6,9257.1,0.0
1731069058.88,7257.7,9257.2,0.0
1731069059.38,7257.8,9257.3,0.0
1731069059.88,7257.9,9257.4,0.0
1731069060.38,7258.0,9257.5,0.0
1731069060.88,7258.1,9257.6,0.0
1731069061.38,7258.2,9257.7,0.0
1731069061.88,7258.3,9257.8,0.0
1731069062.38,7258.4,9257.9,0.0
1731069062.88,7258.5,9258.0,0.0
1731069063.38,7258.6,9258.1,0.0
1731069063.88,7258.7,9258.2,0.0
1731069064.38,7258.8,9258.3,0.0
1731069064.88,7258.9,9258.4,0.0
1731069065.39,7259.0,9258.5,0.0
1731069065.89,7259.1,9258.6,0.0
1731069066.39,7259.2,9258.7,0.0
1731069066.89,7259.3,9258.8,0.0
1731069067.39,7259.4,9258.9,0.0
1731069067.89,7259.5,9259.0,0.0
1731069068.39,7259.6,9259.1,0.0
1731069068.89,7259.7,9259.2,0.0
1731069069.39,7259.8,9259.3,0.0
1731069069.89,7259.9,9259.4,0.0
1731069070.39,7260.0,9259.5,0.0
1731069070.89,7260.1,9259.6,0.0
1731069071.39,7260.2,9259.7,0.0
1731069071.9,7260.3,9259.8,0.0
1731069072.4,7260.4,9259.9,0.0
1731069072.9,7260.5,9260.0,0.0
1731069073.4,7260.6,9260.1,0.0
1731069073.9,7260.7,9260.2,0.0
1731069074.4,7260.8,9260.3,0.0
1731069074.9,7260.9,9260.4,0.0
1731069075.4,7261.0,9260.5,0.0
1731069075.9,7261.1,9260.6,0.0
1731069076.4,7261.2,9260.7,0.0
1731069076.9,7261.3,9260.8,0.0
1731069077.4,7261.4,9260.9,0.0
1731069077.9,7261.5,9261.0,0.0
1731069078.4,7261.6,9261.1,0.0
1731069078.9,7261.7,9261.2,0.0
1731069079.4,7261.8,9261.3,0.0
1731069079.9,7261.9,9261.4,0.0
1731069080.4,7262.0,9261.5,0.0
1731069080.9,7262.1,9261.6,0.0
1731069081.41,7262.2,9261.7,0.0
1731069081.91,7262.3,9261.8,0.0
1731069082.41,7262.4,9261.9,0.0
1731069082.91,7262.5,9262.0,0.0
1731069083.41,7262.6,9262.1,0.0
1731069083.91,7262.7,9262.2,0.0
1731069084.41,7262.8,9262.3,0.0
1731069084.91,7262.9,9262.4,0.0
1731069085.41,7263.0,9262.5,0.0
1731069085.91,7263.1,9262.6,0.0
1731069086.41,7263.2,9262.7,0.0
1731069086.91,7263.3,9262.8,0.0
1731069087.41,7263.4,9262.9,0.0
1731069087.91,7263.5,9263.0,0.0
1731069088.41,7263.6,9263.1,0.0
1731069088.91,7263.7,9263.2,0.0
1731069089.41,7263.8,9263.3,0.0
1731069089.91,7263.9,9263.4,0.0
1731069090.41,7264.0,9263.5,0.0
1731069090.91,7264.1,9263.6,0.0
1731069091.42,7264.2,9263.7,0.0
1731069091.92,7264.3,9263.8,0.0
1731069092.42,7264.4,9263.9,0.0
1731069092.92,7264.5,9264.0,0.0
1731069093.42,7264.6,9264.1,0.0
1731069093.92,7264.7,9264.2,0.0
1731069094.42,7264.8,9264.3,0.0
1731069094.92,7264.9,9264.4,0.0
1731069095.42,7265.0,9264.5,0.0
1731069095.92,7265.1,9264.6,0.0
1731069096.42,7265.2,9264.7,0.0
1731069096.92,7265.3,9264.8,0.0
1731069097.42,7265.4,9264.9,0.0
1731069097.92,7265.5,9265.0,0.0
1731069098.42,7265.6,9265.1,0.0
1731069098.92,7265.7,9265.2,0.0
1731069099.42,7265.8,9265.3,0.0
1731069099.92,7265.9,9265.4,0.0
1731069100.43,7266.0,9265.5,0.0
1731069100.93,7266.1,9265.6,0.0
1731069101.43,7266.2,9265.7,0.0
1731069101.93,7266.3,9265.8,0.0
1731069102.43,7266.4,9265.9,0.0
1731069102.93,7266.5,9266.0,0.0
1731069103.43,7266.6,9266.1,0.0
1731069103.93,7266.7,9266.2,0.0
1731069104.43,7266.8,9266.3,0.0
1731069104.93,7266.9,9266.4,0.0
1731069105.43,7267.0,9266.5,0.0
1731069105.93,7267.1,9266.6,0.0
1731069106.43,7267.2,9266.7,0.0
1731069106.93,7267.3,9266.8,0.0
1731069107.43,7267.4,9266.9,0.0
1731069107.93,7267.5,9267.0,0.0
1731069108.43,7267.6,9267.1,0.0
1731069108.93,7267.7,9267.2,0.0
1731069109.43,7267.8,9267.3,0.0
1731069109.93,7267.9,9267.4,0.0
1731069110.43,7268.0,9267.5,0.0
1731069110.93,7268.1,9267.6,0.0
1731069111.44,7268.2,9267.7,0.0
1731069111.94,7268.3,9267.8,0.0
1731069112.44,7268.4,9267.9,0.0
1731069112.94,7268.5,9268.0,0.0
1731069113.44,7268.6,9268.1,0.0
1731069113.94,7268.7,9268.2,0.0
1731069114.44,7268.8,9268.3,0.0
1731069114.94,7268.9,9268.4,0.0
1731069115.44,7269.0,9268.5,0.0
1731069115.94,7269.1,9268.6,0.0
1731069116.44,7269.2,9268.7,0.0
1731069116.94,7269.3,9268.8,0.0
1731069117.44,7269.4,9268.9,0.0
1731069117.94,7269.5,9269.0,0.0
1731069118.44,7269.6,9269.1,0.0
1731069118.94,7269.7,9269.2,0.0
1731069119.44,7269.8,9269.3,0.0
1731069119.94,7269.9,9269.4,0.0
1731069120.44,7270.0,9269.5,0.0
1731069120.94,7270.1,9269.6,0.0
1731069121.44,7270.2,9269.7,0.0
1731069121.95,7270.3,9269.8,0.0
1731069122.45,7270.4,9269.9,0.0
1731069122.95,7270.5,9270.0,0.0
1731069123.45,7270.6,9270.1,0.0
1731069123.95,7270.7,9270.2,0.0
1731069124.45,7270.8,9270.3,0.0
1731069124.95,7270.9,9270.4,0.0
1731069125.45,7271.0,9270.5,0.0
1731069125.95,7271.1,9270.6,0.0
1731069126.45,7271.2,9270.7,0.0
1731069126.95,7271.3,9270.8,0.0
1731069127.45,7271.4,9270.9,0.0
1731069127.95,7271.5,9271.0,0.0
1731069128.45,7271.6,9271.1,0.0
1731069128.95,7271.7,9271.2,0.0
1731069129.45,7271.8,9271.3,0.0
1731069129.95,7271.9,9271.4,0.0
1731069130.45,7272.0,9271.5,0.0
1731069130.95,7272.1,9271.6,0.0
1731069131.45,7272.2,9271.7,0.0
1731069131.96,7272.3,9271.8,0.0
1731069132.46,7272.4,9271.9,0.0
1731069132.96,7272.5,9272.0,0.0
1731069133.46,7272.6,9272.1,0.0
1731069133.96,7272.7,9272.2,0.0
1731069134.46,7272.8,9272.3,0.0
1731069134.96,7272.9,9272.4,0.0
1731069135.46,7273.0,9272.5,0.0
1731069135.96,7273.1,9272.6,0.0
1731069136.46,7273.2,9272.7,0.0
1731069136.96,7273.3,9272.8,0.0
1731069137.46,7273.4,9272.9,0.0
1731069137.96,7273.5,9273.0,0.0
1731069138.46,7273.6,9273.1,0.0
1731069138.96,7273.7,9273.2,0.0
1731069139.46,7273.8,9273.3,0.0
1731069139.96,7273.9,9273.4,0.0
1731069140.46,7274.0,9273.5,0.0
1731069140.97,7274.1,9273.6,0.0
1731069141.47,7274.2,9273.7,0.0
1731069141.97,7274.3,9273.8,0.0
1731069142.47,7274.4,9273.9,0.0
1731069142.97,7274.5,9274.0,0.0
1731069143.47,7274.6,9274.1,0.0
1731069143.97,7274.7,9274.2,0.0
1731069144.47,7274.8,9274.3,0.0
1731069144.97,7274.9,9274.4,0.0
1731069145.47,7275.0,9274.5,0.0
1731069145.97,7275.1,9274.6,0.0
1731069146.47,7275.2,9274.7,0.0
1731069146.97,7275.3,9274.8,0.0
1731069147.47,7275.4,9274.9,0.0
1731069147.97,7275.5,9275.0,0.0
1731069148.47,7275.6,9275.1,0.0
1731069148.97,7275.7,9275.2,0.0
1731069149.47,7275.8,9275.3,0.0
1731069149.98,7275.9,9275.4,0.0
1731069150.48,7276.0,9275.5,0.0
1731069150.98,7276.1,9275.6,0.0
1731069151.48,7276.2,9275.7,0.0
1731069151.98,7276.3,9275.8,0.0
1731069152.48,7276.4,9275.9,0.0
1731069152.98,7276.5,9276.0,0.0
1731069153.48,7276.6,9276.1,0.0
1731069153.98,7276.7,9276.2,0.0
1731069154.48,7276.8,9276.3,0.0
1731069154.98,7276.9,9276.4,0.0
1731069155.48,7277.0,9276.5,0.0
1731069155.98,7277.1,9276.6,0.0
1731069156.48,7277.2,9276.7,0.0
1731069156.98,7277.3,9276.8,0.0
1731069157.48,7277.4,9276.9,0.0
1731069157.98,7277.5,9277.0,0.0
1731069158.48,7277.6,9277.1,0.0
1731069158.98,7277.7,9277.2,0.0
1731069159.49,7277.8,9277.3,0.0
1731069159.99,7277.9,9277.4,0.0
1731069160.49,7278.0,9277.5,0.0
1731069160.99,7278.1,9277.6,0.0
1731069161.49,7278.2,9277.7,0.0
1731069161.99,7278.3,9277.8,0.0
1731069162.49,7278.4,9277.9,0.0
1731069162.99,7278.5,9278.0,0.0
1731069163.49,7278.6,9278.1,0.0
1731069163.99,7278.7,9278.2,0.0
1731069164.49,7278.8,9278.3,0.0
1731069164.99,7278.9,9278.4,0.0
1731069165.49,7279.0,9278.5,0.0
1731069165.99,7279.1,9278.6,0.0
1731069166.49,7279.2,9278.7,0.0
1731069166.99,7279.3,9278.8,0.0
1731069167.49,7279.4,9278.9,0.0
1731069167.99,7279.5,9279.0,0.0
1731069168.49,7279.6,9279.1,0.0
1731069169.0,7279.7,9279.2,0.0
1731069169.5,7279.8,9279.3,0.0
1731069170.0,7279.9,9279.4,0.0
1731069170.5,7280.0,9279.5,0.0
1731069171.0,7280.1,9279.6,0.0
1731069171.5,7280.2,9279.7,0.0
1731069172.0,7280.3,9279.8,0.0
1731069172.5,7280.4,9279.9,0.0
1731069173.0,7280.5,9280.0,0.0
1731069173.5,7280.6,9280.1,0.0
1731069174.0,7280.7,9280.2,0.0
1731069174.5,7280.8,9280.3,0.0
1731069175.0,7280.9,9280.4,0.0
1731069175.5,7281.0,9280.5,0.0
1731069176.0,7281.1,9280.6,0.0
1731069176.5,7281.2,9280.7,0.0
1731069177.0,7281.3,9280.8,0.0
1731069177.5,7281.4,9280.9,0.0
1731069178.0,7281.5,9281.0,0.0
1731069178.51,7281.6,9281.1,0.0
1731069179.01,7281.7,9281.2,0.0
1731069179.51,7281.8,9281.3,0.0
1731069180.01,7281.9,9281.4,0.0
1731069180.51,7282.0,9281.5,0.0
1731069181.01,7282.1,9281.6,0.0
1731069181.51,7282.2,9281.7,0.0
1731069182.01,7282.3,9281.8,0.0
1731069182.51,7282.4,9281.9,0.0
1731069183.01,7282.5,9282.0,0.0
1731069183.51,7282.6,9282.1,0.0
1731069184.01,7282.7,9282.2,0.0
1731069184.51,7282.8,9282.3,0.0
1731069185.01,7282.9,9282.4,0.0
1731069185.51,7283.0,9282.5,0.0
1731069186.01,7283.1,9282.6,0.0
1731069186.51,7283.2,9282.7,0.0
1731069187.01,7283.3,9282.8,0.0
1731069187.51,7283.4,9282.9,0.0
1731069188.02,7283.5,9283.0,0.0
1731069188.52,7283.6,9283.1,0.0
1731069189.02,7283.7,9283.2,0.0
1731069189.52,7283.8,9283.3,0.0
1731069190.02,7283.9,9283.4,0.0
1731069190.52,7284.0,9283.5,0.0
1731069191.02,7284.1,9283.6,0.0
1731069191.52,7284.2,9283.7,0.0
1731069192.02,7284.3,9283.8,0.0
1731069192.52,7284.4,9283.9,0.0
1731069193.02,7284.5,9284.0,0.0
1731069193.52,7284.6,9284.1,0.0
1731069194.02,7284.7,9284.2,0.0
1731069194.52,7284.8,9284.3,0.0
1731069195.02,7284.9,9284.4,0.0
1731069195.52,7285.0,9284.5,0.0
1731069196.02,7285.1,9284.6,0.0
1731069196.52,7285.2,9284.7,0.0
1731069197.03,7285.3,9284.8,0.0
1731069197.53,7285.4,9284.9,0.0
1731069198.03,7285.5,9285.0,0.0
1731069198.53,7285.6,9285.1,0.0
1731069199.03,7285.7,9285.2,0.0
1731069199.53,7285.8,9285.3,0.0
1731069200.03,7285.9,9285.4,0.0
1731069200.53,7286.0,9285.5,0.0
1731069201.03,7286.1,9285.6,0.0
1731069201.53,7286.2,9285.7,0.0
1731069202.03,7286.3,9285.8,0.0
1731069202.53,7286.4,9285.9,0.0
1731069203.03,7286.5,9286.0,0.0
1731069203.53,7286.6,9286.1,0.0
1731069204.03,7286.7,9286.2,0.0
1731069204.53,7286.8,9286.3,0.0
1731069205.03,7286.9,9286.4,0.0
1731069205.53,7287.0,9286.5,0.0
1731069206.03,7287.1,9286.6,0.0
1731069206.53,7287.2,9286.7,0.0
1731069207.03,7287.3,9286.8,0.0
1731069207.54,7287.4,9286.9,0.0
1731069208.04,7287.5,9287.0,0.0
1731069208.54,7287.6,9287.1,0.0
1731069209.04,7287.7,9287.2,0.0
1731069209.54,7287.8,9287.3,0.0
1731069210.04,7287.9,9287.4,0.0
1731069210.54,7288.0,9287.5,0.0
1731069211.04,7288.1,9287.6,0.0
1731069211.54,7288.2,9287.7,0.0
1731069212.04,7288.3,9287.8,0.0
1731069212.54,7288.4,9287.9,0.0
1731069213.04,7288.5,9288.0,0.0
1731069213.54,7288.6,9288.1,0.0
1731069214.04,7288.7,9288.2,0.0
1731069214.54,7288.8,9288.3,0.0
1731069215.04,7288.9,9288.4,0.0
1731069215.54,7289.0,9288.5,0.0
1731069216.04,7289.1,9288.6,0.0
1731069216.54,7289.2,9288.7,0.0
1731069217.04,7289.3,9288.8,0.0
1731069217.55,7289.4,9288.9,0.0
1731069218.05,7289.5,9289.0,0.0
1731069218.55,7289.6,9289.1,0.0
1731069219.05,7289.7,9289.2,0.0
1731069219.55,7289.8,9289.3,0.0
1731069220.05,7289.9,9289.4,0.0
1731069220.55,7290.0,9289.5,0.0
1731069221.05,7290.1,9289.6,0.0
1731069221.55,7290.2,9289.7,0.0
1731069222.05,7290.3,9289.8,0.0
1731069222.55,7290.4,9289.9,0.0
1731069223.05,7290.5,9290.0,0.0
1731069223.55,7290.6,9290.1,0.0
1731069224.05,7290.7,9290.2,0.0
1731069224.55,7290.8,9290.3,0.0
1731069225.05,7290.9,9290.4,0.0
1731069225.55,7291.0,9290.5,0.0
1731069226.05,7291.1,9290.6,0.0
1731069226.55,7291.2,9290.7,0.0
1731069227.05,7291.3,9290.8,0.0
1731069227.55,7291.4,9290.9,0.0
1731069228.05,7291.5,9291.0,0.0
1731069228.55,7291.6,9291.1,0.0
1731069229.06,7291.7,9291.2,0.0
1731069229.56,7291.8,9291.3,0.0
1731069230.06,7291.9,9291.4,0.0
1731069230.56,7292.0,9291.5,0.0
1731069231.06,7292.1,9291.6,0.0
1731069231.56,7292.2,9291.7,0.0
1731069232.06,7292.3,9291.8,0.0
1731069232.56,7292.4,9291.9,0.0
1731069233.06,7292.5,9292.0,0.0
1731069233.56,7292.6,9292.1,0.0
1731069234.06,7292.7,9292.2,0.0
1731069234.56,7292.8,9292.3,0.0
1731069235.06,7292.9,9292.4,0.0
1731069235.56,7293.0,9292.5,0.0
1731069236.06,7293.1,9292.6,0.0
1731069236.56,7293.2,9292.7,0.0
1731069237.06,7293.3,9292.8,0.0
1731069237.56,7293.4,9292.9,0.0
1731069238.06,7293.5,9293.0,0.0
1731069238.56,7293.6,9293.1,0.0
1731069239.06,7293.7,9293.2,0.0
1731069239.56,7293.8,9293.3,0.0
1731069240.07,7293.9,9293.4,0.0
1731069240.57,7294.0,9293.5,0.0
1731069241.07,7294.1,9293.6,0.0
1731069241.57,7294.2,9293.7,0.0
1731069242.07,7294.3,9293.8,0.0
1731069242.57,7294.4,9293.9,0.0
1731069243.07,7294.5,9294.0,0.0
1731069243.57,7294.6,9294.1,0.0
1731069244.07,7294.7,9294.2,0.0
1731069244.57,7294.8,9294.3,0.0
1731069245.07,7294.9,9294.4,0.0
1731069245.57,7295.0,9294.5,0.0
1731069246.07,7295.1,9294.6,0.0
1731069246.57,7295.2,9294.7,0.0
1731069247.07,7295.3,9294.8,0.0
1731069247.57,7295.4,9294.9,0.0
1731069248.07,7295.5,9295.0,0.0
1731069248.57,7295.6,9295.1,0.0
1731069249.07,7295.7,9295.2,0.0
1731069249.57,7295.8,9295.3,0.0
1731069250.07,7295.9,9295.4,0.0
1731069250.58,7296.0,9295.5,0.0
1731069251.08,7296.1,9295.6,0.0
1731069251.58,7296.2,9295.7,0.0
1731069252.08,7296.3,9295.8,0.0
1731069252.58,7296.4,9295.9,0.0
1731069253.08,7296.5,9296.0,0.0
1731069253.58,7296.6,9296.1,0.0
1731069254.08,7296.7,9296.2,0.0
1731069254.58,7296.8,9296.3,0.0
1731069255.08,7296.9,9296.4,0.0
1731069255.58,7297.0,9296.5,0.0
1731069256.08,7297.1,9296.6,0.0
1731069256.58,7297.2,9296.7,0.0
1731069257.08,7297.3,9296.8,0.0
1731069257.58,7297.4,9296.9,0.0
1731069258.08,7297.5,9297.0,0.0
1731069258.58,7297.6,9297.1,0.0
1731069259.08,7297.7,9297.2,0.0
1731069259.58,7297.8,9297.3,0.0
1731069260.08,7297.9,9297.4,0.0
1731069260.59,7298.0,9297.5,0.0
1731069261.09,7298.1,9297.6,0.0
1731069261.59,7298.2,9297.7,0.0
1731069262.09,7298.3,9297.8,0.0
1731069262.59,7298.4,9297.9,0.0
1731069263.09,7298.5,9298.0,0.0
1731069263.59,7298.6,9298.1,0.0
1731069264.09,7298.7,9298.2,0.0
1731069264.59,7298.8,9298.3,0.0
1731069265.09,7298.9,9298.4,0.0
1731069265.59,7299.0,9298.5,0.0
1731069266.09,7299.1,9298.6,0.0
1731069266.59,7299.2,9298.7,0.0
1731069267.09,7299.3,9298.8,0.0
1731069267.59,7299.4,9298.9,0.0
1731069268.09,7299.5,9299.0,0.0
1731069268.59,7299.6,9299.1,0.0
1731069269.09,7299.7,9299.2,0.0
1731069269.59,7299.8,9299.3,0.0
1731069270.09,7299.9,9299.4,0.0
1731069270.59,7300.0,9299.5,0.0
1731069271.09,7300.1,9299.6,0.0
1731069271.6,7300.2,9299.7,0.0
1731069272.1,7300.3,9299.8,0.0
1731069272.6,7300.4,9299.9,0.0
1731069273.1,7300.5,9300.0,0.0
1731069273.6,7300.6,9300.1,0.0
1731069274.1,7300.7,9300.2,0.0
1731069274.6,7300.8,9300.3,0.0
1731069275.1,7300.9,9300.4,0.0
1731069275.6,7301.0,9300.5,0.0
1731069276.1,7301.1,9300.6,0.0
1731069276.6,7301.2,9300.7,0.0
1731069277.1,7301.3,9300.8,0.0
1731069277.6,7301.4,9300.9,0.0
1731069278.1,7301.5,9301.0,0.0
1731069278.6,7301.6,9301.1,0.0
1731069279.1,7301.7,9301.2,0.0
1731069279.6,7301.8,9301.3,0.0
1731069280.1,7301.9,9301.4,0.0
1731069280.6,7302.0,9301.5,0.0
1731069281.1,7302.1,9301.6,0.0
1731069281.6,7302.2,9301.7,0.0
1731069282.11,7302.3,9301.8,0.0
1731069282.61,7302.4,9301.9,0.0
1731069283.11,7302.5,9302.0,0.0
1731069283.61,7302.6,9302.1,0.0
1731069284.11,7302.7,9302.2,0.0
1731069284.61,7302.8,9302.3,0.0
1731069285.11,7302.9,9302.4,0.0
1731069285.61,7303.0,9302.5,0.0
1731069286.11,7303.1,9302.6,0.0
1731069286.61,7303.2,9302.7,0.0
1731069287.11,7303.3,9302.8,0.0
1731069287.61,7303.4,9302.9,0.0
1731069288.11,7303.5,9303.0,0.0
1731069288.61,7303.6,9303.1,0.0
1731069289.11,7303.7,9303.2,0.0
1731069289.61,7303.8,9303.3,0.0
1731069290.11,7303.9,9303.4,0.0
1731069290.61,7304.0,9303.5,0.0
1731069291.11,7304.1,9303.6,0.0
1731069291.61,7304.2,9303.7,0.0
1731069292.12,7304.3,9303.8,0.0
1731069292.62,7304.4,9303.9,0.0
1731069293.12,7304.5,9304.0,0.0
1731069293.62,7304.6,9304.1,0.0
1731069294.12,7304.7,9304.2,0.0
1731069294.62,7304.8,9304.3,0.0
1731069295.12,7304.9,9304.4,0.0
1731069295.62,7305.0,9304.5,0.0
1731069296.12,7305.1,9304.6,0.0
1731069296.62,7305.2,9304.7,0.0
1731069297.12,7305.3,9304.8,0.0
1731069297.62,7305.4,9304.9,0.0
1731069298.12,7305.5,9305.0,0.0
1731069298.62,7305.6,9305.1,0.0
1731069299.12,7305.7,9305.2,0.0
1731069299.62,7305.8,9305.3,0.0
1731069300.12,7305.9,9305.4,0.0
1731069300.62,7306.0,9305.5,0.0
1731069301.12,7306.1,9305.6,0.0
1731069301.62,7306.2,9305.7,0.0
1731069302.12,7306.3,9305.8,0.0
1731069302.62,7306.4,9305.9,0.0
1731069303.13,7306.5,9306.0,0.0
1731069303.63,7306.6,9306.1,0.0
1731069304.13,7306.7,9306.2,0.0
1731069304.63,7306.8,9306.3,0.0
1731069305.13,7306.9,9306.4,0.0
1731069305.63,7307.0,9306.5,0.0
1731069306.13,7307.1,9306.6,0.0
1731069306.63,7307.2,9306.7,0.0
1731069307.13,7307.3,9306.8,0.0
1731069307.63,7307.4,9306.9,0.0
1731069308.13,7307.5,9307.0,0.0
1731069308.63,7307.6,9307.1,0.0
1731069309.13,7307.7,9307.2,0.0
1731069309.63,7307.8,9307.3,0.0
1731069310.13,7307.9,9307.4,0.0
1731069310.63,7308.0,9307.5,0.0
1731069311.13,7308.1,9307.6,0.0
1731069311.63,7308.2,9307.7,0.0
1731069312.13,7308.3,9307.8,0.0
1731069312.63,7308.4,9307.9,0.0
1731069313.14,7308.5,9308.0,0.0
1731069313.64,7308.6,9308.1,0.0
1731069314.14,7308.7,9308.2,0.0
1731069314.64,7308.8,9308.3,0.0
1731069315.14,7308.9,9308.4,0.0
1731069315.64,7309.0,9308.5,0.0
1731069316.14,7309.1,9308.6,0.0
1731069316.64,7309.2,9308.7,0.0
1731069317.14,7309.3,9308.8,0.0
1731069317.64,7309.4,9308.9,0.0
1731069318.14,7309.5,9309.0,0.0
1731069318.64,7309.6,9309.1,0.0
1731069319.14,7309.7,9309.2,0.0
1731069319.64,7309.8,9309.3,0.0
1731069320.14,7309.9,9309.4,0.0
1731069320.64,7310.0,9309.5,0.0
1731069321.14,7310.1,9309.6,0.0
1731069321.65,7310.2,9309.7,0.0
1731069322.14,7310.3,9309.8,0.0
1731069322.65,7310.4,9309.9,0.0
1731069323.15,7310.5,9310.0,0.0
1731069323.65,7310.6,9310.1,0.0
1731069324.15,7310.7,9310.2,0.0
1731069324.65,7310.8,9310.3,0.0
1731069325.15,7310.9,9310.4,0.0
1731069325.65,7311.0,9310.5,0.0
1731069326.15,7311.1,9310.6,0.0
1731069326.65,7311.2,9310.7,0.0
1731069327.15,7311.3,9310.8,0.0
1731069327.65,7311.4,9310.9,0.0
1731069328.15,7311.5,9311.0,0.0
1731069328.65,7311.6,9311.1,0.0
1731069329.15,7311.7,9311.2,0.0
1731069329.65,7311.8,9311.3,0.0
1731069330.15,7311.9,9311.4,0.0
1731069330.65,7312.0,9311.5,0.0
1731069331.15,7312.1,9311.6,0.0
1731069331.65,7312.2,9311.7,0.0
1731069332.15,7312.3,9311.8,0.0
1731069332.66,7312.4,9311.9,0.0
1731069333.16,7312.5,9312.0,0.0
1731069333.66,7312.6,9312.1,0.0
1731069334.16,7312.7,9312.2,0.0
1731069334.66,7312.8,9312.3,0.0
1731069335.16,7312.9,9312.4,0.0
1731069335.66,7313.0,9312.5,0.0
1731069336.16,7313.1,9312.6,0.0
1731069336.66,7313.2,9312.7,0.0
1731069337.16,7313.3,9312.8,0.0
1731069337.66,7313.4,9312.9,0.0
1731069338.16,7313.5,9313.0,0.0
1731069338.66,7313.6,9313.1,0.0
1731069339.16,7313.7,9313.2,0.0
1731069339.66,7313.8,9313.3,0.0
1731069340.16,7313.9,9313.4,0.0
1731069340.66,7314.0,9313.5,0.0
1731069341.16,7314.1,9313.6,0.0
1731069341.66,7314.2,9313.7,0.0
1731069342.16,7314.3,9313.8,0.0
1731069342.66,7314.4,9313.9,0.0
1731069343.16,7314.5,9314.0,0.0
1731069343.66,7314.6,9314.1,0.0
1731069344.17,7314.7,9314.2,0.0
1731069344.67,7314.8,9314.3,0.0
1731069345.17,7314.9,9314.4,0.0
1731069345.67,7315.0,9314.5,0.0
1731069346.17,7315.1,9314.6,0.0
1731069346.67,7315.2,9314.7,0.0
1731069347.17,7315.3,9314.8,0.0
1731069347.67,7315.4,9314.9,0.0
1731069348.17,7315.5,9315.0,0.0
1731069348.67,7315.6,9315.1,0.0
1731069349.17,7315.7,9315.2,0.0
1731069349.67,7315.8,9315.3,0.0
1731069350.17,7315.9,9315.4,0.0
1731069350.67,7316.0,9315.5,0.0
1731069351.18,7316.1,9315.6,0.0
1731069351.67,7316.2,9315.7,0.0
1731069352.17,7316.3,9315.8,0.0
1731069352.67,7316.4,9315.9,0.0
1731069353.17,7316.5,9316.0,0.0
1731069353.67,7316.6,9316.1,0.0
1731069354.18,7316.7,9316.2,0.0
1731069354.68,7316.8,9316.3,0.0
1731069355.18,7316.9,9316.4,0.0
1731069355.68,7317.0,9316.5,0.0
1731069356.18,7317.1,9316.6,0.0
1731069356.68,7317.2,9316.7,0.0
1731069357.18,7317.3,9316.8,0.0
1731069357.68,7317.4,9316.9,0.0
1731069358.18,7317.5,9317.0,0.0
1731069358.68,7317.6,9317.1,0.0
1731069359.18,7317.7,9317.2,0.0
1731069359.68,7317.8,9317.3,0.0
1731069360.18,7317.9,9317.4,0.0
1731069360.68,7318.0,9317.5,0.0
1731069361.18,7318.1,9317.6,0.0
1731069361.68,7318.2,9317.7,0.0
1731069362.18,7318.3,9317.8,0.0
1731069362.68,7318.4,9317.9,0.0
1731069363.18,7318.5,9318.0,0.0
1731069363.68,7318.6,9318.1,0.0
1731069364.19,7318.7,9318.2,0.0
1731069364.69,7318.8,9318.3,0.0
1731069365.19,7318.9,9318.4,0.0
1731069365.69,7319.0,9318.5,0.0
1731069366.19,7319.1,9318.6,0.0
1731069366.69,7319.2,9318.7,0.0
1731069367.19,7319.3,9318.8,0.0
1731069367.69,7319.4,9318.9,0.0
1731069368.19,7319.5,9319.0,0.0
1731069368.69,7319.6,9319.1,0.0
1731069369.19,7319.7,9319.2,0.0
1731069369.69,7319.8,9319.3,0.0
1731069370.19,7319.9,9319.4,0.0
1731069370.69,7320.0,9319.5,0.0
1731069371.19,7320.1,9319.6,0.0
1731069371.69,7320.2,9319.7,0.0
1731069372.19,7320.3,9319.8,0.0
1731069372.69,7320.4,9319.9,0.0
1731069373.19,7320.5,9320.0,0.0
1731069373.69,7320.6,9320.1,0.0
1731069374.2,7320.7,9320.2,0.0
1731069374.7,7320.8,9320.3,0.0
1731069375.2,7320.9,9320.4,0.0
1731069375.7,7321.0,9320.5,0.0
1731069376.2,7321.1,9320.6,0.0
1731069376.7,7321.2,9320.7,0.0
1731069377.2,7321.3,9320.8,0.0
1731069377.7,7321.4,9320.9,0.0
1731069378.2,7321.5,9321.0,0.0
1731069378.7,7321.6,9321.1,0.0
1731069379.2,7321.7,9321.2,0.0
1731069379.7,7321.8,9321.3,0.0
1731069380.2,7321.9,9321.4,0.0
1731069380.7,7322.0,9321.5,0.0
1731069381.21,7322.1,9321.6,0.0
1731069381.71,7322.2,9321.7,0.0
1731069382.21,7322.3,9321.8,0.0
1731069382.71,7322.4,9321.9,0.0
1731069383.21,7322.5,9322.0,0.0
1731069383.71,7322.6,9322.1,0.0
1731069384.21,7322.7,9322.2,0.0
1731069384.71,7322.8,9322.3,0.0
1731069385.21,7322.9,9322.4,0.0
1731069385.71,7323.0,9322.5,0.0
1731069386.21,7323.1,9322.6,0.0
1731069386.71,7323.2,9322.7,0.0
1731069387.21,7323.3,9322.8,0.0
1731069387.71,7323.4,9322.9,0.0
1731069388.21,7323.5,9323.0,0.0
1731069388.71,7323.6,9323.1,0.0
1731069389.21,7323.7,9323.2,0.0
1731069389.72,7323.8,9323.3,0.0
1731069390.22,7323.9,9323.4,0.0
1731069390.72,7324.0,9323.5,0.0
1731069391.22,7324.1,9323.6,0.0
1731069391.72,7324.2,9323.7,0.0
1731069392.22,7324.3,9323.8,0.0
1731069392.72,7324.4,9323.9,0.0
1731069393.22,7324.5,9324.0,0.0
1731069393.72,7324.6,9324.1,0.0
1731069394.22,7324.7,9324.2,0.0
1731069394.72,7324.8,9324.3,0.0
1731069395.22,7324.9,9324.4,0.0
1731069395.72,7325.0,9324.5,0.0
1731069396.22,7325.1,9324.6,0.0
1731069396.72,7325.2,9324.7,0.0
1731069397.22,7325.3,9324.8,0.0
1731069397.72,7325.4,9324.9,0.0
1731069398.22,7325.5,9325.0,0.0
1731069398.72,7325.6,9325.1,0.0
1731069399.22,7325.7,9325.2,0.0
1731069399.73,7325.8,9325.3,0.0
1731069400.23,7325.9,9325.4,0.0
1731069400.73,7326.0,9325.5,0.0
1731069401.23,7326.1,9325.6,0.0
1731069401.73,7326.2,9325.7,0.0
1731069402.23,7326.3,9325.8,0.0
1731069402.73,7326.4,9325.9,0.0
1731069403.23,7326.5,9326.0,0.0
1731069403.73,7326.6,9326.1,0.0
1731069404.23,7326.7,9326.2,0.0
1731069404.73,7326.8,9326.3,0.0
1731069405.23,7326.9,9326.4,0.0
1731069405.73,7327.0,9326.5,0.0
1731069406.23,7327.1,9326.6,0.0
1731069406.73,7327.2,9326.7,0.0
1731069407.23,7327.3,9326.8,0.0
1731069407.73,7327.4,9326.9,0.0
1731069408.23,7327.5,9327.0,0.0
1731069408.73,7327.6,9327.1,0.0
1731069409.23,7327.7,9327.2,0.0
1731069409.73,7327.8,9327.3,0.0
1731069410.23,7327.9,9327.4,0.0
1731069410.74,7328.0,9327.5,0.0
1731069411.24,7328.1,9327.6,0.0
1731069411.74,7328.2,9327.7,0.0
1731069412.24,7328.3,9327.8,0.0
1731069412.74,7328.4,9327.9,0.0
1731069413.24,7328.5,9328.0,0.0
1731069413.74,7328.6,9328.1,0.0
1731069414.24,7328.7,9328.2,0.0
1731069414.74,7328.8,9328.3,0.0
1731069415.24,7328.9,9328.4,0.0
1731069415.74,7329.0,9328.5,0.0
1731069416.24,7329.1,9328.6,0.0
1731069416.74,7329.2,9328.7,0.0
1731069417.25,7329.3,9328.8,0.0
1731069417.75,7329.4,9328.9,0.0
1731069418.25,7329.5,9329.0,0.0
1731069418.75,7329.6,9329.1,0.0
1731069419.25,7329.7,9329.2,0.0
1731069419.75,7329.8,9329.3,0.0
1731069420.25,7329.9,9329.4,0.0
1731069420.75,7330.0,9329.5,0.0
1731069421.25,7330.1,9329.6,0.0
1731069421.75,7330.2,9329.7,0.0
1731069422.25,7330.3,9329.8,0.0
1731069422.75,7330.4,9329.9,0.0
1731069423.25,7330.5,9330.0,0.0
1731069423.76,7330.6,9330.1,0.0
1731069424.26,7330.7,9330.2,0.0
1731069424.76,7330.8,9330.3,0.0
1731069425.26,7330.9,9330.4,0.0
1731069425.76,7331.0,9330.5,0.0
1731069426.26,7331.1,9330.6,0.0
1731069426.76,7331.2,9330.7,0.0
1731069427.26,7331.3,9330.8,0.0
1731069427.76,7331.4,9330.9,0.0
1731069428.26,7331.5,9331.0,0.0
1731069428.76,7331.6,9331.1,0.0
1731069429.26,7331.7,9331.2,0.0
1731069429.76,7331.8,9331.3,0.0
1731069430.26,7331.9,9331.4,0.0
1731069430.76,7332.0,9331.5,0.0
1731069431.26,7332.1,9331.6,0.0
1731069431.76,7332.2,9331.7,0.0
1731069432.26,7332.3,9331.8,0.0
1731069432.76,7332.4,9331.9,0.0
1731069433.26,7332.5,9332.0,0.0
1731069433.76,7332.6,9332.1,0.0
1731069434.26,7332.7,9332.2,0.0
1731069434.77,7332.8,9332.3,0.0
1731069435.27,7332.9,9332.4,0.0
1731069435.77,7333.0,9332.5,0.0
1731069436.27,7333.1,9332.6,0.0
1731069436.77,7333.2,9332.7,0.0
1731069437.27,7333.3,9332.8,0.0
1731069437.77,7333.4,9332.9,0.0
1731069438.27,7333.5,9333.0,0.0
1731069438.77,7333.6,9333.1,0.0
1731069439.27,7333.7,9333.2,0.0
1731069439.77,7333.8,9333.3,0.0
1731069440.27,7333.9,9333.4,0.0
1731069440.77,7334.0,9333.5,0.0
1731069441.27,7334.1,9333.6,0.0
1731069441.77,7334.2,9333.7,0.0
1731069442.27,7334.3,9333.8,0.0
1731069442.77,7334.4,9333.9,0.0
1731069443.27,7334.5,9334.0,0.0
1731069443.77,7334.6,9334.1,0.0
1731069444.27,7334.7,9334.2,0.0
1731069444.77,7334.8,9334.3,0.0
1731069445.28,7334.9,9334.4,0.0
1731069445.78,7335.0,9334.5,0.0
1731069446.28,7335.1,9334.6,0.0
1731069446.78,7335.2,9334.7,0.0
1731069447.28,7335.3,9334.8,0.0
1731069447.78,7335.4,9334.9,0.0
1731069448.28,7335.5,9335.0,0.0
1731069448.78,7335.6,9335.1,0.0
1731069449.28,7335.7,9335.2,0.0
1731069449.78,7335.8,9335.3,0.0
1731069450.28,7335.9,9335.4,0.0
1731069450.78,7336.0,9335.5,0.0
1731069451.28,7336.1,9335.6,0.0
1731069451.78,7336.2,9335.7,0.0
1731069452.28,7336.3,9335.8,0.0
1731069452.78,7336.4,9335.9,0.0
1731069453.28,7336.5,9336.0,0.0
1731069453.78,7336.6,9336.1,0.0
1731069454.28,7336.7,9336.2,0.0
1731069454.79,7336.8,9336.3,0.0
1731069455.29,7336.9,9336.4,0.0
1731069455.79,7337.0,9336.5,0.0
1731069456.29,7337.1,9336.6,0.0
1731069456.79,7337.2,9336.7,0.0
1731069457.29,7337.3,9336.8,0.0
1731069457.79,7337.4,9336.9,0.0
1731069458.29,7337.5,9337.0,0.0
1731069458.79,7337.6,9337.1,0.0
1731069459.29,7337.7,9337.2,0.0
1731069459.79,7337.8,9337.3,0.0
1731069460.29,7337.9,9337.4,0.0
1731069460.79,7338.0,9337.5,0.0
1731069461.29,7338.1,9337.6,0.0
1731069461.79,7338.2,9337.7,0.0
1731069462.29,7338.3,9337.8,0.0
1731069462.79,7338.4,9337.9,0.0
1731069463.29,7338.5,9338.0,0.0
1731069463.79,7338.6,9338.1,0.0
1731069464.29,7338.7,9338.2,0.0
1731069464.79,7338.8,9338.3,0.0
1731069465.29,7338.9,9338.4,0.0
1731069465.79,7339.0,9338.5,0.0
1731069466.3,7339.1,9338.6,0.0
1731069466.8,7339.2,9338.7,0.0
1731069467.3,7339.3,9338.8,0.0
1731069467.8,7339.4,9338.9,0.0
1731069468.3,7339.5,9339.0,0.0
1731069468.8,7339.6,9339.1,0.0
1731069469.3,7339.7,9339.2,0.0
1731069469.8,7339.8,9339.3,0.0
1731069470.3,7339.9,9339.4,0.0
1731069470.8,7340.0,9339.5,0.0
1731069471.3,7340.1,9339.6,0.0
1731069471.8,7340.2,9339.7,0.0
1731069472.3,7340.3,9339.8,0.0
1731069472.8,7340.4,9339.9,0.0
1731069473.3,7340.5,9340.0,0.0
1731069473.8,7340.6,9340.1,0.0
1731069474.3,7340.7,9340.2,0.0
1731069474.8,7340.8,9340.3,0.0
1731069475.3,7340.9,9340.4,0.0
1731069475.81,7341.0,9340.5,0.0
1731069476.31,7341.1,9340.6,0.0
1731069476.81,7341.2,9340.7,0.0
1731069477.31,7341.3,9340.8,0.0
1731069477.81,7341.4,9340.9,0.0
1731069478.31,7341.5,9341.0,0.0
1731069478.81,7341.6,9341.1,0.0
1731069479.31,7341.7,9341.2,0.0
1731069479.81,7341.8,9341.3,0.0
1731069480.31,7341.9,9341.4,0.0
1731069480.81,7342.0,9341.5,0.0
1731069481.31,7342.1,9341.6,0.0
1731069481.81,7342.2,9341.7,0.0
1731069482.31,7342.3,9341.8,0.0
1731069482.81,7342.4,9341.9,0.0
1731069483.31,7342.5,9342.0,0.0
1731069483.82,7342.6,9342.1,0.0
1731069484.32,7342.7,9342.2,0.0
1731069484.82,7342.8,9342.3,0.0
1731069485.32,7342.9,9342.4,0.0
1731069485.82,7343.0,9342.5,0.0
1731069486.32,7343.1,9342.6,0.0
1731069486.82,7343.2,9342.7,0.0
1731069487.32,7343.3,9342.8,0.0
1731069487.82,7343.4,9342.9,0.0
1731069488.32,7343.5,9343.0,0.0
1731069488.82,7343.6,9343.1,0.0
1731069489.32,7343.7,9343.2,0.0
1731069489.84,7343.8,9343.3,0.0
1731069490.32,7343.9,9343.4,0.0
1731069490.83,7344.0,9343.5,0.0
1731069491.33,7344.1,9343.6,0.0
1731069491.83,7344.2,9343.7,0.0
1731069492.33,7344.3,9343.8,0.0
1731069492.83,7344.4,9343.9,0.0
1731069493.33,7344.5,9344.0,0.0
1731069493.83,7344.6,9344.1,0.0
1731069494.33,7344.7,9344.2,0.0
1731069494.83,7344.8,9344.3,0.0
1731069495.33,7344.9,9344.4,0.0
1731069495.83,7345.0,9344.5,0.0
1731069496.33,7345.1,9344.6,0.0
1731069496.83,7345.2,9344.7,0.0
1731069497.33,7345.3,9344.8,0.0
1731069497.83,7345.4,9344.9,0.0
1731069498.33,7345.5,9345.0,0.0
1731069498.83,7345.6,9345.1,0.0
1731069499.33,7345.7,9345.2,0.0
1731069499.83,7345.8,9345.3,0.0
1731069500.33,7345.9,9345.4,0.0
1731069500.83,7346.0,9345.5,0.0
1731069501.34,7346.1,9345.6,0.0
1731069501.84,7346.2,9345.7,0.0
1731069502.34,7346.3,9345.8,0.0
1731069502.84,7346.4,9345.9,0.0
1731069503.34,7346.5,9346.0,0.0
1731069503.84,7346.6,9346.1,0.0
1731069504.34,7346.7,9346.2,0.0
1731069504.84,7346.8,9346.3,0.0
1731069505.34,7346.9,9346.4,0.0
1731069505.84,7347.0,9346.5,0.0
1731069506.34,7347.1,9346.6,0.0
1731069506.84,7347.2,9346.7,0.0
1731069507.34,7347.3,9346.8,0.0
1731069507.84,7347.4,9346.9,0.0
1731069508.34,7347.5,9347.0,0.0
1731069508.84,7347.6,9347.1,0.0
1731069509.34,7347.7,9347.2,0.0
1731069509.84,7347.8,9347.3,0.0
1731069510.34,7347.9,9347.4,0.0
1731069510.84,7348.0,9347.5,0.0
1731069511.35,7348.1,9347.6,0.0
1731069511.85,7348.2,9347.7,0.0
1731069512.35,7348.3,9347.8,0.0
1731069512.85,7348.4,9347.9,0.0
1731069513.35,7348.5,9348.0,0.0
1731069513.85,7348.6,9348.1,0.0
1731069514.35,7348.7,9348.2,0.0
1731069514.85,7348.8,9348.3,0.0
1731069515.35,7348.9,9348.4,0.0
1731069515.85,7349.0,9348.5,0.0
1731069516.35,7349.1,9348.6,0.0
1731069516.85,7349.2,9348.7,0.0
1731069517.35,7349.3,9348.8,0.0
1731069517.85,7349.4,9348.9,0.0
1731069518.38,7349.5,9349.0,0.0
1731069518.86,7349.6,9349.1,0.0
1731069519.35,7349.7,9349.2,0.0
1731069519.85,7349.8,9349.3,0.0
1731069520.36,7349.9,9349.4,0.0
1731069520.86,7350.0,9349.5,0.0
1731069521.36,7350.1,9349.6,0.0
1731069521.86,7350.2,9349.7,0.0
1731069522.36,7350.3,9349.8,0.0
1731069522.86,7350.4,9349.9,0.0
1731069523.36,7350.5,9350.0,0.0
1731069523.86,7350.6,9350.1,0.0
1731069524.36,7350.7,9350.2,0.0
1731069524.86,7350.8,9350.3,0.0
1731069525.36,7350.9,9350.4,0.0
1731069525.86,7351.0,9350.5,0.0
1731069526.36,7351.1,9350.6,0.0
1731069526.86,7351.2,9350.7,0.0
1731069527.36,7351.3,9350.8,0.0
1731069527.86,7351.4,9350.9,0.0
1731069528.36,7351.5,9351.0,0.0
1731069528.86,7351.6,9351.1,0.0
1731069529.36,7351.7,9351.2,0.0
1731069529.86,7351.8,9351.3,0.0
1731069530.36,7351.9,9351.4,0.0
1731069530.87,7352.0,9351.5,0.0
1731069531.37,7352.1,9351.6,0.0
1731069531.87,7352.2,9351.7,0.0
1731069532.37,7352.3,9351.8,0.0
1731069532.87,7352.4,9351.9,0.0
1731069533.37,7352.5,9352.0,0.0
1731069533.87,7352.6,9352.1,0.0
1731069534.37,7352.7,9352.2,0.0
1731069534.87,7352.8,9352.3,0.0
1731069535.37,7352.9,9352.4,0.0
1731069535.87,7353.0,9352.5,0.0
1731069536.38,7353.1,9352.6,0.0
1731069536.87,7353.2,9352.7,0.0
1731069537.37,7353.3,9352.8,0.0
1731069537.88,7353.4,9352.9,0.0
1731069538.38,7353.5,9353.0,0.0
1731069538.88,7353.6,9353.1,0.0
1731069539.38,7353.7,9353.2,0.0
1731069539.88,7353.8,9353.3,0.0
1731069540.38,7353.9,9353.4,0.0
1731069540.88,7354.0,9353.5,0.0
1731069541.38,7354.1,9353.6,0.0
1731069541.88,7354.2,9353.7,0.0
1731069542.38,7354.3,9353.8,0.0
1731069542.88,7354.4,9353.9,0.0
1731069543.38,7354.5,9354.0,0.0
1731069543.88,7354.6,9354.1,0.0
1731069544.38,7354.7,9354.2,0.0
1731069544.88,7354.8,9354.3,0.0
1731069545.38,7354.9,9354.4,0.0
1731069545.88,7355.0,9354.5,0.0
1731069546.38,7355.1,9354.6,0.0
1731069546.88,7355.2,9354.7,0.0
1731069547.39,7355.3,9354.8,0.0
1731069547.89,7355.4,9354.9,0.0
1731069548.39,7355.5,9355.0,0.0
1731069548.89,7355.6,9355.1,0.0
1731069549.39,7355.7,9355.2,0.0
1731069549.89,7355.8,9355.3,0.0
1731069550.39,7355.9,9355.4,0.0
1731069550.89,7356.0,9355.5,0.0
1731069551.39,7356.1,9355.6,0.0
1731069551.89,7356.2,9355.7,0.0
1731069552.39,7356.3,9355.8,0.0
1731069552.89,7356.4,9355.9,0.0
1731069553.39,7356.5,9356.0,0.0
1731069553.89,7356.6,9356.1,0.0
1731069554.39,7356.7,9356.2,0.0
1731069554.89,7356.8,9356.3,0.0
1731069555.39,7356.9,9356.4,0.0
1731069555.89,7357.0,9356.5,0.0
1731069556.39,7357.1,9356.6,0.0
1731069556.9,7357.2,9356.7,0.0
1731069557.4,7357.3,9356.8,0.0
1731069557.9,7357.4,9356.9,0.0
1731069558.4,7357.5,9357.0,0.0
1731069558.9,7357.6,9357.1,0.0
1731069559.4,7357.7,9357.2,0.0
1731069559.9,7357.8,9357.3,0.0
1731069560.4,7357.9,9357.4,0.0
1731069560.9,7358.0,9357.5,0.0
1731069561.4,7358.1,9357.6,0.0
1731069561.9,7358.2,9357.7,0.0
1731069562.4,7358.3,9357.8,0.0
1731069562.9,7358.4,9357.9,0.0
1731069563.4,7358.5,9358.0,0.0
1731069563.9,7358.6,9358.1,0.0
1731069564.4,7358.7,9358.2,0.0
1731069564.91,7358.8,9358.3,0.0
1731069565.41,7358.9,9358.4,0.0
1731069565.91,7359.0,9358.5,0.0
1731069566.41,7359.1,9358.6,0.0
1731069566.91,7359.2,9358.7,0.0
1731069567.41,7359.3,9358.8,0.0
1731069567.91,7359.4,9358.9,0.0
1731069568.41,7359.5,9359.0,0.0
1731069568.91,7359.6,9359.1,0.0
1731069569.41,7359.7,9359.2,0.0
1731069569.91,7359.8,9359.3,0.0
1731069570.41,7359.9,9359.4,0.0
1731069570.91,7360.0,9359.5,0.0
1731069571.41,7360.1,9359.6,0.0
1731069571.91,7360.2,9359.7,0.0
1731069572.41,7360.3,9359.8,0.0
1731069572.91,7360.4,9359.9,0.0
1731069573.41,7360.5,9360.0,0.0
1731069573.92,7360.6,9360.1,0.0
1731069574.42,7360.7,9360.2,0.0
1731069574.92,7360.8,9360.3,0.0
1731069575.42,7360.9,9360.4,0.0
1731069575.92,7361.0,9360.5,0.0
1731069576.42,7361.1,9360.6,0.0
1731069576.92,7361.2,9360.7,0.0
1731069577.42,7361.3,9360.8,0.0
1731069577.92,7361.4,9360.9,0.0
1731069578.42,7361.5,9361.0,0.0
1731069578.92,7361.6,9361.1,0.0
1731069579.42,7361.7,9361.2,0.0
1731069579.92,7361.8,9361.3,0.0
1731069580.42,7361.9,9361.4,0.0
1731069580.92,7362.0,9361.5,0.0
1731069581.42,7362.1,9361.6,0.0
1731069581.92,7362.2,9361.7,0.0
1731069582.42,7362.3,9361.8,0.0
1731069582.92,7362.4,9361.9,0.0
1731069583.43,7362.5,9362.0,0.0
1731069583.93,7362.6,9362.1,0.0
1731069584.43,7362.7,9362.2,0.0
1731069584.93,7362.8,9362.3,0.0
1731069585.43,7362.9,9362.4,0.0
1731069585.93,7363.0,9362.5,0.0
1731069586.43,7363.1,9362.6,0.0
1731069586.93,7363.2,9362.7,0.0
1731069587.43,7363.3,9362.8,0.0
1731069587.93,7363.4,9362.9,0.0
1731069588.43,7363.5,9363.0,0.0
1731069588.93,7363.6,9363.1,0.0
1731069589.43,7363.7,9363.2,0.0
1731069589.93,7363.8,9363.3,0.0
1731069590.43,7363.9,9363.4,0.0
1731069590.93,7364.0,9363.5,0.0
1731069591.43,7364.1,9363.6,0.0
1731069591.94,7364.2,9363.7,0.0
1731069592.44,7364.3,9363.8,0.0
1731069592.94,7364.4,9363.9,0.0
1731069593.44,7364.5,9364.0,0.0
1731069593.94,7364.6,9364.1,0.0
1731069594.44,7364.7,9364.2,0.0
1731069594.94,7364.8,9364.3,0.0
1731069595.44,7364.9,9364.4,0.0
1731069595.94,7365.0,9364.5,0.0
1731069596.44,7365.1,9364.6,0.0
1731069596.94,7365.2,9364.7,0.0
1731069597.44,7365.3,9364.8,0.0
1731069597.94,7365.4,9364.9,0.0
1731069598.44,7365.5,9365.0,0.0
1731069598.94,7365.6,9365.1,0.0
1731069599.44,7365.7,9365.2,0.0
1731069599.94,7365.8,9365.3,0.0
1731069600.44,7365.9,9365.4,0.0
1731069600.95,7366.0,9365.5,0.0
1731069601.45,7366.1,9365.6,0.0
1731069601.95,7366.2,9365.7,0.0
1731069602.45,7366.3,9365.8,0.0
1731069602.95,7366.4,9365.9,0.0
1731069603.45,7366.5,9366.0,0.0
1731069603.95,7366.6,9366.1,0.0
1731069604.45,7366.7,9366.2,0.0
1731069604.95,7366.8,9366.3,0.0
1731069605.45,7366.9,9366.4,0.0
1731069605.95,7367.0,9366.5,0.0
1731069606.45,7367.1,9366.6,0.0
1731069606.95,7367.2,9366.7,0.0
1731069607.45,7367.3,9366.8,0.0
1731069607.95,7367.4,9366.9,0.0
1731069608.45,7367.5,9367.0,0.0
1731069608.95,7367.6,9367.1,0.0
1731069609.45,7367.7,9367.2,0.0
1731069609.96,7367.8,9367.3,0.0
1731069610.46,7367.9,9367.4,0.0
1731069610.96,7368.0,9367.5,0.0
1731069611.46,7368.1,9367.6,0.0
1731069611.96,7368.2,9367.7,0.0
1731069612.46,7368.3,9367.8,0.0
1731069612.96,7368.4,9367.9,0.0
1731069613.46,7368.5,9368.0,0.0
1731069613.96,7368.6,9368.1,0.0
1731069614.46,7368.7,9368.2,0.0
1731069614.96,7368.8,9368.3,0.0
1731069615.46,7368.9,9368.4,0.0
1731069615.96,7369.0,9368.5,0.0
1731069616.46,7369.1,9368.6,0.0
1731069616.96,7369.2,9368.7,0.0
1731069617.46,7369.3,9368.8,0.0
1731069617.96,7369.4,9368.9,0.0
1731069618.46,7369.5,9369.0,0.0
1731069618.96,7369.6,9369.1,0.0
1731069619.46,7369.7,9369.2,0.0
1731069619.96,7369.8,9369.3,0.0
1731069620.46,7369.9,9369.4,0.0
1731069620.97,7370.0,9369.5,0.0
1731069621.47,7370.1,9369.6,0.0
1731069621.97,7370.2,9369.7,0.0
1731069622.47,7370.3,9369.8,0.0
1731069622.97,7370.4,9369.9,0.0
1731069623.47,7370.5,9370.0,0.0
1731069623.97,7370.6,9370.1,0.0
1731069624.47,7370.7,9370.2,0.0
1731069624.97,7370.8,9370.3,0.0
1731069625.47,7370.9,9370.4,0.0
1731069625.97,7371.0,9370.5,0.0
1731069626.47,7371.1,9370.6,0.0
1731069626.97,7371.2,9370.7,0.0
1731069627.47,7371.3,9370.8,0.0
1731069627.97,7371.4,9370.9,0.0
1731069628.47,7371.5,9371.0,0.0
1731069628.97,7371.6,9371.1,0.0
1731069629.48,7371.7,9371.2,0.0
1731069629.98,7371.8,9371.3,0.0
1731069630.48,7371.9,9371.4,0.0
1731069630.98,7372.0,9371.5,0.0
1731069631.48,7372.1,9371.6,0.0
1731069631.98,7372.2,9371.7,0.0
1731069632.48,7372.3,9371.8,0.0
1731069632.98,7372.4,9371.9,0.0
1731069633.48,7372.5,9372.0,0.0
1731069633.98,7372.6,9372.1,0.0
1731069634.48,7372.7,9372.2,0.0
1731069634.98,7372.8,9372.3,0.0
1731069635.48,7372.9,9372.4,0.0
1731069635.98,7373.0,9372.5,0.0
1731069636.49,7373.1,9372.6,0.0
1731069636.99,7373.2,9372.7,0.0
1731069637.49,7373.3,9372.8,0.0
1731069637.99,7373.4,9372.9,0.0
1731069638.49,7373.5,9373.0,0.0
1731069638.99,7373.6,9373.1,0.0
1731069639.49,7373.7,9373.2,0.0
1731069639.99,7373.8,9373.3,0.0
1731069640.49,7373.9,9373.4,0.0
1731069640.99,7374.0,9373.5,0.0
1731069641.49,7374.1,9373.6,0.0
1731069641.99,7374.2,9373.7,0.0
1731069642.49,7374.3,9373.8,0.0
1731069642.99,7374.4,9373.9,0.0
1731069643.49,7374.5,9374.0,0.0
1731069643.99,7374.6,9374.1,0.0
1731069644.49,7374.7,9374.2,0.0
1731069644.99,7374.8,9374.3,0.0
1731069645.49,7374.9,9374.4,0.0
1731069645.99,7375.0,9374.5,0.0
1731069646.49,7375.1,9374.6,0.0
1731069646.99,7375.2,9374.7,0.0
1731069647.49,7375.3,9374.8,0.0
1731069648.0,7375.4,9374.9,0.0
1731069648.5,7375.5,9375.0,0.0
1731069649.0,7375.6,9375.1,0.0
1731069649.5,7375.7,9375.2,0.0
1731069650.0,7375.8,9375.3,0.0
1731069650.5,7375.9,9375.4,0.0
1731069651.0,7376.0,9375.5,0.0
1731069651.5,7376.1,9375.6,0.0
1731069652.0,7376.2,9375.7,0.0
1731069652.5,7376.3,9375.8,0.0
1731069653.0,7376.4,9375.9,0.0
1731069653.5,7376.5,9376.0,0.0
1731069654.0,7376.6,9376.1,0.0
1731069654.5,7376.7,9376.2,0.0
1731069655.0,7376.8,9376.3,0.0
1731069655.5,7376.9,9376.4,0.0
1731069656.0,7377.0,9376.5,0.0
1731069656.51,7377.1,9376.6,0.0
1731069657.01,7377.2,9376.7,0.0
1731069657.51,7377.3,9376.8,0.0
1731069658.01,7377.4,9376.9,0.0
1731069658.51,7377.5,9377.0,0.0
1731069659.01,7377.6,9377.1,0.0
1731069659.51,7377.7,9377.2,0.0
1731069660.01,7377.8,9377.3,0.0
1731069660.51,7377.9,9377.4,0.0
1731069661.01,7378.0,9377.5,0.0
1731069661.51,7378.1,9377.6,0.0
1731069662.01,7378.2,9377.7,0.0
1731069662.51,7378.3,9377.8,0.0
1731069663.01,7378.4,9377.9,0.0
1731069663.51,7378.5,9378.0,0.0
1731069664.01,7378.6,9378.1,0.0
1731069664.51,7378.7,9378.2,0.0
1731069665.01,7378.8,9378.3,0.0
1731069665.51,7378.9,9378.4,0.0
1731069666.01,7379.0,9378.5,0.0
1731069666.52,7379.1,9378.6,0.0
1731069667.02,7379.2,9378.7,0.0
1731069667.52,7379.3,9378.8,0.0
1731069668.02,7379.4,9378.9,0.0
1731069668.52,7379.5,9379.0,0.0
1731069669.02,7379.6,9379.1,0.0
1731069669.52,7379.7,9379.2,0.0
1731069670.02,7379.8,9379.3,0.0
1731069670.52,7379.9,9379.4,0.0
1731069671.02,7380.0,9379.5,0.0
1731069671.52,7380.1,9379.6,0.0
1731069672.02,7380.2,9379.7,0.0
1731069672.52,7380.3,9379.8,0.0
1731069673.02,7380.4,9379.9,0.0
1731069673.52,7380.5,9380.0,0.0
1731069674.02,7380.6,9380.1,0.0
1731069674.52,7380.7,9380.2,0.0
1731069675.02,7380.8,9380.3,0.0
1731069675.52,7380.9,9380.4,0.0
1731069676.03,7381.0,9380.5,0.0
1731069676.53,7381.1,9380.6,0.0
1731069677.03,7381.2,9380.7,0.0
1731069677.53,7381.3,9380.8,0.0
1731069678.03,7381.4,9380.9,0.0
1731069678.53,7381.5,9381.0,0.0
1731069679.03,7381.6,9381.1,0.0
1731069679.53,7381.7,9381.2,0.0
1731069680.03,7381.8,9381.3,0.0
1731069680.53,7381.9,9381.4,0.0
1731069681.03,7382.0,9381.5,0.0
1731069681.53,7382.1,9381.6,0.0
1731069682.03,7382.2,9381.7,0.0
1731069682.53,7382.3,9381.8,0.0
1731069683.03,7382.4,9381.9,0.0
1731069683.53,7382.5,9382.0,0.0
1731069684.03,7382.6,9382.1,0.0
1731069684.53,7382.7,9382.2,0.0
1731069685.03,7382.8,9382.3,0.0
1731069685.53,7382.9,9382.4,0.0
1731069686.03,7383.0,9382.5,0.0
1731069686.53,7383.1,9382.6,0.0
1731069687.04,7383.2,9382.7,0.0
1731069687.54,7383.3,9382.8,0.0
1731069688.04,7383.4,9382.9,0.0
1731069688.54,7383.5,9383.0,0.0
1731069689.04,7383.6,9383.1,0.0
1731069689.54,7383.7,9383.2,0.0
1731069690.04,7383.8,9383.3,0.0
1731069690.54,7383.9,9383.4,0.0
1731069691.04,7384.0,9383.5,0.0
1731069691.54,7384.1,9383.6,0.0
1731069692.04,7384.2,9383.7,0.0
1731069692.54,7384.3,9383.8,0.0
1731069693.04,7384.4,9383.9,0.0
1731069693.54,7384.5,9384.0,0.0
1731069694.04,7384.6,9384.1,0.0
1731069694.54,7384.7,9384.2,0.0
1731069695.05,7384.8,9384.3,0.0
1731069695.55,7384.9,9384.4,0.0
1731069696.05,7385.0,9384.5,0.0
1731069696.55,7385.1,9384.6,0.0
1731069697.05,7385.2,9384.7,0.0
1731069697.55,7385.3,9384.8,0.0
1731069698.05,7385.4,9384.9,0.0
1731069698.55,7385.5,9385.0,0.0
1731069699.05,7385.6,9385.1,0.0
1731069699.55,7385.7,9385.2,0.0
1731069700.05,7385.8,9385.3,0.0
1731069700.55,7385.9,9385.4,0.0
1731069701.05,7386.0,9385.5,0.0
1731069701.55,7386.1,9385.6,0.0
1731069702.05,7386.2,9385.7,0.0
1731069702.55,7386.3,9385.8,0.0
1731069703.05,7386.4,9385.9,0.0
1731069703.56,7386.5,9386.0,0.0
1731069704.06,7386.6,9386.1,0.0
1731069704.56,7386.7,9386.2,0.0
1731069705.06,7386.8,9386.3,0.0
1731069705.56,7386.9,9386.4,0.0
1731069706.06,7387.0,9386.5,0.0
1731069706.56,7387.1,9386.6,0.0
1731069707.06,7387.2,9386.7,0.0
1731069707.56,7387.3,9386.8,0.0
1731069708.06,7387.4,9386.9,0.0
1731069708.56,7387.5,9387.0,0.0
1731069709.06,7387.6,9387.1,0.0
1731069709.56,7387.7,9387.2,0.0
1731069710.06,7387.8,9387.3,0.0
1731069710.56,7387.9,9387.4,0.0
1731069711.06,7388.0,9387.5,0.0
1731069711.56,7388.1,9387.6,0.0
1731069712.06,7388.2,9387.7,0.0
1731069712.57,7388.3,9387.8,0.0
1731069713.07,7388.4,9387.9,0.0
1731069713.57,7388.5,9388.0,0.0
1731069714.07,7388.6,9388.1,0.0
1731069714.57,7388.7,9388.2,0.0
1731069715.07,7388.8,9388.3,0.0
1731069715.57,7388.9,9388.4,0.0
1731069716.07,7389.0,9388.5,0.0
1731069716.57,7389.1,9388.6,0.0
1731069717.07,7389.2,9388.7,0.0
1731069717.57,7389.3,9388.8,0.0
1731069718.07,7389.4,9388.9,0.0
1731069718.57,7389.5,9389.0,0.0
1731069719.07,7389.6,9389.1,0.0
1731069719.57,7389.7,9389.2,0.0
1731069720.07,7389.8,9389.3,0.0
1731069720.57,7389.9,9389.4,0.0
1731069721.07,7390.0,9389.5,0.0
1731069721.57,7390.1,9389.6,0.0
1731069722.07,7390.2,9389.7,0.0
1731069722.57,7390.3,9389.8,0.0
1731069723.08,7390.4,9389.9,0.0
1731069723.58,7390.5,9390.0,0.0
1731069724.08,7390.6,9390.1,0.0
1731069724.58,7390.7,9390.2,0.0
1731069725.08,7390.8,9390.3,0.0
1731069725.58,7390.9,9390.4,0.0
1731069726.08,7391.0,9390.5,0.0
1731069726.58,7391.1,9390.6,0.0
1731069727.08,7391.2,9390.7,0.0
1731069727.58,7391.3,9390.8,0.0
1731069728.08,7391.4,9390.9,0.0
1731069728.58,7391.5,9391.0,0.0
1731069729.08,7391.6,9391.1,0.0
1731069729.58,7391.7,9391.2,0.0
1731069730.08,7391.8,9391.3,0.0
1731069730.58,7391.9,9391.4,0.0
1731069731.08,7392.0,9391.5,0.0
1731069731.58,7392.1,9391.6,0.0
1731069732.08,7392.2,9391.7,0.0
1731069732.58,7392.3,9391.8,0.0
1731069733.08,7392.4,9391.9,0.0
1731069733.58,7392.5,9392.0,0.0
1731069734.08,7392.6,9392.1,0.0
1731069734.59,7392.7,9392.2,0.0
1731069735.09,7392.8,9392.3,0.0
1731069735.59,7392.9,9392.4,0.0
1731069736.09,7393.0,9392.5,0.0
1731069736.59,7393.1,9392.6,0.0
1731069737.09,7393.2,9392.7,0.0
1731069737.59,7393.3,9392.8,0.0
1731069738.09,7393.4,9392.9,0.0
1731069738.59,7393.5,9393.0,0.0
1731069739.09,7393.6,9393.1,0.0
1731069739.59,7393.7,9393.2,0.0
1731069740.09,7393.8,9393.3,0.0
1731069740.59,7393.9,9393.4,0.0
1731069741.09,7394.0,9393.5,0.0
1731069741.59,7394.1,9393.6,0.0
1731069742.09,7394.2,9393.7,0.0
1731069742.59,7394.3,9393.8,0.0
1731069743.09,7394.4,9393.9,0.0
1731069743.59,7394.5,9394.0,0.0
1731069744.1,7394.6,9394.1,0.0
1731069744.6,7394.7,9394.2,0.0
1731069745.1,7394.8,9394.3,0.0
1731069745.6,7394.9,9394.4,0.0
1731069746.1,7395.0,9394.5,0.0
1731069746.6,7395.1,9394.6,0.0
1731069747.1,7395.2,9394.7,0.0
1731069747.6,7395.3,9394.8,0.0
1731069748.1,7395.4,9394.9,0.0
1731069748.6,7395.5,9395.0,0.0
1731069749.1,7395.6,9395.1,0.0
1731069749.6,7395.7,9395.2,0.0
1731069750.1,7395.8,9395.3,0.0
1731069750.6,7395.9,9395.4,0.0
1731069751.1,7396.0,9395.5,0.0
1731069751.6,7396.1,9395.6,0.0
1731069752.1,7396.2,9395.7,0.0
1731069752.6,7396.3,9395.8,0.0
1731069753.1,7396.4,9395.9,0.0
1731069753.6,7396.5,9396.0,0.0
1731069754.1,7396.6,9396.1,0.0
1731069754.61,7396.7,9396.2,0.0
1731069755.11,7396.8,9396.3,0.0
1731069755.61,7396.9,9396.4,0.0
1731069756.11,7397.0,9396.5,0.0
1731069756.61,7397.1,9396.6,0.0
1731069757.11,7397.2,9396.7,0.0
1731069757.61,7397.3,9396.8,0.0
1731069758.11,7397.4,9396.9,0.0
1731069758.61,7397.5,9397.0,0.0
1731069759.11,7397.6,9397.1,0.0
1731069759.61,7397.7,9397.2,0.0
1731069760.11,7397.8,9397.3,0.0
1731069760.61,7397.9,9397.4,0.0
1731069761.11,7398.0,9397.5,0.0
1731069761.61,7398.1,9397.6,0.0
1731069762.11,7398.2,9397.7,0.0
1731069762.61,7398.3,9397.8,0.0
1731069763.11,7398.4,9397.9,0.0
1731069763.61,7398.5,9398.0,0.0
1731069764.11,7398.6,9398.1,0.0
1731069764.61,7398.7,9398.2,0.0
1731069765.11,7398.8,9398.3,0.0
1731069765.62,7398.9,9398.4,0.0
1731069766.12,7399.0,9398.5,0.0
1731069766.62,7399.1,9398.6,0.0
1731069767.12,7399.2,9398.7,0.0
1731069767.62,7399.3,9398.8,0.0
1731069768.12,7399.4,9398.9,0.0
1731069768.62,7399.5,9399.0,0.0
1731069769.12,7399.6,9399.1,0.0
1731069769.62,7399.7,9399.2,0.0
1731069770.12,7399.8,9399.3,0.0
1731069770.62,7399.9,9399.4,0.0
1731069771.12,7400.0,9399.5,0.0
1731069771.62,7400.1,9399.6,0.0
1731069772.12,7400.2,9399.7,0.0
