Time,Delay
1731071777.588,0.802
1731071778.084,0.786
1731071778.586,1.2
1731071779.088,1.18
1731071779.587,0.791
1731071780.091,1.27
1731071780.592,1.52
1731071781.093,0.868
1731071781.595,1.21
1731071782.101,6.41
1731071782.597,0.913
1731071783.097,1.12
1731071783.598,1.04
1731071784.098,0.996
1731071784.6,1.02
1731071785.1,1.07
1731071785.6,0.87
1731071786.107,1.17
1731071786.611,4.84
1731071787.108,0.718
1731071787.611,1.26
1731071788.111,1.41
1731071788.613,0.861
1731071789.115,1.36
1731071789.616,1.35
1731071790.117,0.808
1731071790.619,1.29
1731071791.12,1.25
1731071791.626,6.68
1731071792.121,1.04
1731071792.623,1.49
1731071793.123,0.94
1731071793.624,0.78
1731071794.139,1.25
1731071794.639,1.01
1731071795.14,0.839
1731071795.643,1.15
1731071796.144,1.51
1731071796.645,1.93
1731071797.145,1.02
1731071797.645,0.841
1731071798.172,1.7
1731071798.672,1.76
1731071799.173,0.91
1731071799.674,1.43
1731071800.176,2.03
1731071800.675,0.949
1731071801.176,0.876
1731071801.691,1.34
1731071802.192,1.48
1731071802.692,0.761
1731071803.199,5.73
1731071803.695,1.05
1731071804.197,0.754
1731071804.699,1.27
1731071805.199,1.27
1731071805.699,0.765
1731071806.203,1.14
1731071806.703,1.51
1731071807.204,0.788
1731071807.706,1.19
1731071808.208,1.32
1731071808.707,0.757
1731071809.211,1.32
1731071809.712,1.42
1731071810.212,0.81
1731071810.715,1.14
1731071811.215,1.35
1731071811.716,0.821
1731071812.218,1.27
1731071812.723,4.49
1731071813.22,0.875
1731071813.72,0.811
1731071814.235,1.26
1731071814.736,1.1
1731071815.235,0.814
1731071815.739,1.19
1731071816.24,1.14
1731071816.74,0.848
1731071817.243,1.32
1731071817.744,1.24
1731071818.249,6.02
1731071818.746,0.932
1731071819.246,1.13
1731071819.746,0.905
1731071820.246,1.11
1731071820.747,0.982
1731071821.247,1.08
1731071821.748,0.771
1731071822.267,1.2
1731071822.767,1.3
1731071823.27,3.32
1731071823.769,1.04
1731071824.269,0.889
1731071824.794,1.14
1731071825.296,1.09
1731071825.796,0.856
1731071826.299,1.18
1731071826.799,1.06
1731071827.299,0.853
1731071827.803,1.24
1731071828.303,1.51
1731071828.804,0.953
1731071829.31,6.19
1731071829.805,1.06
1731071830.306,0.93
1731071830.807,1.04
1731071831.307,0.866
1731071831.835,1.17
1731071832.335,1.47
1731071832.836,0.86
1731071833.337,0.959
1731071833.838,0.858
1731071834.363,1.23
1731071834.863,1.06
1731071835.364,0.786
1731071835.867,1.15
1731071836.368,1.34
1731071836.868,0.902
1731071837.369,1.03
1731071837.869,0.824
1731071838.395,1.23
1731071838.895,1.2
1731071839.396,0.846
1731071839.899,1.18
1731071840.4,1.13
1731071840.9,0.816
1731071841.403,1.53
1731071841.907,4.31
1731071842.405,0.797
1731071842.907,1.1
1731071843.408,1.0
1731071843.908,0.829
1731071844.412,1.49
1731071844.912,1.54
1731071845.413,0.829
1731071845.915,1.22
1731071846.415,1.65
1731071846.922,6.25
1731071847.417,1.04
1731071847.917,0.803
1731071848.443,1.09
1731071848.943,1.53
1731071849.444,0.789
1731071849.948,1.1
1731071850.448,0.82
1731071850.971,1.19
1731071851.471,1.42
1731071851.972,0.98
1731071852.474,0.91
1731071852.973,0.843
1731071853.499,1.43
1731071854.0,1.44
1731071854.502,2.21
1731071855.001,0.886
1731071855.515,1.22
1731071856.015,1.25
1731071856.515,0.919
1731071857.016,0.825
1731071857.53,1.3
1731071858.032,1.5
1731071858.533,0.986
1731071859.033,1.07
1731071859.533,0.83
1731071860.059,1.24
1731071860.56,1.09
1731071861.06,0.777
1731071861.567,4.88
1731071862.064,1.28
1731071862.565,0.764
1731071863.067,1.21
1731071863.568,1.04
1731071864.067,0.814
1731071864.571,1.31
1731071865.072,1.3
1731071865.572,0.805
1731071866.075,1.13
1731071866.581,6.56
1731071867.076,0.889
1731071867.579,1.19
1731071868.08,1.06
1731071868.58,0.855
1731071869.083,1.22
1731071869.584,1.51
1731071870.084,0.714
1731071870.587,1.27
1731071871.091,4.77
1731071871.588,0.817
1731071872.091,1.28
1731071872.592,1.3
1731071873.093,0.832
1731071873.595,1.19
1731071874.095,1.33
1731071874.595,0.805
1731071875.102,1.11
1731071875.599,1.14
1731071876.108,8.27
1731071876.601,1.13
1731071877.102,0.786
1731071877.627,1.24
1731071878.128,1.35
1731071878.627,0.735
1731071879.13,1.25
1731071879.632,1.43
1731071880.132,0.67
1731071880.635,1.25
1731071881.135,1.03
1731071881.637,2.9
1731071882.136,0.774
1731071882.651,1.26
1731071883.152,1.48
1731071883.653,0.751
1731071884.155,1.21
1731071884.655,0.924
1731071885.156,0.832
1731071885.659,1.23
1731071886.16,1.38
1731071886.66,1.01
1731071887.166,5.73
1731071887.663,1.08
1731071888.163,0.875
1731071888.664,1.06
1731071889.164,0.762
1731071889.691,1.3
1731071890.191,1.56
1731071890.692,0.939
1731071891.194,1.47
1731071891.695,1.4
1731071892.196,1.01
1731071892.696,1.36
1731071893.198,0.857
1731071893.698,0.897
1731071894.199,1.32
1731071894.699,0.87
1731071895.227,1.23
1731071895.727,1.46
1731071896.228,0.738
1731071896.73,1.31
1731071897.232,1.42
1731071897.732,0.902
1731071898.233,0.826
1731071898.747,1.17
1731071899.251,4.52
1731071899.748,0.732
1731071900.252,1.28
1731071900.752,1.68
1731071901.253,0.866
1731071901.755,1.42
1731071902.256,1.08
1731071902.756,0.859
1731071903.259,0.929
1731071903.759,1.3
1731071904.266,6.42
1731071904.762,1.07
1731071905.263,0.877
1731071905.787,1.2
1731071906.287,1.18
1731071906.788,0.798
1731071907.292,1.3
1731071907.792,1.45
1731071908.292,0.698
1731071908.795,1.2
1731071909.296,1.2
1731071909.797,2.28
1731071910.297,0.938
1731071910.798,0.989
1731071911.298,0.877
1731071911.799,1.13
1731071912.299,1.01
1731071912.8,0.987
1731071913.3,0.844
1731071913.819,1.17
1731071914.319,1.3
1731071914.819,1.08
1731071915.326,6.41
1731071915.821,0.887
1731071916.322,1.02
1731071916.822,0.895
1731071917.339,1.26
1731071917.84,1.22
1731071918.34,0.799
1731071918.843,1.38
1731071919.344,1.28
1731071919.844,0.853
1731071920.346,1.21
1731071920.847,0.913
1731071921.371,1.3
1731071921.877,6.66
1731071922.373,0.86
1731071922.876,1.46
1731071923.376,1.47
1731071923.876,0.786
1731071924.379,1.5
1731071924.88,1.0
1731071925.38,0.853
1731071925.883,1.15
1731071926.388,5.43
1731071926.884,0.762
1731071927.388,2.22
1731071927.888,1.41
1731071928.388,0.838
1731071928.891,1.27
1731071929.391,1.4
1731071929.892,0.843
1731071930.395,1.18
1731071930.896,1.35
1731071931.401,6.38
1731071931.897,0.839
1731071932.411,1.2
1731071932.911,1.27
1731071933.414,0.852
1731071933.913,1.09
1731071934.416,1.17
1731071934.914,0.836
1731071935.419,1.23
1731071935.919,1.3
1731071936.421,2.4
1731071936.921,1.03
1731071937.422,0.755
1731071937.947,1.11
1731071938.448,1.34
1731071938.949,0.826
1731071939.451,1.23
1731071939.953,1.42
1731071940.453,0.803
1731071940.955,1.16
1731071941.456,1.34
1731071941.956,0.86
1731071942.463,5.35
1731071942.96,1.1
1731071943.461,0.871
1731071943.963,1.21
1731071944.464,1.19
1731071944.964,0.864
1731071945.465,1.01
1731071945.965,1.0
1731071946.467,1.02
1731071946.967,1.38
1731071947.468,0.923
1731071947.969,0.847
1731071948.475,1.63
1731071948.977,1.69
1731071949.477,0.843
1731071949.98,1.78
1731071950.481,1.38
1731071950.981,1.09
1731071951.482,1.0
1731071951.987,6.27
1731071952.482,0.837
1731071952.988,1.93
1731071953.488,2.2
1731071953.988,1.06
1731071954.488,0.831
1731071955.003,1.22
1731071955.502,1.21
1731071956.003,0.89
1731071956.507,1.22
1731071957.007,1.36
1731071957.514,6.54
1731071958.01,1.21
1731071958.51,0.895
1731071959.035,1.19
1731071959.536,1.26
1731071960.036,0.751
1731071960.539,1.18
1731071961.04,1.04
1731071961.539,0.659
1731071962.044,2.06
1731071962.545,2.36
1731071963.047,3.99
1731071963.546,0.904
1731071964.059,1.23
1731071964.562,4.72
1731071965.06,0.779
1731071965.563,1.24
1731071966.064,1.49
1731071966.564,0.808
1731071967.067,1.16
1731071967.567,1.03
1731071968.068,0.793
1731071968.575,6.2
1731071969.069,1.03
1731071969.57,0.861
1731071970.075,1.18
1731071970.576,1.21
1731071971.076,0.853
1731071971.578,1.1
1731071972.079,1.34
1731071972.58,0.826
1731071973.083,1.31
1731071973.59,7.04
1731071974.084,0.814
1731071974.585,1.09
1731071975.086,1.0
1731071975.587,0.875
1731071976.091,1.55
1731071976.593,1.86
1731071977.093,0.858
1731071977.597,3.49
1731071978.101,7.31
1731071978.597,0.824
1731071979.098,1.34
1731071979.599,1.46
1731071980.1,0.734
1731071980.603,1.25
1731071981.104,1.48
1731071981.604,0.811
1731071982.107,1.13
1731071982.608,1.18
1731071983.114,7.04
1731071983.608,0.771
1731071984.123,1.33
1731071984.624,1.29
1731071985.124,0.838
1731071985.627,1.35
1731071986.128,1.35
1731071986.628,0.816
1731071987.131,1.25
1731071987.632,1.39
1731071988.135,2.45
1731071988.634,1.15
1731071989.14,1.03
1731071989.64,0.886
1731071990.171,1.3
1731071990.672,1.45
1731071991.172,0.848
1731071991.675,1.3
1731071992.176,0.901
1731071992.699,1.23
1731071993.199,0.997
1731071993.7,0.861
1731071994.203,1.2
1731071994.704,1.26
1731071995.205,0.775
1731071995.711,5.11
1731071996.208,1.24
1731071996.707,0.889
1731071997.211,1.43
1731071997.714,2.92
1731071998.212,0.783
1731071998.714,1.31
1731071999.215,1.31
1731071999.716,0.797
1731072000.219,1.21
1731072000.725,6.66
1731072001.221,0.804
1731072001.723,1.26
1731072002.224,1.5
1731072002.724,0.943
1731072003.225,0.983
1731072003.726,0.876
1731072004.251,1.22
1731072004.752,1.18
1731072005.253,0.816
1731072005.755,1.24
1731072006.262,6.76
1731072006.756,0.777
1731072007.259,1.22
1731072007.759,1.17
1731072008.26,0.903
1731072008.76,0.838
1731072009.275,1.7
1731072009.775,0.909
1731072010.276,0.778
1731072010.779,1.31
1731072011.279,1.4
1731072011.786,6.21
1731072012.283,2.95
1731072012.781,1.19
1731072013.282,0.966
1731072013.783,1.08
1731072014.283,0.881
1731072014.811,1.38
1731072015.312,1.45
1731072015.812,0.848
1731072016.315,1.34
1731072016.815,1.05
1731072017.318,2.64
1731072017.817,1.08
1731072018.318,1.03
1731072018.818,0.836
1731072019.323,1.24
1731072019.823,1.32
1731072020.323,1.01
1731072020.824,0.83
1731072021.338,1.14
1731072021.84,1.37
1731072022.341,0.866
1731072022.846,4.97
1731072023.344,1.48
1731072023.844,0.824
1731072024.347,1.3
1731072024.848,1.34
1731072025.348,0.832
1731072025.851,1.4
1731072026.352,1.43
1731072026.852,0.797
1731072027.355,1.1
1731072027.855,1.37
1731072028.355,0.787
1731072028.859,1.14
1731072029.36,1.25
1731072029.86,0.73
1731072030.363,1.23
1731072030.864,1.32
1731072031.364,0.717
1731072031.867,1.2
1731072032.372,5.06
1731072032.868,0.785
1731072033.371,1.34
1731072033.872,1.53
1731072034.373,0.88
1731072034.873,0.948
1731072035.386,1.05
1731072035.888,1.2
1731072036.388,0.747
1731072036.891,1.43
1731072037.393,1.0
1731072037.897,5.45
1731072038.394,0.946
1731072038.894,1.49
1731072039.396,0.778
1731072039.899,1.21
1731072040.399,1.09
1731072040.9,0.888
1731072041.4,0.869
1731072041.915,1.22
1731072042.416,1.39
1731072042.918,2.21
1731072043.418,1.02
1731072043.919,1.2
1731072044.418,0.969
1731072044.919,1.01
1731072045.421,1.61
1731072045.921,1.17
1731072046.423,0.956
1731072046.923,1.57
1731072047.425,2.17
1731072047.924,0.804
1731072048.446,4.83
1731072048.944,1.1
1731072049.444,0.812
1731072049.947,1.26
1731072050.447,1.36
1731072050.948,0.801
1731072051.45,1.18
1731072051.952,1.53
1731072052.452,0.683
1731072052.955,1.3
1731072053.458,4.24
1731072053.956,0.76
1731072054.459,1.58
1731072054.959,1.26
1731072055.46,0.843
1731072055.964,1.85
1731072056.465,1.58
1731072056.965,0.748
1731072057.467,1.62
1731072057.971,4.87
1731072058.469,0.837
1731072058.971,1.44
1731072059.474,2.72
1731072059.972,0.833
1731072060.475,1.23
1731072060.975,1.28
1731072061.476,0.713
1731072061.978,1.21
1731072062.479,1.25
1731072062.985,6.97
1731072063.479,0.721
1731072063.995,1.62
1731072064.496,1.67
1731072064.997,0.681
1731072065.499,1.41
1731072066.0,1.76
1731072066.501,0.816
1731072067.006,1.38
1731072067.503,1.82
1731072068.005,3.84
1731072068.504,1.7
1731072069.004,0.9
1731072069.531,1.21
1731072070.032,1.62
1731072070.533,0.81
1731072071.035,1.12
1731072071.535,1.28
1731072072.036,0.801
1731072072.539,1.09
1731072073.039,0.96
1731072073.54,0.882
1731072074.046,5.88
1731072074.541,0.981
1731072075.041,0.814
1731072075.547,1.14
1731072076.048,1.14
1731072076.548,0.87
1731072077.049,0.981
1731072077.55,0.955
1731072078.05,1.13
1731072078.552,2.29
1731072079.051,0.886
1731072079.579,1.34
1731072080.085,6.29
1731072080.581,0.862
1731072081.082,1.01
1731072081.584,1.36
1731072082.084,0.891
1731072082.585,0.918
1731072083.086,0.937
1731072083.586,0.883
1731072084.086,1.15
1731072084.594,7.65
1731072085.088,0.913
1731072085.595,1.43
1731072086.097,1.7
1731072086.597,0.794
1731072087.099,1.24
1731072087.599,0.938
1731072088.099,0.778
1731072088.602,1.16
1731072089.103,1.26
1731072089.609,5.95
1731072090.106,0.875
1731072090.62,2.23
1731072091.121,2.67
1731072091.62,0.815
1731072092.123,1.25
1731072092.624,1.45
1731072093.124,0.885
1731072093.627,1.23
1731072094.128,1.19
1731072094.629,2.3
1731072095.131,1.02
1731072095.631,1.44
1731072096.131,0.871
1731072096.635,1.61
1731072097.137,1.34
1731072097.639,1.7
1731072098.14,0.806
1731072098.654,4.07
1731072099.153,2.24
1731072099.652,0.898
1731072100.16,5.96
1731072100.656,1.38
1731072101.157,0.813
1731072101.657,0.872
1731072102.171,1.37
1731072102.672,1.36
1731072103.172,0.802
1731072103.674,1.23
1731072104.176,1.47
1731072104.675,0.808
1731072105.179,1.12
1731072105.686,6.8
1731072106.18,0.785
1731072106.683,1.17
1731072107.184,1.37
1731072107.685,0.903
1731072108.185,1.0
1731072108.685,0.822
1731072109.212,2.61
1731072109.713,1.86
1731072110.213,0.767
1731072110.714,1.19
1731072111.22,4.88
1731072111.717,0.785
1731072112.219,1.14
1731072112.72,1.17
1731072113.221,0.81
1731072113.723,1.27
1731072114.224,1.32
1731072114.724,0.742
1731072115.226,1.23
1731072115.728,1.43
1731072116.234,6.25
1731072116.729,1.29
1731072117.231,1.02
1731072117.731,0.891
1731072118.232,1.16
1731072118.732,0.897
1731072119.232,1.01
1731072119.733,0.684
1731072120.251,1.31
1731072120.752,1.31
1731072121.254,2.62
1731072121.754,1.06
1731072122.254,1.09
1731072122.754,0.89
1731072123.259,1.17
1731072123.76,1.1
1731072124.26,0.955
1731072124.76,0.795
1731072125.275,1.2
1731072125.776,1.28
1731072126.277,0.755
1731072126.783,5.01
1731072127.279,1.09
1731072127.78,0.762
1731072128.282,0.904
1731072128.795,1.2
1731072129.296,1.34
1731072129.796,0.796
1731072130.299,1.17
1731072130.8,1.41
1731072131.3,0.879
1731072131.8,0.994
1731072132.301,0.87
1731072132.827,1.33
1731072133.333,6.63
1731072133.829,0.816
1731072134.331,1.19
1731072134.833,1.42
1731072135.332,0.835
1731072135.835,1.24
1731072136.338,0.804
1731072136.859,1.31
1731072137.36,0.834
1731072137.883,1.17
1731072138.384,1.39
1731072138.885,0.808
1731072139.386,1.17
1731072139.891,4.55
1731072140.389,0.812
1731072140.891,1.35
1731072141.391,1.49
1731072141.892,0.848
1731072142.396,1.16
1731072142.894,1.02
1731072143.395,0.879
1731072143.9,1.5
1731072144.4,1.63
1731072144.906,6.21
1731072145.402,0.83
1731072145.904,1.93
1731072146.403,0.984
1731072146.904,1.42
1731072147.404,0.878
1731072147.933,1.6
1731072148.432,1.56
1731072148.933,0.804
1731072149.436,1.43
1731072149.936,1.53
1731072150.438,2.58
1731072150.938,1.18
1731072151.44,1.32
1731072151.94,1.17
1731072152.44,0.917
1731072152.942,0.888
1731072153.467,1.21
1731072153.968,1.2
1731072154.468,0.785
1731072154.97,0.836
1731072155.482,1.2
1731072155.983,1.4
1731072156.485,0.788
1731072156.99,5.07
1731072157.488,2.15
1731072157.988,0.849
1731072158.491,1.13
1731072158.992,1.42
1731072159.492,0.834
1731072159.995,1.25
1731072160.496,1.54
1731072160.996,0.801
1731072161.5,1.96
1731072162.0,1.18
1731072162.5,0.747
1731072163.003,1.06
1731072163.502,1.3
1731072164.003,0.918
1731072164.504,0.838
1731072165.018,1.07
1731072165.519,1.03
1731072166.021,0.817
1731072166.523,1.23
1731072167.029,4.57
1731072167.524,0.754
1731072168.027,1.28
1731072168.528,1.02
1731072169.028,0.804
1731072169.53,1.35
1731072170.032,1.31
1731072170.532,0.794
1731072171.035,1.24
1731072171.536,1.38
1731072172.041,6.14
1731072172.537,0.941
1731072173.051,1.27
1731072173.552,1.52
1731072174.052,0.912
1731072175.067,1.22
1731072175.568,1.49
1731072176.068,0.68
1731072176.571,1.27
1731072177.071,1.34
1731072177.574,2.63
1731072178.073,1.03
1731072178.574,1.1
1731072179.075,1.05
1731072179.575,1.06
1731072180.076,0.847
1731072180.603,1.63
1731072181.105,1.55
1731072181.605,0.895
1731072182.107,1.14
1731072182.608,1.28
1731072183.108,0.84
1731072183.615,5.56
1731072184.112,1.3
1731072184.611,0.792
1731072185.115,1.2
1731072185.615,1.09
1731072186.116,0.869
1731072186.619,1.61
1731072187.119,0.966
1731072187.62,0.814
1731072188.123,1.14
1731072188.63,6.73
1731072189.125,0.95
1731072189.625,1.07
1731072190.125,0.781
1731072190.652,1.26
1731072191.152,1.36
1731072191.653,0.785
1731072192.155,1.13
1731072192.656,1.27
1731072193.156,1.03
1731072193.657,1.27
1731072194.163,6.2
1731072194.659,0.823
1731072195.163,1.17
1731072195.664,1.63
1731072196.164,0.944
1731072196.665,1.09
1731072197.166,0.874
1731072197.666,0.969
1731072198.167,1.01
1731072198.668,1.34
1731072199.169,0.961
1731072199.669,0.745
1731072200.187,1.15
1731072200.688,1.12
1731072201.188,0.869
1731072201.691,1.16
1731072202.192,1.56
1731072202.692,0.77
1731072203.195,1.18
1731072203.696,1.33
1731072204.199,4.39
1731072204.696,0.961
1731072205.197,0.961
1731072205.698,1.1
1731072206.199,0.813
1731072206.714,1.23
1731072207.216,1.14
1731072207.716,0.725
1731072208.219,1.27
1731072208.72,1.39
1731072209.22,0.838
1731072209.726,4.96
1731072210.223,1.5
1731072210.724,0.876
1731072211.224,0.724
1731072211.739,1.21
1731072212.24,1.2
1731072212.74,0.853
1731072213.243,1.14
1731072213.743,1.34
1731072214.243,0.703
1731072214.746,1.23
1731072215.253,6.44
1731072215.749,0.768
1731072216.25,1.24
1731072216.752,1.56
1731072217.252,0.791
1731072217.755,1.27
1731072218.255,1.14
1731072218.756,0.762
1731072219.259,1.28
1731072219.763,4.32
1731072220.261,0.815
1731072220.762,1.24
1731072221.264,1.5
1731072221.764,0.695
1731072222.267,1.23
1731072222.768,1.09
1731072223.268,0.807
1731072223.77,1.24
1731072224.271,1.16
1731072224.777,6.8
1731072225.274,1.01
1731072225.774,1.05
1731072226.274,1.04
1731072226.776,1.21
1731072227.276,1.13
1731072227.777,0.824
1731072228.284,1.42
1731072228.784,1.39
1731072229.286,2.43
1731072229.786,1.44
1731072230.287,1.66
1731072230.788,1.09
1731072231.287,0.798
1731072231.803,1.53
1731072232.304,2.13
1731072232.804,0.889
1731072233.305,1.55
1731072233.805,1.25
1731072234.313,5.74
1731072234.815,8.32
1731072235.309,1.57
1731072235.81,1.9
1731072236.31,1.29
1731072236.812,2.79
1731072237.314,2.37
1731072237.813,1.28
1731072238.316,2.12
1731072238.816,2.26
1731072239.321,5.41
1731072239.816,0.789
1731072240.346,1.04
1731072240.847,1.15
1731072241.348,0.885
1731072241.848,0.976
1731072242.349,0.889
1731072242.85,1.31
1731072243.351,0.974
1731072243.851,0.879
1731072244.352,1.52
1731072244.853,0.838
1731072245.371,1.29
1731072245.876,5.18
1731072246.372,0.777
1731072246.875,1.49
1731072247.375,1.13
1731072247.876,0.817
1731072248.378,1.17
1731072248.879,1.28
1731072249.38,0.857
1731072249.882,1.21
1731072250.384,1.52
1731072250.889,6.25
1731072251.385,1.21
1731072251.886,0.919
1731072252.386,0.82
1731072252.891,1.38
1731072253.392,1.46
1731072253.892,0.805
1731072254.395,1.2
1731072254.895,1.11
1731072255.398,2.27
1731072255.897,1.06
1731072256.398,0.876
1731072256.922,1.26
1731072257.424,1.58
1731072257.924,0.869
1731072258.427,1.22
1731072258.928,1.1
1731072259.428,0.841
1731072259.931,1.34
1731072260.432,1.49
1731072260.933,0.907
1731072261.439,6.33
1731072261.935,1.48
1731072262.435,0.902
1731072262.936,0.817
1731072263.451,1.28
1731072263.952,1.27
1731072264.452,0.808
1731072264.955,1.43
1731072265.456,1.05
1731072265.956,0.85
1731072266.459,2.13
1731072266.967,8.86
1731072267.46,0.874
1731072267.961,0.891
1731072268.475,1.25
1731072268.976,1.31
1731072269.476,0.79
1731072269.979,1.14
1731072270.48,1.17
1731072270.98,0.824
1731072271.483,1.22
1731072271.987,4.63
1731072272.484,0.813
1731072272.987,1.21
1731072273.487,1.31
1731072273.987,0.861
1731072274.49,0.859
1731072275.002,1.25
1731072275.502,1.31
1731072276.003,0.968
1731072276.502,1.2
1731072277.004,1.5
1731072277.505,0.979
1731072278.006,0.867
1731072278.524,2.94
1731072279.024,1.54
1731072279.524,0.792
1731072280.026,1.39
1731072280.528,0.981
1731072281.028,0.888
1731072281.531,1.22
1731072282.032,1.42
1731072282.533,2.07
1731072283.034,1.27
1731072283.534,1.28
1731072284.035,0.866
1731072284.539,1.24
1731072285.039,1.11
1731072285.54,0.771
1731072286.043,1.19
1731072286.544,1.24
1731072287.045,0.85
1731072287.551,5.1
1731072288.048,1.18
1731072288.547,0.803
1731072289.05,1.3
1731072289.553,1.54
1731072290.053,0.842
1731072290.555,1.27
1731072291.055,0.983
1731072291.557,1.61
1731072292.058,1.08
1731072292.558,1.03
1731072293.058,0.822
1731072293.563,1.2
1731072294.065,1.7
1731072294.565,0.801
1731072295.065,0.995
1731072295.565,0.906
1731072296.065,0.857
1731072296.571,1.3
1731072297.075,4.45
1731072297.572,0.771
1731072298.075,1.14
1731072298.576,1.25
1731072299.076,0.836
1731072299.578,0.886
1731072300.091,1.18
1731072300.592,1.44
1731072301.092,0.825
1731072301.595,1.23
1731072302.095,1.27
1731072302.602,6.29
1731072303.097,1.07
1731072303.598,1.01
1731072304.098,0.819
1731072304.603,1.2
1731072305.104,1.47
1731072305.604,0.808
1731072306.107,1.31
1731072306.608,0.965
1731072307.109,2.46
1731072307.61,1.27
1731072308.111,1.4
1731072308.611,0.85
1731072309.115,1.24
1731072309.616,1.15
1731072310.116,0.8
1731072310.619,1.04
1731072311.12,1.23
1731072311.62,0.773
1731072312.127,4.56
1731072312.624,0.912
1731072313.124,0.826
1731072313.627,1.31
1731072314.127,1.11
1731072314.627,0.84
1731072315.132,1.49
1731072315.632,1.13
1731072316.133,1.02
1731072316.633,1.08
1731072317.135,1.06
1731072317.634,1.11
1731072318.136,1.04
1731072318.636,0.885
1731072319.162,0.96
1731072319.663,1.26
1731072320.163,0.826
1731072320.667,1.24
1731072321.168,1.17
1731072321.668,0.811
1731072322.171,1.16
1731072322.676,4.77
1731072323.173,0.916
1731072323.674,0.86
1731072324.187,1.14
1731072324.688,1.18
1731072325.189,0.793
1731072325.691,1.32
1731072326.193,1.4
1731072326.692,0.736
1731072327.196,1.62
1731072327.696,1.15
1731072328.202,6.64
1731072328.698,1.23
1731072329.203,1.7
1731072329.7,0.83
1731072330.202,1.12
1731072330.704,1.59
1731072331.204,0.856
1731072331.706,1.32
1731072332.208,1.38
1731072332.71,2.36
1731072333.209,1.34
1731072333.71,1.14
1731072334.21,0.698
1731072334.715,1.13
1731072335.215,1.21
1731072335.715,0.717
1731072336.219,1.28
1731072336.727,9.36
1731072337.22,0.871
1731072337.727,4.95
1731072338.223,1.56
1731072338.725,0.85
1731072339.226,1.2
1731072339.727,1.04
1731072340.227,0.827
1731072340.731,1.38
1731072341.232,0.969
1731072341.733,0.833
1731072342.235,1.15
1731072342.741,6.62
1731072343.237,0.936
1731072343.737,1.27
1731072344.237,0.738
1731072344.763,1.22
1731072345.264,1.7
1731072345.764,0.759
1731072346.267,1.27
1731072346.767,1.18
1731072347.268,0.855
1731072347.771,1.26
1731072348.275,4.99
1731072348.771,0.769
1731072349.275,1.08
1731072349.776,1.38
1731072350.276,0.802
1731072350.778,1.14
1731072351.28,1.0
1731072351.78,0.833
1731072352.284,1.19
1731072352.784,1.36
1731072353.289,5.9
1731072353.785,1.2
1731072354.286,0.915
1731072354.786,0.864
1731072355.292,1.11
1731072355.792,1.54
1731072356.293,0.925
1731072356.793,0.836
1731072357.307,1.62
1731072357.809,1.87
1731072358.311,1.97
1731072358.811,1.8
1731072359.312,1.56
1731072359.811,0.748
1731072360.315,1.25
1731072360.815,1.3
1731072361.315,0.799
1731072361.819,1.06
1731072362.319,0.992
1731072362.819,0.835
1731072363.326,4.89
1731072363.824,0.741
1731072364.351,5.68
1731072364.848,1.15
1731072365.348,0.746
1731072365.851,1.09
1731072366.352,1.26
1731072366.853,0.71
1731072367.354,1.24
1731072367.855,1.45
1731072368.357,0.954
1731072368.858,1.6
1731072369.358,0.913
1731072369.886,1.47
1731072370.39,6.45
1731072370.884,0.824
1731072371.387,1.51
1731072371.889,1.73
1731072372.388,0.626
1731072372.891,1.59
1731072373.392,1.69
1731072373.892,0.889
1731072374.394,1.23
1731072374.899,6.41
1731072375.395,1.12
1731072375.895,0.954
1731072376.396,0.959
1731072376.897,0.965
1731072377.4,0.895
1731072377.899,1.23
1731072378.399,1.44
1731072378.9,0.837
1731072379.419,1.2
1731072379.92,1.12
1731072380.426,5.7
1731072380.922,1.11
1731072381.423,1.42
1731072381.923,0.9
1731072382.427,1.73
1731072382.928,1.1
1731072383.428,0.785
1731072383.931,1.32
1731072384.432,1.44
1731072384.935,2.53
1731072385.434,1.03
1731072385.934,1.08
1731072386.435,0.859
1731072386.939,1.2
1731072387.44,2.08
1731072387.939,0.931
1731072388.44,0.903
1731072388.94,0.784
1731072389.441,1.05
1731072389.95,8.03
1731072390.445,0.778
1731072390.981,10.4
1731072391.474,3.31
1731072391.972,1.47
1731072392.474,1.93
1731072392.974,1.23
1731072393.474,1.03
1731072393.976,1.02
1731072394.476,1.41
1731072394.976,0.912
1731072395.479,3.02
1731072395.978,0.974
1731072396.479,1.13
1731072396.979,1.03
1731072397.48,0.956
1731072397.98,0.855
1731072398.491,1.19
1731072398.991,1.26
1731072399.492,0.889
1731072399.995,1.17
1731072400.499,5.4
1731072400.996,0.814
1731072401.499,1.2
1731072402.0,1.22
1731072402.501,0.836
1731072403.003,1.12
1731072403.503,1.24
1731072404.003,1.03
1731072404.502,0.904
1731072405.008,6.41
1731072405.505,2.51
1731072406.005,1.82
1731072406.505,0.946
1731072407.005,0.846
1731072407.514,0.882
1731072408.027,1.17
1731072408.527,1.29
1731072409.027,0.818
1731072409.531,1.34
1731072410.032,1.47
1731072410.534,2.56
1731072411.034,0.882
1731072411.547,1.16
1731072412.047,1.17
1731072412.548,0.809
1731072413.051,1.28
1731072413.552,1.46
1731072414.052,0.785
1731072414.555,1.42
1731072415.055,0.911
1731072415.556,0.831
1731072416.063,4.82
1731072416.56,0.884
1731072417.061,0.922
1731072417.563,0.89
1731072418.062,1.51
1731072418.563,0.836
1731072419.067,1.16
1731072419.567,1.12
1731072420.067,0.828
1731072420.572,1.32
1731072421.072,1.68
1731072421.573,0.812
1731072422.076,1.29
1731072422.575,1.17
1731072423.076,0.864
1731072423.579,1.18
1731072424.08,1.27
1731072424.58,0.831
1731072425.083,1.25
1731072425.587,4.82
1731072426.084,0.795
1731072426.587,1.26
1731072427.087,1.13
1731072427.588,0.838
1731072428.091,1.37
1731072428.592,1.45
1731072429.093,0.75
1731072429.595,1.32
1731072430.097,0.943
1731072430.602,6.1
1731072431.097,1.3
1731072431.597,1.16
1731072432.098,1.18
1731072432.598,1.2
1731072433.1,2.09
1731072433.601,3.0
1731072434.105,1.74
1731072434.604,1.91
1731072435.11,7.19
1731072435.604,0.837
1731072436.123,1.17
1731072436.623,1.35
1731072437.125,0.79
1731072437.627,1.39
1731072438.128,1.31
1731072438.628,0.795
1731072439.131,1.27
1731072439.632,1.47
1731072440.132,0.854
1731072440.64,6.28
1731072441.137,1.8
1731072441.637,0.898
1731072442.137,0.985
1731072442.638,1.25
1731072443.139,0.899
1731072443.643,1.57
1731072444.145,1.84
1731072444.645,0.91
1731072445.147,1.29
1731072445.653,6.79
1731072446.149,0.809
1731072446.652,1.51
1731072447.152,1.52
1731072447.653,0.766
1731072448.155,1.49
1731072448.657,1.21
1731072449.157,1.07
1731072449.657,1.27
1731072450.163,5.55
1731072450.661,1.39
1731072451.16,0.874
1731072451.675,1.42
1731072452.176,1.24
1731072452.676,0.908
1731072453.18,1.3
1731072453.68,1.5
1731072454.18,1.05
1731072454.682,1.6
1731072455.182,1.4
1731072455.691,6.29
1731072456.185,1.22
1731072456.685,0.779
1731072457.211,1.84
1731072457.712,1.57
1731072458.214,1.85
1731072458.715,1.74
1731072459.216,1.18
1731072459.717,0.945
1731072460.218,1.57
1731072460.72,2.0
1731072461.222,4.01
1731072461.72,1.29
1731072462.22,1.11
1731072462.721,0.803
1731072463.227,1.06
1731072463.728,1.49
1731072464.228,0.798
1731072464.731,1.28
1731072465.232,1.42
1731072465.732,0.82
1731072466.239,5.26
1731072466.736,1.11
1731072467.236,0.882
1731072467.739,1.04
1731072468.24,1.06
1731072468.74,0.812
1731072469.242,0.867
1731072469.756,2.18
1731072470.257,2.48
1731072470.758,1.23
1731072471.257,1.65
1731072471.758,1.22
1731072472.258,1.06
1731072472.759,1.74
1731072473.26,1.01
1731072473.761,1.4
1731072474.262,1.04
1731072474.762,1.27
1731072475.264,2.13
1731072475.764,1.26
1731072476.265,1.02
1731072476.765,1.03
1731072477.265,1.07
1731072477.766,0.843
1731072478.266,1.22
1731072478.768,1.22
1731072479.268,0.832
1731072479.771,1.43
1731072480.272,1.83
1731072480.778,5.97
1731072481.273,0.843
1731072481.775,1.14
1731072482.275,0.852
1731072482.78,2.14
1731072483.281,2.24
1731072483.78,1.1
1731072484.282,1.84
1731072484.784,2.23
1731072485.286,3.65
1731072485.786,1.41
1731072486.286,1.82
1731072486.788,1.56
1731072487.289,2.63
1731072487.79,1.67
1731072488.291,1.49
1731072488.792,0.863
1731072489.307,1.48
1731072489.808,1.45
1731072490.309,0.981
1731072490.815,6.71
1731072491.312,2.03
1731072491.811,1.02
1731072492.312,0.858
1731072492.828,2.32
1731072493.329,3.06
1731072493.829,1.83
1731072494.329,1.49
1731072494.83,1.08
1731072495.331,1.03
1731072495.832,1.2
1731072496.332,1.03
1731072496.833,0.762
1731072497.339,1.12
1731072497.839,0.906
1731072498.363,1.17
1731072498.864,1.32
1731072499.364,0.786
1731072499.867,1.21
1731072500.371,1.26
1731072500.867,0.851
1731072501.371,1.29
1731072501.875,4.61
1731072502.373,0.759
1731072502.875,1.12
1731072503.377,1.46
1731072503.876,0.865
1731072504.379,1.21
1731072504.88,0.878
1731072505.38,0.796
1731072505.883,1.12
1731072506.384,1.31
1731072506.89,6.01
1731072507.385,1.05
1731072507.885,0.957
1731072508.386,0.902
1731072508.891,1.26
1731072509.392,1.16
1731072509.893,0.836
1731072510.395,1.22
1731072510.896,1.37
1731072511.398,2.34
1731072511.897,0.909
1731072512.397,0.921
1731072512.898,1.0
1731072513.398,0.867
1731072513.915,1.77
1731072514.416,1.14
1731072514.917,0.807
1731072515.418,0.944
1731072515.919,1.32
1731072516.42,1.36
1731072516.926,6.8
1731072517.422,1.16
1731072517.922,0.808
1731072518.428,1.99
1731072518.928,1.76
1731072519.429,0.877
1731072519.932,2.5
1731072520.434,2.81
1731072520.933,0.864
1731072521.435,1.83
1731072521.942,7.11
1731072522.437,0.897
1731072522.937,0.973
1731072523.438,0.8
1731072523.963,1.22
1731072524.464,1.41
1731072524.965,0.918
1731072525.464,0.868
1731072525.978,1.26
1731072526.48,1.64
1731072526.98,0.747
1731072527.483,1.29
1731072527.989,5.25
1731072528.484,0.892
1731072528.985,1.35
1731072529.485,1.02
1731072529.986,1.02
1731072530.487,1.09
1731072530.988,1.54
1731072531.489,1.31
1731072531.989,0.781
1731072532.506,1.12
1731072533.007,1.08
1731072533.513,6.28
1731072534.01,1.23
1731072534.51,1.16
1731072535.01,1.04
1731072535.511,1.01
1731072536.011,0.773
1731072536.539,1.39
1731072537.04,1.2
1731072537.541,0.966
1731072538.042,1.08
1731072538.541,0.877
1731072539.067,1.2
1731072539.568,1.19
1731072540.069,2.98
1731072540.568,0.969
1731072541.069,0.993
1731072541.57,1.12
1731072542.071,1.13
1731072542.571,1.04
1731072543.073,1.23
1731072543.572,0.741
1731072544.091,1.72
1731072544.594,1.84
1731072545.093,0.923
1731072545.6,5.94
1731072546.096,1.66
1731072546.595,0.913
1731072547.099,1.86
1731072547.6,1.5
1731072548.101,0.955
1731072548.602,1.29
1731072549.101,0.898
1731072549.602,0.874
1731072550.103,1.84
1731072550.604,0.897
1731072551.104,0.814
1731072551.611,1.8
1731072552.112,1.15
1731072552.612,0.68
1731072553.115,1.1
1731072553.616,1.31
1731072554.116,0.768
1731072554.619,1.5
1731072555.123,4.54
1731072555.621,0.615
1731072556.123,1.52
1731072556.624,1.83
1731072557.125,0.908
1731072557.626,1.32
1731072558.127,1.73
1731072558.628,0.975
1731072559.128,0.79
1731072559.642,1.46
1731072560.145,1.5
1731072560.649,6.15
1731072561.146,1.28
1731072561.647,1.64
1731072562.148,1.16
1731072562.648,0.877
1731072563.164,1.76
1731072563.664,1.32
1731072564.164,0.822
1731072564.668,1.27
1731072565.168,1.0
1731072565.672,5.11
1731072566.168,0.823
1731072566.683,1.48
1731072567.186,1.24
1731072567.685,0.885
1731072568.187,1.31
1731072568.687,1.16
1731072569.188,0.833
1731072569.691,1.12
1731072570.192,1.69
1731072570.692,0.75
1731072571.199,5.32
1731072571.696,1.19
1731072572.196,0.943
1731072572.696,0.941
1731072573.197,1.0
1731072573.697,0.818
1731072574.203,0.985
1731072574.704,1.45
1731072575.204,0.828
1731072575.707,1.26
1731072576.213,6.43
1731072576.709,0.954
1731072577.21,1.41
1731072577.71,0.858
1731072578.235,1.21
1731072578.735,1.38
1731072579.236,0.862
1731072579.739,1.19
1731072580.24,1.11
1731072580.739,0.779
1731072581.243,1.29
1731072581.747,4.6
1731072582.244,0.786
1731072582.747,1.2
1731072583.248,1.12
1731072583.748,0.858
1731072584.251,1.37
1731072584.755,3.88
1731072585.253,0.988
1731072585.754,0.897
1731072586.266,1.32
1731072586.767,1.47
1731072587.274,7.3
1731072587.768,0.913
1731072588.283,1.2
1731072588.784,1.58
1731072589.284,0.796
1731072589.786,1.16
1731072590.287,1.22
1731072590.788,0.8
1731072591.291,1.41
1731072591.792,1.36
1731072592.294,2.56
1731072592.793,1.1
1731072593.294,1.18
1731072593.795,0.792
1731072594.298,1.18
1731072594.8,1.22
1731072595.3,0.73
1731072595.803,1.21
1731072596.304,1.31
1731072596.804,0.75
1731072597.312,5.07
1731072597.807,1.03
1731072598.307,0.828
1731072598.811,1.14
1731072599.311,1.32
1731072599.812,0.835
1731072600.315,1.19
1731072600.816,1.02
1731072601.316,0.763
1731072601.819,1.24
1731072602.325,6.36
1731072602.82,0.835
1731072603.323,1.45
1731072603.824,1.46
1731072604.325,1.13
1731072604.826,0.976
1731072605.326,1.39
1731072605.827,0.825
1731072606.331,1.71
1731072606.836,4.84
1731072607.333,0.829
1731072607.835,1.46
1731072608.337,1.55
1731072608.837,0.908
1731072609.338,1.35
1731072609.838,1.05
1731072610.339,0.826
1731072610.843,1.37
1731072611.344,1.82
1731072611.85,6.18
1731072612.347,1.09
1731072612.847,1.47
1731072613.347,1.24
1731072613.848,1.09
1731072614.349,1.14
1731072614.851,1.5
1731072615.35,1.03
1731072615.852,1.24
1731072616.357,6.54
1731072616.853,0.721
1731072617.371,2.07
1731072617.873,2.39
1731072618.372,0.84
1731072618.875,1.5
1731072619.376,0.961
1731072619.876,0.88
1731072620.378,1.0
1731072620.877,0.859
1731072621.379,2.39
1731072621.886,8.17
1731072622.38,1.74
1731072622.881,1.38
1731072623.382,0.824
1731072623.9,1.75
1731072624.4,1.49
1731072624.901,0.969
1731072625.402,0.799
1731072625.915,1.49
1731072626.417,1.82
1731072626.917,0.863
1731072627.42,2.58
1731072627.928,6.15
1731072628.421,0.919
1731072628.921,1.07
1731072629.423,1.51
1731072629.923,0.882
1731072630.426,1.09
1731072630.928,1.45
1731072631.428,0.809
1731072631.931,1.35
1731072632.435,4.44
1731072632.932,0.743
1731072633.434,0.888
1731072633.936,1.43
1731072634.436,0.82
1731072634.939,1.49
1731072635.44,1.46
1731072635.94,0.769
1731072636.443,1.52
1731072636.945,1.76
1731072637.45,5.98
1731072637.946,1.1
1731072638.447,1.59
1731072638.948,1.01
1731072639.449,1.05
1731072639.949,0.854
1731072640.475,1.13
1731072640.976,0.951
1731072641.476,0.802
1731072641.979,1.47
1731072642.479,1.33
1731072642.982,2.62
1731072643.481,1.05
1731072643.981,0.748
1731072644.513,8.17
1731072645.01,3.74
1731072645.509,0.756
1731072646.01,1.23
1731072646.51,1.06
1731072647.011,1.01
1731072647.511,1.33
1731072648.012,0.814
1731072648.539,1.07
1731072649.039,1.04
1731072649.541,2.65
1731072650.045,5.99
1731072650.541,0.908
1731072651.071,5.06
1731072651.567,1.37
1731072652.068,0.811
1731072652.57,1.27
1731072653.073,1.7
1731072653.573,0.814
1731072654.075,1.19
1731072654.575,1.24
1731072655.076,0.796
1731072655.579,1.08
1731072656.085,6.66
1731072656.581,0.948
1731072657.081,1.22
1731072657.582,0.857
1731072658.107,1.23
1731072658.608,1.47
1731072659.108,0.823
1731072659.611,1.23
1731072660.112,1.63
1731072660.613,0.856
1731072661.115,1.23
1731072661.62,5.25
1731072662.116,0.931
1731072662.623,1.57
1731072663.12,1.02
1731072663.62,0.875
1731072664.123,1.63
1731072664.623,1.53
1731072665.124,0.817
1731072665.627,1.45
1731072666.128,1.16
1731072666.634,6.65
1731072667.129,1.31
1731072667.63,1.32
1731072668.13,0.902
1731072668.635,1.48
1731072669.137,1.38
1731072669.638,0.741
1731072670.139,1.49
1731072670.64,1.4
1731072671.142,2.46
1731072671.642,1.09
1731072672.141,0.861
1731072672.667,1.26
1731072673.168,1.25
1731072673.668,0.775
1731072674.172,1.24
1731072674.672,1.2
1731072675.173,0.831
1731072675.675,1.17
1731072676.176,1.16
1731072676.676,0.771
1731072677.182,4.91
1731072677.68,0.922
1731072678.181,0.789
1731072678.683,1.11
1731072679.184,1.33
1731072679.684,0.889
1731072680.185,0.884
1731072680.699,1.2
1731072681.2,1.26
1731072681.7,0.798
1731072682.203,1.23
1731072682.709,6.53
1731072683.204,0.9
1731072683.705,1.03
1731072684.206,0.894
1731072684.731,1.19
1731072685.232,1.46
1731072685.733,0.844
1731072686.235,1.13
1731072686.735,1.15
1731072687.237,0.864
1731072687.739,1.18
1731072688.242,4.4
1731072688.74,0.835
1731072689.242,1.13
1731072689.744,1.44
1731072690.244,0.834
1731072690.747,1.18
1731072691.248,1.33
1731072691.748,0.829
1731072692.251,1.33
1731072692.753,1.5
1731072693.258,5.76
1731072693.754,1.08
1731072694.255,1.5
1731072694.756,0.85
1731072695.259,1.17
1731072695.759,1.04
1731072696.26,0.815
1731072696.763,1.31
1731072697.264,1.31
1731072697.765,2.01
1731072698.266,1.97
1731072698.766,0.815
1731072699.291,1.51
1731072699.792,1.41
1731072700.292,0.814
1731072700.795,1.41
1731072701.296,1.32
1731072701.797,0.937
1731072702.297,1.11
1731072702.798,0.908
1731072703.301,2.38
1731072703.806,7.23
1731072704.301,1.07
1731072704.801,0.807
1731072705.306,0.972
1731072705.807,1.44
1731072706.308,0.825
1731072706.811,1.28
1731072707.312,1.49
1731072707.812,0.854
1731072708.315,1.29
1731072708.821,6.34
1731072709.316,0.765
1731072709.818,1.27
1731072710.32,1.21
1731072710.821,1.92
1731072711.32,0.85
1731072711.835,1.31
1731072712.336,1.27
1731072712.836,0.704
1731072713.339,1.31
1731072713.843,4.92
1731072714.339,0.798
1731072714.843,1.24
1731072715.344,1.57
1731072715.844,0.897
1731072716.345,1.46
1731072716.846,0.802
1731072717.371,1.22
1731072717.872,1.39
1731072718.373,1.03
1731072718.874,1.08
1731072719.373,1.05
1731072719.874,0.755
1731072720.379,1.32
1731072720.881,2.94
1731072721.381,2.61
1731072721.883,2.84
1731072722.383,1.37
1731072722.883,0.872
1731072723.387,1.24
1731072723.887,0.821
1731072724.411,1.74
1731072724.912,1.72
1731072725.414,2.37
1731072725.914,1.52
1731072726.416,1.94
1731072726.916,1.28
1731072727.416,1.14
1731072727.917,1.1
1731072728.417,0.912
1731072728.923,1.25
1731072729.424,1.13
1731072729.923,0.772
1731072730.431,5.11
1731072730.927,1.31
1731072731.427,0.785
1731072731.931,1.23
1731072732.431,1.22
1731072732.931,0.783
1731072733.435,1.2
1731072733.936,1.37
1731072734.436,0.844
1731072734.939,1.25
1731072735.445,6.26
1731072735.941,1.15
1731072736.441,1.24
1731072736.941,0.799
1731072737.467,1.57
1731072737.969,1.32
1731072738.469,0.864
1731072738.971,1.88
1731072739.473,1.76
1731072739.973,0.84
1731072740.474,1.2
1731072740.981,5.78
1731072741.477,0.688
1731072741.979,1.2
1731072742.48,1.03
1731072742.98,0.878
1731072743.483,1.27
1731072743.984,1.39
1731072744.484,0.956
1731072744.985,1.09
1731072745.485,0.823
1731072746.01,1.27
1731072746.512,2.14
1731072747.018,6.6
1731072747.514,1.07
1731072748.014,1.22
1731072748.515,0.982
1731072749.015,0.988
1731072749.515,0.799
1731072750.043,1.66
1731072750.545,1.87
1731072751.044,0.762
1731072751.547,1.56
1731072752.049,1.86
1731072752.55,1.81
1731072753.051,1.51
1731072753.553,1.67
1731072754.053,0.787
1731072754.555,1.91
1731072755.058,1.98
1731072755.557,1.1
1731072756.058,1.44
1731072756.559,1.77
1731072757.061,1.11
1731072757.567,7.0
1731072758.061,0.853
1731072758.591,5.46
1731072759.088,0.821
1731072759.615,5.29
1731072760.113,1.4
1731072760.611,0.77
1731072761.114,1.22
1731072761.615,1.24
1731072762.116,0.79
1731072762.619,1.18
1731072763.12,1.2
1731072763.62,0.773
1731072764.123,1.32
1731072764.623,1.52
1731072765.123,0.803
1731072765.627,1.2
1731072766.127,1.25
1731072766.627,0.808
1731072767.131,1.3
1731072767.632,1.39
1731072768.133,0.86
1731072768.636,2.63
1731072769.141,6.41
1731072769.636,0.749
1731072770.138,1.22
1731072770.639,1.42
1731072771.14,0.702
1731072771.642,1.2
1731072772.144,1.37
1731072772.644,0.847
1731072773.147,1.18
1731072773.648,1.31
1731072774.153,6.37
1731072774.65,1.12
1731072775.15,1.2
1731072775.65,0.85
1731072776.155,1.22
1731072776.656,1.33
1731072777.156,0.708
