timestamp,variable1,variable2,variable3,variable4,variable5,variable6
0,0.2933583527145738,-0.2222821772764618,-1.2178304661505068,-0.2804285533003183,0.5343855676497182,0.5790598373661312
1,0.0988663808094691,-0.372363982360936,-1.2315501117601209,-0.0341271424877033,0.4138479985706479,0.3277090840770063
2,0.3350352038370963,-0.0826711958025324,-1.130177174755752,0.0958652687745101,0.527080260432805,0.3556369455535758
3,0.0224588204181781,-0.2711460207923371,-1.224690288955314,-0.0101811719920323,0.4978590315651516,0.3102541706541504
4,0.1440163028588683,-0.4840527675400795,-1.2144005547481036,-0.0649148188392801,0.391932076919908,0.3800738243455738
5,0.0710818133944541,-0.46311112031899,-1.2025864154731585,-0.4583129055538736,0.6658810975541586,0.25090746501644
6,0.0953933098825923,-0.8435510448354476,-1.0272798326836483,-0.1059650539747159,0.3006157367084911,0.2648713957547248
7,0.1127586645169766,-0.8819440647407784,-1.1873423647958097,-0.2256949064530706,0.5453435284750883,0.5406590278358481
8,-0.286644492073863,-0.6760178670667323,-1.0310908453529857,-0.4035792587066257,0.4759431099144113,0.2090156728015862
9,0.5746770977915999,-1.0006133989936183,-1.0501459086996714,0.2703287681001123,0.5124696459989783,0.5127311663592786
10,-0.3873635489532921,-0.7388428087300006,-1.2845231878639076,-0.4822588760495444,0.3773214624860813,0.2439254996472978
11,0.262100714372682,-0.9901425753830736,-1.149232238102438,0.2532245034603474,0.5161222996074349,0.4708393741444247
12,0.2829391399339431,-0.7667650050247865,-1.0539569213690083,0.1129695334142749,0.391932076919908,0.5127311663592786
13,0.3280890619833423,-1.1088119096359137,-1.03871287069166,-0.0272854366317974,0.6439651759034184,0.5511319758895618
14,0.5538386722303389,-0.9447690064040464,-0.8595952752328129,0.0342899160713564,0.581870064559655,0.5790598373661312
15,-0.1199370875837734,-0.8714732411302335,-1.2913830106687143,0.0069230926477325,0.6549231367287885,0.5336770624667059
16,0.3211429201295888,-1.1681465767623336,-1.088256035393043,0.3797960617946079,0.548996182083545,0.5581139412587043
17,0.0815010261750848,-1.1681465767623336,-1.0996890734010547,0.1916491507571938,0.6183966006442219,0.477821339513567
18,0.1370701610051147,-1.1681465767623336,-1.1568542634411123,0.0719192982788391,0.424805959396018,0.5441500105204196
19,0.2065315795426521,-1.157675753151789,-0.798619072523418,0.3490083854430311,0.5161222996074349,0.3381820321307196
20,-0.099098662022512,4.8979505682798985,5.760133731405857,0.2874330327398772,0.1654675531955941,0.4917852702518517
21,5.02020788419399,4.967756059016865,5.760133731405857,4.371931428715742,5.019844198834515,5.445489699658356
22,5.054938593462758,4.828145077542934,5.8363539847926,4.474557016554332,5.092897271003649,5.270940565429798
23,5.2633228490753705,5.002658804385346,5.798243858099228,4.7824337800701,5.129423807088216,5.236030738584087
24,5.02020788419399,4.8979505682798985,5.760133731405857,4.67980819223151,4.910264590580815,5.096391431201239
25,4.916015756387684,4.863047822911417,5.722023604712485,4.611391133672451,5.129423807088216,5.30585039227551
26,5.054938593462758,5.002658804385346,5.912574238179344,4.508765545833861,5.056370734919082,5.375670045966934
27,5.02020788419399,4.967756059016865,5.6839134780191145,4.474557016554332,5.092897271003649,5.340760219121222
28,5.436976395419214,4.828145077542934,5.722023604712485,4.7824337800701,5.129423807088216,5.515309353349782
29,4.985477174925221,5.002658804385346,5.760133731405857,4.816642309349631,5.348583023595616,5.131301258046951
30,5.159130721269064,4.793242332174453,5.798243858099228,4.67980819223151,4.946791126665382,5.201120911738374
31,4.950746465656452,4.967756059016865,5.60769322463237,4.508765545833861,4.910264590580815,5.096391431201239
32,5.332784267612908,5.281880767333205,5.798243858099228,4.714016721511041,4.8372115184116815,5.026571777509815
33,6.096859871525818,5.438943121491375,5.8363539847926,4.67980819223151,4.910264590580815,6.283325543955441
34,5.402245686150445,5.596005475649546,6.217455251726318,4.816642309349631,5.165950343172781,5.620038833886916
35,5.680091360300595,5.700713711754992,6.065014744952832,5.021893485026809,5.165950343172781,5.864407621806899
36,5.7148220695693634,6.014838420071336,6.636666645353407,5.694775255955162,5.531215704018449,6.2484157171097285
37,7.034589021782572,6.36386587375616,6.712886898740151,6.367314941590719,7.430595580415922,7.0862515614068124
38,6.548359092019811,6.712893327440983,7.208318545753984,7.040196712519071,6.2982729617943525,7.016431907715388
39,6.478897673482274,6.39876861912464,7.132098292367239,5.979732304853646,6.480905642217186,6.737153292949695
40,6.756743347632424,6.712893327440983,7.627529939381072,6.16787921589106,6.919224075231985,7.2258908687896595
41,7.069319731051341,6.957212545020358,7.894300826234674,6.356026126928474,7.174909827823954,7.2258908687896595
42,8.111241009114401,8.353322359759652,8.389732473248506,6.595485831885183,8.78207741554489,7.993907059395319
43,7.520818951545334,7.794878433863934,8.42784259994188,8.237495237302616,7.357542508246787,7.365530176172506
44,7.416626823739028,6.119546656176782,8.122961586394904,6.834945536841892,6.955750611316553,7.435349829863931
45,6.096859871525818,6.049741165439816,7.856190699541303,6.595485831885183,6.809644466978286,7.435349829863931
46,6.513628382751042,6.154449401545264,7.894300826234674,6.458651714767064,8.015020157768987,8.063726713086742
47,6.131590580794588,6.084643910808299,7.779970446154559,7.27965641747578,7.211436363908521,6.004046929189746
48,5.992667743719512,6.119546656176782,8.008631206314789,6.561277302605653,7.211436363908521,6.178596063418305
49,6.131590580794588,5.840324693228924,8.313512219861764,6.390234656208003,7.211436363908521,5.969137102344034
50,6.096859871525818,6.049741165439816,8.580283106715365,6.527068773326124,7.247962899993088,6.353145197646864
51,-0.627005442907796,-0.8819440647407784,-1.2951940233380517,6.595485831885183,-0.4664415210674106,0.2404345169627267
52,-0.0747871655343742,-0.7179011615089111,-1.0166089972095045,0.2737496210280652,0.1398989779363972,0.3696008762918605
53,-0.3526328396845234,-0.7999226131248447,-0.7376428698140232,0.6089932079674579,0.3663635016607112,0.5616049239432753
54,0.3176698492027117,-0.8819440647407784,-0.9205714779422076,0.6260974726072228,0.4686378026974981,0.5825508200507024
55,0.1995854376888982,-0.2432238244975512,-0.6271235024032451,0.4482131203536677,0.3006157367084911,0.6453885083729838
56,0.0537164587600698,-0.4002861786557217,-0.3908407169043403,0.3951898999703963,0.2385206253647276,0.6349155603192701
57,0.289885281787697,-0.7458233578036971,-0.5242261603311414,0.342166679587125,0.527080260432805,0.5825508200507024
58,-0.1928715770481876,-0.8260996721512065,-0.3108094508482597,0.3011164444516891,0.1983414356717041,0.2229796035398709
59,0.2933583527145738,-0.906375986498716,-0.2193451467841676,0.4037420322902789,0.2969630831000345,0.3172361360232926
60,-0.0886794492418816,-0.1559669610763453,-0.6385565404112568,0.0206065043595445,0.1946887820632475,0.0065386770964576
61,0.0919202389557155,-0.4247181004136595,-0.01355046263996,0.1608614744056169,0.2129520501055308,0.2543984477010115
62,-0.0747871655343742,-0.3967959041188735,-0.3489195775416315,0.3011164444516891,0.3334896191846011,0.1706148632713031
63,-0.2206561444632025,-0.5782901800349818,-0.1812350200907958,0.3558500912989369,0.4101953449621913,-0.0877178553869643
64,0.1683277993470065,-0.75978445595109,-0.0402275513253204,0.4071628852182318,0.4540271882636714,0.3032722052850079
65,-0.5853285917852735,-0.4596208457821418,-0.5852023630405363,0.0958652687745101,0.0814565202010907,-0.0772449073332507
66,0.0502433878331931,-0.7807261031721795,-0.1126367920427267,-0.2154323476692116,0.2056467428886176,-0.1051727688098201
67,-0.5783824499315198,-0.6009769645244953,-0.516604134992467,0.9237116773391326,0.1435516315448542,-0.0877178553869643
68,-0.4186211872951839,-0.4212278258768112,-0.139313880728087,-0.2599034357326004,0.1691202068040507,-0.2273571627698115
69,-0.3491597687576465,-0.7807261031721795,0.0436147274000973,0.0479733277831684,0.030319369682697,-0.007425253641827
70,-0.4915556767595981,-0.5538582582770443,-0.470871982960421,0.109548680486322,0.3481002336184278,-0.3320866433069468
